SKU,Nombre,"Descripción corta",Descripción,Categorías,Etiquetas,Imágenes,Marcas,"Meta: product_adjustment_hide_addtocart_catalog","Meta: product_adjustment_hide_addtocart_catalog_shop","Meta: product_adjustment_hide_addtocart_catalog_product","Meta: product_adjustment_hide_addtocart_placeholder_catalog","Meta: product_adjustment_customize_addtocart_catalog","Meta: product_adjustment_customize_addtocart_prod_btn_text_catalog","Meta: product_adjustment_customize_addtocart_shop_btn_text_catalog","Meta: product_adjustment_customize_addtocart_btn_url_catalog","Meta: product_adjustment_hide_price_catalog","Meta: product_adjustment_hide_price_placeholder_catalog","Meta: product_adjustment_exclude_admin_catalog","Meta: site-sidebar-layout","Meta: site-content-layout","Meta: theme-transparent-header-meta","Meta: ast-site-content-layout","Meta: site-content-style","Meta: site-sidebar-style","Meta: astra-migrate-meta-layouts"
,"ACETAZOLAMIDA 250 mg","<strong>COMPRIMIDOS</strong>\n<h4 class=""subtitulo2"">Tratamiento del glaucoma</h4>","<p style=""font-weight: 300;"">FORMA FARMACÉUTICA Y FORMULACIÓN:</p>\n\n<table style=""font-weight: 400;"">\n<tbody>\n<tr>\n<td colspan=""2"">\n<p style=""font-weight: 300;"">Cada comprimido contiene:</p>\n</td>\n</tr>\n<tr>\n<td>\n<p style=""font-weight: 300;"">Acetazolamida</p>\n</td>\n<td>\n<p style=""font-weight: 300;"">250 mg</p>\n</td>\n</tr>\n<tr>\n<td>\n<p style=""font-weight: 300;"">Excipientes</p>\n</td>\n<td>\n<p style=""font-weight: 300;"">c.s.</p>\n</td>\n</tr>\n</tbody>\n</table>\n<p style=""font-weight: 300;"">DESCRIPCIÓN:</p>\n<p style=""font-weight: 300;"">Antiglucoma.</p>\n<p style=""font-weight: 300;"">INDICACIONES TERAPÉUTICAS:</p>\n<p style=""font-weight: 300;"">Para el tratamiento del glaucoma en pacientes cuya presión intraocular no puede ser convenientemente controlada con el uso de drogas mióticas.\nTambién está indicado como profilaxis del mal de altura, en la cual debe administrarse el medicamento 24 a 48 horas antes del ascenso.</p>\n<p style=""font-weight: 300;"">CONTRAINDICACIONES:</p>\n<p style=""font-weight: 300;"">Hipersensibilidad al medicamento.</p>\n<p style=""font-weight: 300;"">PRECAUCIONES GENERALES:</p>\n<p style=""font-weight: 300;"">Debe emplearse con mucho cuidado en casos de hiponatremia, hipokalemia, enfermedad de Addison, insuficiencia renal y/o hepática, primer trimestre del embarazo, acidosis respiratoria y/o hiperclorémica.\nEste medicamento puede causar la pérdida de potasio en el organismo, lo cual se evita ingiriendo alimentos o bebidas que tengan un elevado contenido de potasio (zumo de naranja ú otros cítricos), banana, etc.</p>\n<p style=""font-weight: 300;"">REACCIONES SECUNDARIAS Y ADVERSAS:</p>\n<p style=""font-weight: 300;"">Podría presentar hipopotasemia, acidosis metabólica, somnolencia, diarrea, pérdida del apetito, náuseas, vómitos, cálculos renales.</p>\n<p style=""font-weight: 300;"">INTERACCIONES MEDICAMENTOSAS Y DE OTRO GÉNERO:</p>\n<p style=""font-weight: 300;"">Corticosteroides, anfoterecina B, ciprofloxacina, antimuscarínicos, quinidina, barbitúricos, anticonvulsivantes, hidantoína, digitálicos, bloqueantes neuromusculares no despolarizantes, salicilatos, otros diuréticos.</p>\n<p style=""font-weight: 300;"">DOSIS Y VÍA DE ADMINISTRACIÓN:</p>\n<p style=""font-weight: 300;""><b><strong>Dosis Adultos</strong></b>: Un comprimido dos a cuatro veces al día.\n<b><strong>Dosis Pediátrica</strong></b>: Según prescripción del médico.</p>\n<p style=""font-weight: 300;"">PRESENTACIONES:</p>\n<p style=""font-weight: 300;"">Caja por 100 comprimidos.</p>\n<p style=""font-weight: 300;"">REGISTRO SANITARIO:</p>\n<p style=""font-weight: 300;"">NN-23881/2012</p>\n&nbsp;\n<blockquote>\n<h2><span style=""color: #ff6600;""><a style=""color: #ff6600;"" href=""https://laboratoriosdelta.net/wp-content/uploads/2023/03/acetazolamida-250mg-comp.pdf"">Descargar PDF</a></span></h2>\n</blockquote>","Delta > Comprimidos\, Cápsulas\, Sobres\, Tabletas",,https://laboratoriosdelta.net/wp-content/uploads/2022/03/Acetazolamida-comprimidos-copia-web.jpg,,no,yes,yes,,no,,,,no,,no,default,default,default,default,default,default,set
,"AZITROMICINA 500mg","<h4><strong>COMPRIMIDOS</strong></h4>\n<h4 class=""subtitulo2"">Antibiótico macrólido</h4>","<h6 class=""subtitulo""><a name=""formula""></a>FORMA FARMACÉUTICA Y FORMULACIÓN:</h6>\n<p class=""subtitulo2"">Cada comprimido contiene:\nAzitromicina 500 mg (equivalente a 524 mg de Azitromicina dihidrato)\nExcipientes c.s.</p>\n\n<h6></h6>\n<h6 class=""subtitulo""><a name=""descripcion""></a>DESCRIPCIÓN:</h6>\n<p class=""subtitulo2"">Antibacteriano para uso sistémico.</p>\n&nbsp;\n<h6 class=""subtitulo""><a name=""indicaciones""></a>INDICACIONES TERAPÉUTICAS:</h6>\n<p class=""subtitulo2"">Para el tratamiento de infecciones de las vías respiratorias altas: otitis medias, sinusitis, faringitis; infecciones de las vías respiratorias bajas: bronquitis, neumonía, infecciones de la piel y tejidos blandos é infecciones uretrales.</p>\n&nbsp;\n<h6 class=""subtitulo""><a name=""contraindicaciones""></a>CONTRAINDICACIONES:</h6>\n<p class=""subtitulo2"">El uso de este producto está contraindicado en pacientes con antecedentes de reacciones alérgicas a la azitromicina o a cualquier antibiótico del grupo de los macrólidos y en casos de insuficiencia hepática grave.</p>\n&nbsp;\n<h6 class=""subtitulo""><a name=""precauciones""></a>PRECAUCIONES GENERALES:</h6>\n<p class=""subtitulo2"">Debido a que azitromicina se elimina principalmente por el hígado, se deberá tener precaución al administrarse a pacientes con disfunción hepática. De igual manera, se deberá administrar con precaución en pacientes con insuficiencia renal. Pacientes tratados con derivados de la Ergotamina, durante el embarazo y la lactancia.\nAzitromicina puede enmascarar o retardar la aparición de los síntomas de gonorrea y sífilis, por lo que se recomienda realizar pruebas de sensibilidad antes de iniciar el tratamiento.</p>\n&nbsp;\n<h6 class=""subtitulo""><a name=""reacciones""></a>REACCIONES SECUNDARIAS Y ADVERSAS:</h6>\n<p class=""subtitulo2"">Podría presentar molestias gástricas como ser diarreas, heces fecales blandas, trastornos abdominales (dolor abdominal, cólicos náuseas, vómitos, flatulencia) ocasionalmente elevaciones reversibles de las transaminasas, reducción leve de neutrófilos.</p>\n&nbsp;\n<h6 class=""subtitulo""><a name=""dosis""></a>DOSIS Y VÍA DE ADMINISTRACIÓN:</h6>\n<p class=""subtitulo2""><b>Adultos</b>: Un comprimido al día durante tres días consecutivos.\n<b>Pediátrica</b>: Según prescripción del médico.</p>\n&nbsp;\n<h6 class=""subtitulo""><a name=""presentaciones""></a>PRESENTACIONES:</h6>\n<p class=""subtitulo2"">Caja por 10 comprimidos.</p>\n&nbsp;\n<h6 class=""subtitulo""><a name=""ippa""></a>REGISTRO SANITARIO:</h6>\n<p class=""subtitulo2"">NN-41587/2010</p>","Delta > Comprimidos\, Cápsulas\, Sobres\, Tabletas",,,,no,yes,yes,,no,,,,no,,no,default,default,default,,,,
,"AMPICILINA 500mg","<h4><strong>CÁPSULAS</strong></h4>\n<h4 class=""subtitulo2"">Antibiótico bactericida de amplio espectro</h4>","<h6 class=""subtitulo""><a name=""formula""></a>FORMA FARMACÉUTICA Y FORMULACIÓN:</h6>\n<p class=""subtitulo2"">Cada cápsula contiene:\nAmpicilina base 500 mg</p>\n&nbsp;\n<h6 class=""subtitulo""><a name=""descripcion""></a>DESCRIPCIÓN:</h6>\n<p class=""subtitulo2"">Antiinfeccioso para uso sistémico.</p>\n&nbsp;\n<h6 class=""subtitulo""><a name=""indicaciones""></a>INDICACIONES TERAPÉUTICAS:</h6>\n<p class=""subtitulo2"">Está indicado para el tratamiento de: infecciones del tracto respiratorio: bronquitis agudas, neumonía, amigdalitis, faringitis.\nInfecciones del tracto urinario: pielitis, pielonefritis, cistitis, prostatitis.\nInfecciones del tracto digestivo producidas por cepas sensibles de shigella y salmonella.\nOtras infecciones como ser: otitis, sinusitis, meningitis.</p>\n&nbsp;\n<h6 class=""subtitulo""><a name=""contraindicaciones""></a>CONTRAINDICACIONES:</h6>\n<p class=""subtitulo2"">No se debe administrar a pacientes sensibles a cualesquiera de las penicilinas.</p>\n&nbsp;\n<h6 class=""subtitulo""><a name=""precauciones""></a>PRECAUCIONES GENERALES:</h6>\n<p class=""subtitulo2"">En pacientes con historia de alergias en general, colitis ulcerativa, enteritis regional, colitis asociada a antibióticos, mononucleosis infecciosa, durante el embarazo y la lactancia, insuficiencia renal y no utilizar en infecciones severas.</p>\n&nbsp;\n<h6 class=""subtitulo""><a name=""reacciones""></a>REACCIONES SECUNDARIAS Y ADVERSAS:</h6>\n<p class=""subtitulo2"">Podría presentar: náuseas, vómitos, dolor abdominal y reacciones de hipersensibilidad.</p>\n&nbsp;\n<h6 class=""subtitulo""><a name=""interacciones""></a>INTERACCIONES MEDICAMENTOSAS Y DE OTRO GENERO:</h6>\n<p class=""subtitulo2"">Alopurinol, antibióticos bacteriostáticos, anticoagulantes orales.</p>\n&nbsp;\n<h6 class=""subtitulo""><a name=""dosis""></a>DOSIS Y VÍA DE ADMINISTRACIÓN:</h6>\n<p class=""subtitulo2""><b>Adultos</b>: Una cápsula cada seis horas.\n<b>Pediátrica</b>: Según prescripción del médico.</p>\n&nbsp;\n<h6 class=""subtitulo""><a name=""presentaciones""></a>PRESENTACIONES:</h6>\n<p class=""subtitulo2"">Caja por 500 cápsulas.</p>\n&nbsp;\n<h6 class=""subtitulo""><a name=""ippa""></a>REGISTRO SANITARIO:</h6>\n<p class=""subtitulo2"">NN-21805/2012</p>","Delta > Comprimidos\, Cápsulas\, Sobres\, Tabletas",,https://laboratoriosdelta.net/wp-content/uploads/2022/03/Ampicilina-500-mg-capsulas-small.jpg,,no,yes,yes,,no,,,,no,,no,default,default,default,,,,
,"AMOXICILINA 500mg","<h4 style=""font-weight: 300;""><b><strong>COMPRIMIDOS</strong></b></h4>\n<h4 style=""font-weight: 300;"">Antibiótico bactericida de amplio espectro</h4>","<h6 style=""font-weight: 300;"">FORMA FARMACÉUTICA Y FORMULACIÓN:</h6>\n<table style=""font-weight: 400;"">\n<tbody>\n<tr>\n<td colspan=""2"">\n<p style=""font-weight: 300;"">Cada comprimido contiene:</p>\n</td>\n</tr>\n<tr>\n<td>\n<p style=""font-weight: 300;"">Amoxicilina base</p>\n</td>\n<td>\n<p style=""font-weight: 300;"">500 mg</p>\n</td>\n</tr>\n<tr>\n<td>\n<p style=""font-weight: 300;"">Excipientes</p>\n</td>\n<td>\n<p style=""font-weight: 300;"">c.s.</p>\n</td>\n</tr>\n</tbody>\n</table>\n<p style=""font-weight: 300;""></p>\n\n<h6 style=""font-weight: 300;"">DESCRIPCIÓN:</h6>\n<p style=""font-weight: 300;"">Antiinfeccioso para uso sistémico.</p>\n\n<h6 style=""font-weight: 300;"">INDICACIONES TERAPÉUTICAS:</h6>\n<p style=""font-weight: 300;"">Para el tratamiento de infecciones del tracto genitourinario, digestivo, otitis media aguda, faringitis o sinusitis bacteriana, bronquitis, infecciones de la piel o tejidos blandos.</p>\n\n<h6 style=""font-weight: 300;"">CONTRAINDICACIONES:</h6>\n<p style=""font-weight: 300;"">Hipersensibilidad a los betalactámicos.</p>\n\n<h6 style=""font-weight: 300;"">PRECAUCIONES GENERALES:</h6>\n<p style=""font-weight: 300;"">En pacientes con historia de alergias en general, colitis ulcerativa, enteritis regional, colitis asociada a antibióticos, mononucleosis infecciosa, durante el embarazo y la lactancia, insuficiencia renal y no utilizar en infecciones severas.</p>\n\n<h6 style=""font-weight: 300;"">REACCIONES SECUNDARIAS Y ADVERSAS:</h6>\n<p style=""font-weight: 300;"">Podría presentar náuseas, vómitos, dolor abdominal y reacciones de hipersensibilidad.</p>\n\n<h6 style=""font-weight: 300;"">INTERACCIONES MEDICAMENTOSAS Y DE OTRO GENERO:</h6>\n<p style=""font-weight: 300;"">Alopurinol, antibióticos bacteriostáticos.</p>\n\n<h6 style=""font-weight: 300;"">DOSIS Y VÍA DE ADMINISTRACIÓN:</h6>\n<p style=""font-weight: 300;""><strong>Adultos</strong>: Un comprimido cada ocho horas.\n<strong>Pediátrica</strong>: Según prescripción del médico.</p>\n\n<h6 style=""font-weight: 300;"">PRESENTACIONES:</h6>\n<p style=""font-weight: 300;"">Caja por 500 comprimidos.</p>\n\n<h6 style=""font-weight: 300;"">REGISTRO SANITARIO:</h6>\n<p style=""font-weight: 300;"">NN-28296/2014</p>","Delta > Comprimidos\, Cápsulas\, Sobres\, Tabletas",,https://laboratoriosdelta.net/wp-content/uploads/2022/03/Amoxicilina-500-mg-comprimidos-small.png,,no,yes,yes,,no,,,,no,,no,default,default,default,,,,
,"ACICLOVIR 400mg","<p style=""font-weight: 400;""><b><strong>COMPRIMIDOS</strong></b></p>\n\n<h4 style=""font-weight: 300;"">Antiviral específico</h4>","<h6 style=""font-weight: 300;"">FORMA FARMACÉUTICA Y FORMULACIÓN:</h6>\n<table style=""font-weight: 400;"">\n<tbody>\n<tr>\n<td colspan=""2"">\n<p style=""font-weight: 300;"">Cada comprimido contiene:</p>\n</td>\n</tr>\n<tr>\n<td>\n<p style=""font-weight: 300;"">Aciclovir</p>\n</td>\n<td>\n<p style=""font-weight: 300;"">200 mg</p>\n</td>\n</tr>\n<tr>\n<td>\n<p style=""font-weight: 300;"">Aciclovir</p>\n</td>\n<td>\n<p style=""font-weight: 300;"">400 mg</p>\n</td>\n</tr>\n<tr>\n<td>\n<p style=""font-weight: 300;"">Aciclovir</p>\n</td>\n<td>\n<p style=""font-weight: 300;"">800 mg</p>\n</td>\n</tr>\n<tr>\n<td>\n<p style=""font-weight: 300;"">Excipientes</p>\n</td>\n<td>\n<p style=""font-weight: 300;"">c.s.</p>\n</td>\n</tr>\n</tbody>\n</table>\n<h6 style=""font-weight: 300;"">DESCRIPCIÓN:</h6>\n<p style=""font-weight: 300;"">Antiviral para uso sistémico.</p>\n\n<h6 style=""font-weight: 300;"">INDICACIONES TERAPÉUTICAS:</h6>\n<p style=""font-weight: 300;""><b><strong>Aciclovir 200 mg</strong></b>:\nAciclovir está indicado en el tratamiento de infecciones producidas por el virus Herpes muco cutáneo: Herpes simple labial o Herpes genital o Herpes zoster.\n<b><strong>Aciclovir 400 y 800 mg</strong></b>:\nPara el tratamiento y profilaxis de infecciones iniciales y recurrentes provocadas por el virus del herpes simple en labios, piel y zona genital, para el tratamiento de infecciones provocadas por herpes zoster y para el tratamiento de infecciones por varicela zoster.</p>\n\n<h6 style=""font-weight: 300;"">CONTRAINDICACIONES:</h6>\n<p style=""font-weight: 300;"">Hipersensibilidad al medicamento.</p>\n\n<h6 style=""font-weight: 300;"">PRECAUCIONES GENERALES:</h6>\n<p style=""font-weight: 300;"">Durante el embarazo y en casos de deshidratación.</p>\n\n<h6 style=""font-weight: 300;"">REACCIONES SECUNDARIAS Y ADVERSAS:</h6>\n<p style=""font-weight: 300;"">Podría presentar náuseas, vómitos, diaforesis, reacciones de hipersensibilidad, neurotixicidad, cefalea, dolor abdominal.</p>\n\n<h6 style=""font-weight: 300;"">DOSIS Y VÍA DE ADMINISTRACIÓN:</h6>\n<p style=""font-weight: 300;""><b><strong>Aciclovir 200 mg</strong></b>:\n<i><em>Adultos y niños mayores de 12 años</em></i>: Un comprimido cinco veces al día. En procesos agudos seguir el tratamiento durante diez días.\n<b><strong>Aciclovir 400 mg</strong></b>:\n<i><em>Adultos y adolescentes</em></i>:\nHerpes simple mucocutáneo:\nTratamiento: 200 mg a 400 mg cinco veces al día durante 10 dias.\nHerpes simple mucocutáneio:\nProfilaxis: 400 mg cada doce horas.\nHerpes zoster simple: 800 mg cada cuatro horas (despierto) cinco veces al día durante 7 a 10 días.\nHerpes genital:\nEpisodio inicial: 200 mg cada cuatro horas (despierto), cinco veces al día, durante 10 días.\nTratamiento para infecciones crónicas recurrentes (mayor a 6 episodios por año): 400 mg dos veces al día ó 200 mg tres a cinco veces al día durante 12 meses.\nVaricela zoster: 800 mg cuatro veces al día, durante 5 días ó según la evolución de la patología y criterio médico.\n<b><strong>Aciclovir 800 mg</strong></b>:\n<i><em>Adultos y adolescentes</em></i>: 800 mg dos veces al día o tres veces al día en pacientes inmunocomprometidos durante 7 a 10 días.\nVaricela zoster: 800 mg cuatro veces al día, durante 5 días ó según la evolución de la patología y criterio médico.\n<i><em>Niños mayores de 2 años</em></i>: 800 mg al día durante 10 días.</p>\n\n<h6 style=""font-weight: 300;"">PRESENTACIONES:</h6>\n<p style=""font-weight: 300;"">Caja por 50 comprimidos.</p>\n\n<h6 style=""font-weight: 300;"">REGISTRO SANITARIO:</h6>\n<p style=""font-weight: 300;"">NN-51656/2014</p>\n\n<h2></h2>","Delta > Comprimidos\, Cápsulas\, Sobres\, Tabletas",,https://laboratoriosdelta.net/wp-content/uploads/2022/03/Aciclovir-400-mg.jpg,,no,yes,yes,,no,,,,no,,no,default,default,default,,,,
,"BICARBONATO DE SODIO 20mg","<h4 class=""subtitulo2""><strong>Polvo</strong></h4>","<h6 class=""subtitulo""><a name=""principio""></a>PRINCIPIO ACTIVO</h6>\nBicarbonato de sodio     20 g\n\nExcipientes                      c.s.\n\n&nbsp;\n<h6 class=""subtitulo""><a name=""accion terapeutica""></a>ACCIÓN TERAPÉUTICA</h6>\nAntiácido\n\n&nbsp;\n<h6 class=""subtitulo""><a name=""lugar y mecanismo""></a>LUGAR Y MECANISMO DE ACCION</h6>\nReacciona químicamente para neutralizar o tamponar las cantidades de ácido existentes en el estómago, pero no tiene un efecto directo en su producción. Esta acción da lugar a que aumente el pH del contenido gástrico, proporcionando de este modo alivio de los síntomas de hiperacidéz.\n\n&nbsp;\n<h6 class=""subtitlo""><a name=""propiedades farmacodinamicas""></a>PROPIEDADES FARMACODINÁMICAS Y FARMACOCINETICAS</h6>\nLa vía de eliminación del bicarbonato de sodio es renal, el CO2 formado se elimina a través de los pulmones.\n\n&nbsp;\n<h6 class=""subtitulo""><a name=""dosis recomendada""></a>DOSIS RECOMENDADA</h6>\nDos gramos de bicarbonato de sodio disuelto en un vaso de agua. Repetir la dosis hasta cuatro veces al día.\n\n&nbsp;\n<h6 class=""subtitulo""><a name=""indicaciones""></a>INDICACIONES</h6>\nBicarbonato de sodio por vía oral está indicado para proporcionar el alivio sintomático de las molestias estomacales asociadas con la hiperacidéz.\n\n&nbsp;\n<h6 class=""subtitulo""><a name=""uso en embarazo""></a>USO EN EMBARAZO Y LACTANCIA</h6>\n<strong>Embarazo:</strong>\n\nNo se han descrito problemas en humanos; sin embargo, debe considerarse la relación riesgo-beneficio, ya que el bicarbonato sódico se absorbe sistemáticamente. El uso crónico puede dar lugar a alcalosis sistémica. La cantidad de sodio que se absorbe también puede causar edema y aumento de peso.\n\n<strong>Lactancia:</strong>\n\nNo se han descrito problemas en humanos.\n\n&nbsp;\n<h6 class=""subtitulo""><a name=""contraindicaciones""></a>CONTRAINDICACIONES</h6>\nHipersensibilidad al medicamento.\n\n&nbsp;\n<h6 class=""subtitulo""><a name=""precauciones""></a>PRECAUCIONES</h6>\nEl uso crónico puede dar lugar a alcalosis sistémica.\n\nLa carga de sodio que se absorbe también puede producir edema y aumento de peso. Mucho cuidado en pacientes con insuficiencia renal, hipertensión arterial o falla cardíaca.\n\n&nbsp;\n<h6 class=""subtitulo""><a name=""efectos adversos""></a>EFECTOS ADVERSOS</h6>\nEl uso a largo plazo puede producir: dolor de cabeza continuo, pérdida del apetito, náuseas o vómitos, cansancio o debilidad no habituales y puede producir alcalosis metabólica.\n\n&nbsp;\n<h6 class=""subtitulo""><a name=""interacciones medicamentosas""></a>INTERACCIONES  MEDICAMENTOSAS E INCOMPATIBILIDADES</h6>\nLas asociaciones con cualesquiera de los siguientes medicamentos, depende de la cantidad presente para que pueda interaccionar con esta medicación: Corticosteroides, benzodiazepinas, ranitidina, calcio, efedrina ketoconazol, levodopa, salicilatos.\n\n&nbsp;\n<h6 class=""subtitulo""><a name=""intoxicacion sintomas""></a>INTOXICACIÓN, SINTOMAS, TRATAMIENTO DE URGENCIA Y ANTIDOTO</h6>\nEl tratamiento recomendado para la alcalosis en la sobredosis con bicarbonato de sodio consiste en lo siguiente:\n\nReinspiración del aire expirado en una bolsa de papel o mascarilla.\n\nAdministración parenteral de gluconato cálcico en los casos de alcalosis severa.\n\n&nbsp;\n<h6 class=""subtitulo""><a name=""presentacion""></a>PRESENTACIÓN</h6>\nCaja de 20 sobres cada sobre de 20 gr.","Delta > Comprimidos\, Cápsulas\, Sobres\, Tabletas",,,,no,yes,yes,,no,,,,no,,no,default,default,default,,,,
,"AMPIMIL 1g","<p style=""font-weight: 300;"">COMPRIMIDOS</p>\n<p style=""font-weight: 300;"">Antibiótico bactericida de amplio espectro</p>","<p style=""font-weight: 300;"">FORMA FARMACÉUTICA Y FORMULACIÓN:</p>\n\n<table style=""font-weight: 400;"">\n<tbody>\n<tr>\n<td colspan=""2"">\n<p style=""font-weight: 300;"">Cada comprimido contiene:</p>\n</td>\n</tr>\n<tr>\n<td>\n<p style=""font-weight: 300;"">Ampicilina base</p>\n</td>\n<td>\n<p style=""font-weight: 300;"">1000 mg</p>\n</td>\n</tr>\n<tr>\n<td>\n<p style=""font-weight: 300;"">Excipientes</p>\n</td>\n<td>\n<p style=""font-weight: 300;"">c.s.</p>\n</td>\n</tr>\n</tbody>\n</table>\n<p style=""font-weight: 300;"">DESCRIPCIÓN:</p>\n<p style=""font-weight: 300;"">Antiinfeccioso para uso sistémico.</p>\n<p style=""font-weight: 300;"">INDICACIONES TERAPÉUTICAS:</p>\n<p style=""font-weight: 300;"">Está indicado para el tratamiento de: infecciones del tracto respiratorio: bronquitis agudas, neumonía, amigdalitis, faringitis.\nInfecciones del tracto urinario: pielitis, pielonefritis, cistitis, prostatitis.\nInfecciones del tracto digestivo producidas por cepas sensibles de shigella y salmonella.\nOtras infecciones como ser: otitis, sinusitis, meningitis.</p>\n<p style=""font-weight: 300;"">CONTRAINDICACIONES:</p>\n<p style=""font-weight: 300;"">No se debe administrar a pacientes sensibles a cualesquiera de las penicilinas.</p>\n<p style=""font-weight: 300;"">PRECAUCIONES GENERALES:</p>\n<p style=""font-weight: 300;"">En pacientes con historia de alergias en general, colitis ulcerativa, enteritis regional, colitis asociada a antibióticos, mononucleosis infecciosa, durante el embarazo y la lactancia, insuficiencia renal y no utilizar en infecciones severas.</p>\n<p style=""font-weight: 300;"">REACCIONES SECUNDARIAS Y ADVERSAS:</p>\n<p style=""font-weight: 300;"">Podría presentar náuseas, vómitos, dolor abdominal y reacciones de hipersensibilidad.</p>\n<p style=""font-weight: 300;"">INTERACCIONES MEDICAMENTOSAS Y DE OTRO GENERO:</p>\n<p style=""font-weight: 300;"">Alopurinol, antibióticos bacteriostáticos, anticoagulantes orales.</p>\n<p style=""font-weight: 300;"">DOSIS Y VÍA DE ADMINISTRACIÓN:</p>\n<p style=""font-weight: 300;""><strong>Adultos</strong>: Un comprimido cada ocho horas.\n<strong>Pediátrica</strong>: Según prescripción del médico.</p>\n<p style=""font-weight: 300;"">PRESENTACIONES:</p>\n<p style=""font-weight: 300;"">Caja por 200 comprimidos.</p>\n<p style=""font-weight: 300;"">REGISTRO SANITARIO:</p>\n<p style=""font-weight: 300;"">NN-21947/2012</p>","Delta > Comprimidos\, Cápsulas\, Sobres\, Tabletas",,https://laboratoriosdelta.net/wp-content/uploads/2022/03/Ampimil-comprimidos-copia.jpg,,no,yes,yes,,no,,,,no,,no,default,default,default,default,default,default,set
,"AMOXIMIL 1g","<p style=""font-weight: 300;"">COMPRIMIDOS</p>\n<p style=""font-weight: 300;"">Antibiótico bactericida de amplio espectro</p>","<p style=""font-weight: 300;"">FORMA FARMACÉUTICA Y FORMULACIÓN:</p>\n\n<table style=""font-weight: 400;"">\n<tbody>\n<tr>\n<td colspan=""2"">\n<p style=""font-weight: 300;"">Cada comprimido contiene:</p>\n</td>\n</tr>\n<tr>\n<td>\n<p style=""font-weight: 300;"">Amoxicilina base</p>\n</td>\n<td>\n<p style=""font-weight: 300;"">1000 mg</p>\n</td>\n</tr>\n<tr>\n<td>\n<p style=""font-weight: 300;"">Excipientes</p>\n</td>\n<td>\n<p style=""font-weight: 300;"">c.s.</p>\n</td>\n</tr>\n</tbody>\n</table>\n<p style=""font-weight: 300;"">DESCRIPCIÓN:</p>\n<p style=""font-weight: 300;"">Antiinfeccioso para uso sistémico.</p>\n<p style=""font-weight: 300;"">INDICACIONES TERAPÉUTICAS:</p>\n<p style=""font-weight: 300;"">Para el tratamiento de infecciones del tracto genitourinario causadas por cepas sensibles de <i><em>Escherichia coli</em></i>, proteus, estreptococos beta hemolíticos; Otitis, faringitis, sinusitis, meningitis, producidas por cepas sensibles de neumococus, estafilococus, <i><em>Haemophilus influenzae</em></i>, estreptococos beta hemolítico, <i><em>Neisseria meningitidis</em></i>; infecciones del tracto digestivo producidas por cepas sensibles de shigella, <i><em>Salmonella</em></i>.</p>\n<p style=""font-weight: 300;"">CONTRAINDICACIONES:</p>\n<p style=""font-weight: 300;"">Hipersensibilidad a los betalactámicos.</p>\n<p style=""font-weight: 300;"">PRECAUCIONES GENERALES:</p>\n<p style=""font-weight: 300;"">En pacientes con historia de alergias en general, colitis ulcerativa, enteritis regional, colitis asociada a antibióticos, mononucleosis infecciosa, durante el embarazo y la lactancia, insuficiencia renal y no utilizar en infecciones severas.</p>\n<p style=""font-weight: 300;"">REACCIONES SECUNDARIAS Y ADVERSAS:</p>\n<p style=""font-weight: 300;"">Podría presentar náuseas, vómitos, dolor abdominal y reacciones de hipersensibilidad.</p>\n<p style=""font-weight: 300;"">INTERACCIONES MEDICAMENTOSAS Y DE OTRO GENERO:</p>\n<p style=""font-weight: 300;"">Alopurinol, antibióticos bacteriostáticos.</p>\n<p style=""font-weight: 300;"">DOSIS Y VIA DE ADMINISTRACION:</p>\n<p style=""font-weight: 300;""><strong>Adultos</strong>: Un comprimido cada ocho horas.</p>\n<p style=""font-weight: 300;"">PRESENTACIONES:</p>\n<p style=""font-weight: 300;"">Caja por 200 comprimidos.</p>\n<p style=""font-weight: 300;"">REGISTRO SANITARIO:</p>\n<p style=""font-weight: 300;"">NN-21948/2011</p>","Delta > Comprimidos\, Cápsulas\, Sobres\, Tabletas",,https://laboratoriosdelta.net/wp-content/uploads/2022/03/Amoximil-comprimidos-copia.jpg,,no,yes,yes,,no,,,,no,,no,default,default,default,default,default,default,set
,"AMOXICILINA 500mg","<strong>CÁPSULAS</strong>\n<p class=""subtitulo2"">Antibiótico de amplio espectro</p>","<h6 class=""subtitulo""><a name=""formula""></a>FORMA FARMACÉUTICA Y FORMULACIÓN:</h6>\n<p class=""subtitulo2"">Cada cápsula contiene:\nAmoxicilina base 500 mg</p>\n&nbsp;\n<h6 class=""subtitulo""><a name=""descripcion""></a>DESCRIPCIÓN:</h6>\n<p class=""subtitulo2"">Antiinfeccioso para uso sistémico.</p>\n&nbsp;\n<h6 class=""subtitulo""><a name=""indicaciones""></a>INDICACIONES TERAPÉUTICAS:</h6>\n<p class=""subtitulo2"">Para el tratamiento de infecciones del tracto genitourinario, digestivo, otitis media aguda, faringitis o sinusitis bacteriana, bronquitis, infecciones de la piel o tejidos blandos.</p>\n&nbsp;\n<h6 class=""subtitulo""><a name=""contraindicaciones""></a>CONTRAINDICACIONES:</h6>\n<p class=""subtitulo2"">Hipersensibilidad a los betalactámicos.</p>\n&nbsp;\n<h6 class=""subtitulo""><a name=""precauciones""></a>PRECAUCIONES GENERALES:</h6>\n<p class=""subtitulo2"">En pacientes con historia de alergias en general, colitis ulcerativa, enteritis regional, colitis asociada a antibióticos, mononucleosis infecciosa, durante el embarazo y la lactancia, insuficiencia renal y no utilizar en infecciones severas.</p>\n&nbsp;\n<h6 class=""subtitulo""><a name=""reacciones""></a>REACCIONES SECUNDARIAS Y ADVERSAS:</h6>\n<p class=""subtitulo2"">Podría presentar: náuseas, vómitos, dolor abdominal y reacciones de hipersensibilidad.</p>\n&nbsp;\n<h6 class=""subtitulo""><a name=""interacciones""></a>INTERACCIONES MEDICAMENTOSAS Y DE OTRO GENERO:</h6>\n<p class=""subtitulo2"">Alopurinol, antibióticos bacteriostáticos.</p>\n&nbsp;\n<h6 class=""subtitulo""><a name=""dosis""></a>DOSIS Y VÍA DE ADMINISTRACIÓN:</h6>\n<p class=""subtitulo2""><b>Adultos</b>: Una cápsula cada ocho horas.\n<b>Pediátrica</b>: Según prescripción del médico.</p>\n&nbsp;\n<h6 class=""subtitulo""><a name=""presentaciones""></a>PRESENTACIONES:</h6>\n<p class=""subtitulo2"">Caja por 500 capsulas.</p>\n&nbsp;\n<h6 class=""subtitulo""><a name=""ippa""></a>REGISTRO SANITARIO:</h6>\n<p class=""subtitulo2"">NN-19850/2010</p>","Delta > Comprimidos\, Cápsulas\, Sobres\, Tabletas",,https://laboratoriosdelta.net/wp-content/uploads/2022/03/Amoxicilina-500-mg-capsulas-small.jpg,,no,yes,yes,,no,,,,no,,no,default,default,default,,,,
,"ACICLOVIR 800mg","<p style=""font-weight: 300;""><b><strong>COMPRIMIDOS</strong></b></p>\n<p style=""font-weight: 300;"">Antiviral específico</p>","<h6 style=""font-weight: 300;"">FORMA FARMACÉUTICA Y FORMULACIÓN:</h6>\n<table style=""font-weight: 400;"">\n<tbody>\n<tr>\n<td colspan=""2"">\n<p style=""font-weight: 300;"">Cada comprimido contiene:</p>\n</td>\n</tr>\n<tr>\n<td>\n<p style=""font-weight: 300;"">Aciclovir</p>\n</td>\n<td>\n<p style=""font-weight: 300;"">200 mg</p>\n</td>\n</tr>\n<tr>\n<td>\n<p style=""font-weight: 300;"">Aciclovir</p>\n</td>\n<td>\n<p style=""font-weight: 300;"">400 mg</p>\n</td>\n</tr>\n<tr>\n<td>\n<p style=""font-weight: 300;"">Aciclovir</p>\n</td>\n<td>\n<p style=""font-weight: 300;"">800 mg</p>\n</td>\n</tr>\n<tr>\n<td>\n<p style=""font-weight: 300;"">Excipientes</p>\n</td>\n<td>\n<p style=""font-weight: 300;"">c.s.</p>\n</td>\n</tr>\n</tbody>\n</table>\n<h6 style=""font-weight: 300;"">DESCRIPCIÓN:</h6>\n<p style=""font-weight: 300;"">Antiviral para uso sistémico.</p>\n\n<h6 style=""font-weight: 300;"">INDICACIONES TERAPÉUTICAS:</h6>\n<p style=""font-weight: 300;""><b><strong>Aciclovir 200 mg</strong></b>:\nAciclovir está indicado en el tratamiento de infecciones producidas por el virus Herpes muco cutáneo: Herpes simple labial o Herpes genital o Herpes zoster.\n<b><strong>Aciclovir 400 y 800 mg</strong></b>:\nPara el tratamiento y profilaxis de infecciones iniciales y recurrentes provocadas por el virus del herpes simple en labios, piel y zona genital, para el tratamiento de infecciones provocadas por herpes zoster y para el tratamiento de infecciones por varicela zoster.</p>\n\n<h6 style=""font-weight: 300;"">CONTRAINDICACIONES:</h6>\n<p style=""font-weight: 300;"">Hipersensibilidad al medicamento.</p>\n\n<h6 style=""font-weight: 300;"">PRECAUCIONES GENERALES:</h6>\n<p style=""font-weight: 300;"">Durante el embarazo y en casos de deshidratación.</p>\n\n<h6 style=""font-weight: 300;"">REACCIONES SECUNDARIAS Y ADVERSAS:</h6>\n<p style=""font-weight: 300;"">Podría presentar náuseas, vómitos, diaforesis, reacciones de hipersensibilidad, neurotixicidad, cefalea, dolor abdominal.</p>\n\n<h6 style=""font-weight: 300;"">DOSIS Y VÍA DE ADMINISTRACIÓN:</h6>\n<p style=""font-weight: 300;""><b><strong>Aciclovir 200 mg</strong></b>:\n<i><em>Adultos y niños mayores de 12 años</em></i>: Un comprimido cinco veces al día. En procesos agudos seguir el tratamiento durante diez días.\n<b><strong>Aciclovir 400 mg</strong></b>:\n<i><em>Adultos y adolescentes</em></i>:\nHerpes simple mucocutáneo:\nTratamiento: 200 mg a 400 mg cinco veces al día durante 10 dias.\nHerpes simple mucocutáneio:\nProfilaxis: 400 mg cada doce horas.\nHerpes zoster simple: 800 mg cada cuatro horas (despierto) cinco veces al día durante 7 a 10 días.\nHerpes genital:\nEpisodio inicial: 200 mg cada cuatro horas (despierto), cinco veces al día, durante 10 días.\nTratamiento para infecciones crónicas recurrentes (mayor a 6 episodios por año): 400 mg dos veces al día ó 200 mg tres a cinco veces al día durante 12 meses.\nVaricela zoster: 800 mg cuatro veces al día, durante 5 días ó según la evolución de la patología y criterio médico.\n<b><strong>Aciclovir 800 mg</strong></b>:\n<i><em>Adultos y adolescentes</em></i>: 800 mg dos veces al día o tres veces al día en pacientes inmunocomprometidos durante 7 a 10 días.\nVaricela zoster: 800 mg cuatro veces al día, durante 5 días ó según la evolución de la patología y criterio médico.\n<i><em>Niños mayores de 2 años</em></i>: 800 mg al día durante 10 días.</p>\n\n<h6 style=""font-weight: 300;"">PRESENTACIONES:</h6>\n<p style=""font-weight: 300;"">Caja por 50 comprimidos.</p>\n\n<h6 style=""font-weight: 300;"">REGISTRO SANITARIO:</h6>\n<p style=""font-weight: 300;"">NN-51656/2014</p>","Delta > Comprimidos\, Cápsulas\, Sobres\, Tabletas",,https://laboratoriosdelta.net/wp-content/uploads/2022/03/Aciclovir-800-mg.jpg,,no,yes,yes,,no,,,,no,,no,default,default,default,,,,
,"BROMHEXINA 8mg","<strong>COMPRIMIDOS</strong>\nExpectorante y mucolítico","<h6 class=""subtitulo""><a name=""principio""></a>FORMA FARMACÉUTICA Y FORMULACIÓN:</h6>\n<table>\n<tbody>\n<tr>\n<td colspan=""2"">Cada comprimido contiene:</td>\n</tr>\n<tr>\n<td>Bromhexina base</td>\n<td>8 mg</td>\n</tr>\n<tr>\n<td>Excipientes</td>\n<td>c.s.</td>\n</tr>\n</tbody>\n</table>\n&nbsp;\n<h6 class=""subtitulo""><a name=""principio""></a>DESCRIPCIÓN:</h6>\nExpectorante, mucolítico.\n\n&nbsp;\n<h6 class=""subtitulo""><a name=""principio""></a>INDICACIONES TERAPÉUTICAS:</h6>\nBromhexina se utiliza en el tratamiento de las afecciones respiratorias, donde existe excesiva retención del mucus y la expectoración se hace dificultosa, Bromhexina fluidifica este mucus produciendo una expectoración fácil.\nEstá indicado en casos de bronquitis aguada y crónica incluyendo los procesos broncos pulmonares obstructivos para calmar la tos y eliminar las flemas, bronquitis obstructiva, facilita la eliminación del mucus, cuerpos extraños y líquidos intrabronquiales como medio de contraste, asistencia post operatoria en pacientes sometidos a laparo o toracotomía. También es afectiva en casos de tos asmática.\n\n&nbsp;\n<h6 class=""subtitulo""><a name=""principio""></a>CONTRAINDICACIONES:</h6>\nNo administrar a pacientes con antecedentes de hipersensibilidad al medicamento.\n\n&nbsp;\n<h6 class=""subtitulo""><a name=""principio""></a>PRECAUCIONES GENERALES:</h6>\nPacientes con manifestaciones digestivas, ardor epigástrico, náuseas, trastornos nerviosos, mareos, sudoración ni durante el primer trimestre del embarazo.\n\n&nbsp;\n<h6 class=""subtitulo""><a name=""principio""></a>REACCIONES SECUNDARIAS Y ADVERSAS:</h6>\nRara vez presenta excitabilidad é hiperirritabilidad; en tratamientos prolongados y con dosis elevadas se puede presentar sequedad de la boca, vértigos, trastornos visuales, náuseas, mareos y vómitos.\n\n&nbsp;\n<h6 class=""subtitulo""><a name=""principio""></a>DOSIS Y VÍA DE ADMINISTRACIÓN:</h6>\n<b><strong>Adultos o mayores de 10 años</strong></b>: Uno a dos comprimidos tres a cuatro veces al día.\n<b><strong>Niños de 5 a 10 años</strong></b>: Medio comprimido, cuatro veces al día.\n<b><strong>Niños menores de 5 años</strong></b>: Se sugiere una dosis de 2 a 4 mg dos veces al día.\n\n&nbsp;\n<h6 class=""subtitulo""><a name=""principio""></a>PRESENTACIONES:</h6>\nCaja por 100 comprimidos.\n\n&nbsp;\n<h6 class=""subtitulo""><a name=""principio""></a>REGISTRO SANITARIO:</h6>\nNN-21946/2012","Delta > Comprimidos\, Cápsulas\, Sobres\, Tabletas",,,,no,yes,yes,,no,,,,no,,no,default,default,default,,,,
,"CALCIO-500 D","<strong>COMPRIMIDOS</strong>\nSuplemento de calcio y vitamina D3","<h6 class=""subtitulo""><a name=""principio""></a>FORMA FARMACÉUTICA Y FORMULACIÓN:</h6>\n<table>\n<tbody>\n<tr>\n<td colspan=""2"">Cada comprimido recubierto contiene:</td>\n</tr>\n<tr>\n<td>Calcio (ión)</td>\n<td>500 mg</td>\n</tr>\n<tr>\n<td>Vitamina D3</td>\n<td>400 UI</td>\n</tr>\n<tr>\n<td>Excipientes</td>\n<td>c.s.</td>\n</tr>\n</tbody>\n</table>\n<h6></h6>\n<h6 class=""subtitulo""><a name=""principio""></a>DESCRIPCIÓN:</h6>\nVitamina.\n<h6></h6>\n<h6 class=""subtitulo""><a name=""principio""></a>INDICACIONES TERAPÉUTICAS:</h6>\nEstá indicado para estados carenciales de calcio, vitamina D y como complemento dietético cuando la ingesta de los mismos son insuficientes. Es apto para niños y mujeres embarazadas, mujeres pre y post menopáusicas y ancianos. Los suplementos de calcio se emplean como una parte de la prevención y tratamiento de la osteoporosis, como también en el tratamiento de la tetania.\n<h6></h6>\n<h6 class=""subtitulo""><a name=""principio""></a>CONTRAINDICACIONES:</h6>\nHipersensibilidad a alguno de los componentes de la fórmula, hipercalciúrea é hipercalcemia, litiasis renal cálcica.\n<h6></h6>\n<h6 class=""subtitulo""><a name=""principio""></a>PRECAUCIONES GENERALES:</h6>\nSu uso debe ser controlado por el médico si se administra en forma concomitante con dosis mayores de vitamina D. En pacientes propensos a la formación de cálculos se recomienda aumentar la ingestión de líquidos. En pacientes con disfunción renal leve o moderada seguir el tratamiento bajo control médico.\n<h6></h6>\n<h6 class=""subtitulo""><a name=""principio""></a>REACCIONES SECUNDARIAS Y ADVERSAS:</h6>\nPodría presentar trastornos gastrointestinales, constipación, diarrea, vómitos, calambres abdominales, vértigo, irritabilidad.\n<h6></h6>\n<h6 class=""subtitulo""><a name=""principio""></a>INTERACCIONES MEDICAMENTOSAS Y DE OTRO GÉNERO:</h6>\nAlcohol, cafeína, tabaco, bloqueantes de canales de calcio, antiácidos que contienen aluminio y quinolonas.\n<h6></h6>\n<h6 class=""subtitulo""><a name=""principio""></a>DOSIS Y VIA DE ADMINISTRACIÓN:</h6>\n<b><strong>Dosis adultos</strong></b>: Inicial: Uno a dos comprimidos dos veces por día.\n<b><strong>Dosis pediátrica</strong></b>: Según prescripción del médico.\n<h6></h6>\n<h6 class=""subtitulo""><a name=""principio""></a>PRESENTACIONES:</h6>\nCaja por 30 comprimidos.\n<h6></h6>\n<h6 class=""subtitulo""><a name=""principio""></a>REGISTRO SANITARIO:</h6>\nNN-20682/2011","Delta > Comprimidos\, Cápsulas\, Sobres\, Tabletas",,,,no,yes,yes,,no,,,,no,,no,default,default,default,,,,
,"CALCIO 500mg","<p style=""font-weight: 300;""><b><strong>COMPRIMIDOS</strong></b></p>\n<p style=""font-weight: 300;"">Suplemento de calcio</p>","<h6 style=""font-weight: 300;"">FORMA FARMACÉUTICA Y FORMULACIÓN:</h6>\n<table style=""font-weight: 400;"">\n<tbody>\n<tr>\n<td colspan=""2"">\n<p style=""font-weight: 300;"">Cada comprimido recubierto contiene:</p>\n</td>\n</tr>\n<tr>\n<td>\n<p style=""font-weight: 300;"">Calcio (ión)</p>\n</td>\n<td>\n<p style=""font-weight: 300;"">500 mg</p>\n</td>\n</tr>\n<tr>\n<td>\n<p style=""font-weight: 300;"">Excipientes</p>\n</td>\n<td>\n<p style=""font-weight: 300;"">c.s.</p>\n</td>\n</tr>\n</tbody>\n</table>\n&nbsp;\n<h6 style=""font-weight: 300;"">DESCRIPCIÓN:</h6>\n<p style=""font-weight: 300;"">Suplemento mineral.</p>\n&nbsp;\n<h6 style=""font-weight: 300;"">INDICACIONES TERAPÉUTICAS:</h6>\n<p style=""font-weight: 300;"">Para deficiencias y estados carenciales de calcio como terapia dietética suplementaria para personas que no ingieren suficiente calcio en su dieta habitual; como parte de la prevención y tratamiento de la osteoporosis, para el tratamiento de la hiperacidéz é hiperfosfatemia en pacientes con insuficiencia renal terminal (osteodistrofia renal) como reductor de las concentraciones séricas de fosfato.</p>\n&nbsp;\n<h6 style=""font-weight: 300;"">CONTRAINDICACIONES:</h6>\n<p style=""font-weight: 300;"">Pacientes con hipercalcemia primaria, hipercalciuria, cálculos renales de calcio, deshidratación disfunción renal crónica, aclorhidria o pipoclorhidria.</p>\n&nbsp;\n<h6 style=""font-weight: 300;"">PRECAUCIONES GENERALES:</h6>\n<p style=""font-weight: 300;"">Debe emplearse con cautela en pacientes con antecedentes renales.\nA pesar que es apto durante el embarazo y la lactancia debe emplearse bajo control médico.</p>\n&nbsp;\n<h6 style=""font-weight: 300;"">REACCIONES SECUNDARIAS Y ADVERSAS:</h6>\n<p style=""font-weight: 300;"">Podría presentar hipotensión, náuseas, vómitos, rash cutáneo, cefalea continua, sabor metálico, cansancio o debilidad no habituales.</p>\n&nbsp;\n<h6 style=""font-weight: 300;"">INTERACCIONES MEDICAMENTOSAS Y DE OTRO GENERO:</h6>\n<p style=""font-weight: 300;"">Alcohol, cafeína, tabaco, bloqueantes de canales de calcio, antiácidos que contienen aluminio, quinolonas.</p>\n&nbsp;\n<h6 style=""font-weight: 300;"">DOSIS Y VÍA DE ADMINISTRACIÓN:</h6>\n<p style=""font-weight: 300;""><strong>Dosis Adultos</strong>: Un comprimido una a tres veces al día con o después de las comidas.</p>\n\n<h6 style=""font-weight: 300;"">\nPRESENTACIONES:</h6>\n<p style=""font-weight: 300;"">Caja por 100 comprimidos.</p>\n\n<h6 style=""font-weight: 300;"">REGISTRO SANITARIO:</h6>\n<p style=""font-weight: 300;"">NN-37187/2014</p>","Delta > Comprimidos\, Cápsulas\, Sobres\, Tabletas",,,,no,yes,yes,,no,,,,no,,no,default,default,default,,,,
,"CETIRIZINA 10mg","<b><strong>COMPRIMIDOS</strong></b>\nAntihistamínico","<h6>FORMA FARMACÉUTICA Y FORMULACIÓN:</h6>\n<table style=""font-weight: 400;"">\n<tbody>\n<tr>\n<td colspan=""2"">\n<p style=""font-weight: 300;"">Cada comprimido contiene:</p>\n</td>\n</tr>\n<tr>\n<td>\n<p style=""font-weight: 300;"">Cetirizina diclorhidrato</p>\n</td>\n<td>\n<p style=""font-weight: 300;"">10 mg</p>\n</td>\n</tr>\n<tr>\n<td>\n<p style=""font-weight: 300;"">Excipientes</p>\n</td>\n<td>\n<p style=""font-weight: 300;"">c.s.</p>\n</td>\n</tr>\n</tbody>\n</table>\n<h6>DESCRIPCIÓN:</h6>\n<p style=""font-weight: 300;"">Antihistamínico.</p>\n\n<h6>INDICACIONES TERAPÉUTICAS:</h6>\n<p style=""font-weight: 300;"">Cetirizina se usa para aliviar los síntomas de la fiebre del heno, alergias regulares y estacionales a otras sustancias incluyendo la rinorrea, estornudo y el enrojecimiento, picazón y lagrimeo de los ojos. También se usa para tratar los síntomas de las urticarias, incluyendo la picazón y el sarpullido (erupciones en la piel).</p>\n\n<h6>CONTRAINDICACIONES:</h6>\n<p style=""font-weight: 300;"">En pacientes que son hipersensibles a los antihistamínicos, durante el tratamiento con inhibidores de la MAO.</p>\n\n<h6>PRECAUCIONES GENERALES:</h6>\n<p style=""font-weight: 300;"">Pacientes con predisposición a la retención urinaria.\nA dosis farmacológicas es un potente antihistamínico con bajo potencial de somnolencia.\nSu uso es delicado y debe ser administrado bajo prescripción y control médico.</p>\n\n<h6>REACCIONES SECUNDARIAS Y ADVERSAS:</h6>\n<p style=""font-weight: 300;"">Podría presentar muy ocasionalmente somnolencia, mareos, fatiga, irritabilidad, cefalea, molestias epigástricas y disminución de las secreciones.</p>\n\n<h6>INTERACCIONES MEDICAMENTOSAS Y DE OTRO GENERO:</h6>\n<p style=""font-weight: 300;"">No se ha detectado interacciones con otros medicamentos. A niveles terapéuticos no se ha observado potencialización de los efectos del alcohol ni de las benzodiazepinas.</p>\n\n<h6>DOSIS Y VÍA DE ADMINISTRACIÓN:</h6>\n<p style=""font-weight: 300;""><strong>Dosis Adultos</strong>: Un comprimido por día.\n<strong>Pediátrica</strong>: Según prescripción del médico.</p>\n\n<h6>PRESENTACIONES:</h6>\n<p style=""font-weight: 300;"">Caja por 50 comprimidos.</p>\n\n<h6>REGISTRO SANITARIO:</h6>\n<p style=""font-weight: 300;"">NN-33654/2012</p>","Delta > Comprimidos\, Cápsulas\, Sobres\, Tabletas",,,,no,yes,yes,,no,,,,no,,no,default,default,default,,,,
,"CLORANFENICOL 500mg","<strong>CÁPSULAS</strong>\nAntibiótico","<h6 class=""subtitulo""><a name=""formula""></a>FORMA FARMACÉUTICA Y FORMULACIÓN:</h6>\n<p class=""subtitulo2"">Cada cápsula contiene:\nCloranfenicol levógiro 500 mg</p>\n&nbsp;\n<h6 class=""subtitulo""><a name=""descripcion""></a>DESCRIPCIÓN:</h6>\n<p class=""subtitulo2"">Antiinfeccioso para uso sistémico.</p>\n\n<h6 class=""subtitulo""><a name=""indicaciones""></a>INDICACIONES TERAPÉUTICAS:</h6>\n<p class=""subtitulo2"">Para el tratamiento de la fiebre tifoidea, septicemia, producidas por <em>Salmonella tiphy</em>; Meningitis, septicemia y epiglotitis producidas por <em>Haemophilus influenzae</em>.\nInfecciones producidas por anaerobios.</p>\n&nbsp;\n<h6 class=""subtitulo""><a name=""contraindicaciones""></a>CONTRAINDICACIONES:</h6>\n<p class=""subtitulo2"">Hipersensibilidad o reacción tóxica al medicamento, insuficiencia renal y/o hepática.</p>\n&nbsp;\n<h6 class=""subtitulo""><a name=""precauciones""></a>PRECAUCIONES GENERALES:</h6>\n<p class=""subtitulo2"">Depresión de médula ósea, terapia con drogas citotóxicas o radioterapia; embarazo y lactancia.</p>\n&nbsp;\n<h6 class=""subtitulo""><a name=""reacciones""></a>REACCIONES SECUNDARIAS Y ADVERSAS:</h6>\n<p class=""subtitulo2"">Mielodepresión reversible, aplasia medular irreversible idiosincrásica, hemólisis (por déficit de G6FD), síndrome gris en neonatos, reacciones de hipersensibilidad, náuseas, vómitos, diarrea.</p>\n&nbsp;\n<h6 class=""subtitulo""><a name=""interacciones""></a>INTERACCIONES MEDICAMENTOSAS Y DE OTRO GENERO:</h6>\n<p class=""subtitulo2"">Hidantoína, otros medicamentos que producen discrasias sanguíneas, depresores de la médula ósea, radioterapia, hipoglucemiantes orales, contraceptivos orales que contienen estrógenos, eritromicina, penicilinas, fenobarbital, warfarina.</p>\n&nbsp;\n<h6 class=""subtitulo""><a name=""dosis""></a>DOSIS Y VÍA DE ADMINISTRACIÓN:</h6>\n<p class=""subtitulo2""><b>Adultos</b>: Una cápsula cada 6 horas.\n<b>Pediátrica</b>: Según prescripción del médico.\n<i>Duración del tratamiento</i>: Máximo 14 días.</p>\n&nbsp;\n<h6 class=""subtitulo""><a name=""presentaciones""></a>PRESENTACIONES:</h6>\n<p class=""subtitulo2"">Caja por 200 capsulas.</p>\n&nbsp;\n<h6 class=""subtitulo""><a name=""ippa""></a>REGISTRO SANITARIO:</h6>\n<p class=""subtitulo2"">NN-24316/2012</p>","Delta > Comprimidos\, Cápsulas\, Sobres\, Tabletas",,,,no,yes,yes,,no,,,,no,,no,default,default,default,,,,
,"CLORFENIRAMINA 4mg","<p style=""font-weight: 300;""><b><strong>COMPRIMIDOS</strong></b></p>\n<p style=""font-weight: 300;"">Antihistamínico</p>","<h6 style=""font-weight: 300;"">FORMA FARMACÉUTICA Y FORMULACIÓN:</h6>\n<table style=""font-weight: 400;"">\n<tbody>\n<tr>\n<td colspan=""2"">\n<p style=""font-weight: 300;"">Cada comprimido contiene:</p>\n</td>\n</tr>\n<tr>\n<td>\n<p style=""font-weight: 300;"">Clorfeniramina maleato</p>\n</td>\n<td>\n<p style=""font-weight: 300;"">4 mg</p>\n</td>\n</tr>\n<tr>\n<td>\n<p style=""font-weight: 300;"">Excipientes</p>\n</td>\n<td>\n<p style=""font-weight: 300;"">c.s.</p>\n</td>\n</tr>\n</tbody>\n</table>\n&nbsp;\n<h6 style=""font-weight: 300;"">DESCRIPCIÓN:</h6>\n<p style=""font-weight: 300;"">Antihistamínico.</p>\n&nbsp;\n<h6 style=""font-weight: 300;"">INDICACIONES TERAPÉUTICAS:</h6>\n<p style=""font-weight: 300;"">Clorfeniramina es un antialérgico (antihistamínico) que se utiliza en el tratamiento sintomático de la rinitis alérgica perenne y estacional; conjuntivitis alérgica, prurito asociado a reacciones alérgicas y manifestaciones cutáneas alérgicas no complicadas, urticaria; para el alivio de los estornudos y de la rinorrea asociados al resfriado común.</p>\n&nbsp;\n<h6 style=""font-weight: 300;"">CONTRAINDICACIONES:</h6>\n<p style=""font-weight: 300;"">En pacientes que son hipersensibles a los antihistamínicos, durante el tratamiento con inhibidores de la MAO, la lactancia y el embarazo.\nNo administrar a niños menores de 6 años.</p>\n&nbsp;\n<h6 style=""font-weight: 300;"">PRECAUCIONES GENERALES:</h6>\n<p style=""font-weight: 300;"">Pacientes que desempeñan actividades que requieren un estado de alerta, pacientes con predisposición a la retención urinaria, crisis asmática, glaucoma, hipertrofia prostática, estenosis pilórica y ancianos.\nEl uso de clorfeniramina puede producir somnolencia. Evitar la ingestión de bebidas alcohólicas durante su tratamiento.</p>\n&nbsp;\n<h6 style=""font-weight: 300;"">REACCIONES SECUNDARIAS Y ADVERSAS:</h6>\n<p style=""font-weight: 300;"">Podría presentar somnolencia, mareos, fatiga, irritabilidad, cefalea, molestias epigástricas y disminución de las secreciones.</p>\n&nbsp;\n<h6 style=""font-weight: 300;"">INTERACCIONES MEDICAMENTOSAS Y DE OTRO GENERO:</h6>\n<p style=""font-weight: 300;"">Alcohol y otros depresores del SNC, ototóxicos, anticolinérgicos, anticoagulantes, fotosensibilizantes, antidepresivos tricíclicos, haloperidol.\nhepáticos por los antihistamínicos, que da lugar al aumento del metabolismo hepático de los mismos. Cuando se produce tolerancia, el uso de un antihistamínico de otro tipo puede proporcionar el alivio continuo de los síntomas.</p>\n&nbsp;\n<h6 style=""font-weight: 300;"">DOSIS Y VÍA DE ADMINISTRACIÓN:</h6>\n<p style=""font-weight: 300;""><strong>Adultos</strong>: Un comprimido cada 4 a 6 horas.\n<strong>Pediátrica</strong>:\n<em>Niños de 6 a 12 años</em>: Medio comprimido cada 6 a 8 horas.</p>\n&nbsp;\n<h6 style=""font-weight: 300;"">PRESENTACIONES:</h6>\n<p style=""font-weight: 300;"">Caja por 100 comprimidos.</p>\n&nbsp;\n<h6 style=""font-weight: 300;"">REGISTRO SANITARIO:</h6>\n<p style=""font-weight: 300;"">NN-25628/2013</p>","Delta > Comprimidos\, Cápsulas\, Sobres\, Tabletas",,,,no,yes,yes,,no,,,,no,,no,default,default,default,,,,
,"COMPLEJO B","<p style=""font-weight: 300;"">COMPRIMIDOS</p>\n<p style=""font-weight: 300;"">Vitaminas de complejo B</p>","<h6 style=""font-weight: 300;"">FORMA FARMACÉUTICA Y FORMULACIÓN:</h6>\n<table style=""font-weight: 400;"">\n<tbody>\n<tr>\n<td colspan=""2"">\n<p style=""font-weight: 300;"">Cada comprimido contiene:</p>\n</td>\n</tr>\n<tr>\n<td>\n<p style=""font-weight: 300;"">Tiamina (Vit B1)</p>\n</td>\n<td>\n<p style=""font-weight: 300;"">2 mg</p>\n</td>\n</tr>\n<tr>\n<td>\n<p style=""font-weight: 300;"">Piridoxina (Vit B6)</p>\n</td>\n<td>\n<p style=""font-weight: 300;"">2 mg</p>\n</td>\n</tr>\n<tr>\n<td>\n<p style=""font-weight: 300;"">Hidroxicobalamina (Vit B12)</p>\n</td>\n<td>\n<p style=""font-weight: 300;"">0.05 mg</p>\n</td>\n</tr>\n<tr>\n<td>\n<p style=""font-weight: 300;"">Excipientes</p>\n</td>\n<td>\n<p style=""font-weight: 300;"">c.s.</p>\n</td>\n</tr>\n</tbody>\n</table>\n&nbsp;\n<h6 style=""font-weight: 300;"">DESCRIPCIÓN:</h6>\n<p style=""font-weight: 300;"">Vitaminas.</p>\n&nbsp;\n<h6 style=""font-weight: 300;"">INDICACIONES TERAPÉUTICAS:</h6>\n<p style=""font-weight: 300;"">Está indicado en casos de Berieri. Polineuritis alcohólica, corrección de estados de deficiencia del complejo vitamínico B.</p>\n&nbsp;\n<h6 style=""font-weight: 300;"">CONTRAINDICACIONES:</h6>\n<p style=""font-weight: 300;"">En pacientes con hipersensibilidad a cualquiera de los componentes del complejo vitamínico B.</p>\n&nbsp;\n<h6 style=""font-weight: 300;"">PRECAUCIONES GENERALES:</h6>\n<p style=""font-weight: 300;"">Pacientes con hipertensión arterial, retención urinaria, glaucoma, durante el embarazo, la lactancia y en ancianos.</p>\n&nbsp;\n<h6 style=""font-weight: 300;"">REACCIONES SECUNDARIAS Y ADVERSAS:</h6>\n<p style=""font-weight: 300;"">Podría presentar reacciones de hipersensibilidad al producto o choque anafiláctico.</p>\n&nbsp;\n<h6 style=""font-weight: 300;"">INTERACCIONES MEDICAMENTOSAS Y DE OTRO GENERO:</h6>\n<p style=""font-weight: 300;"">Levodopa, isoniazida (INH), anovulatorios orales.</p>\n&nbsp;\n<h6 style=""font-weight: 300;"">DOSIS Y VÍA DE ADMINISTRACIÓN:</h6>\n<p style=""font-weight: 300;""><strong>Adultos</strong>: Uno a dos comprimidos al día.\n<strong>Pediátrica</strong>: Un comprimido al día.</p>\n&nbsp;\n<h6 style=""font-weight: 300;"">PRESENTACIONES:</h6>\n<p style=""font-weight: 300;"">Caja por 100 comprimidos.</p>\n&nbsp;\n<h6 style=""font-weight: 300;"">REGISTRO SANITARIO:</h6>\n<p style=""font-weight: 300;"">NN-22657/2011</p>","Delta > Comprimidos\, Cápsulas\, Sobres\, Tabletas",,,,no,yes,yes,,no,,,,no,,no,default,default,default,,,,
,"COTRIMOXAZOL 400/80mg","<b><strong>COMPRIMIDOS</strong></b>\nAntibacteriano","<h6 style=""font-weight: 300;"">FORMA FARMACÉUTICA Y FORMULACIÓN:</h6>\n<table style=""font-weight: 400;"">\n<tbody>\n<tr>\n<td colspan=""2"">\n<p style=""font-weight: 300;"">Cada comprimido contiene:</p>\n</td>\n</tr>\n<tr>\n<td>\n<p style=""font-weight: 300;"">Sulfametoxazol</p>\n</td>\n<td>\n<p style=""font-weight: 300;"">400 mg</p>\n</td>\n</tr>\n<tr>\n<td>\n<p style=""font-weight: 300;"">Trimetoprima</p>\n</td>\n<td>\n<p style=""font-weight: 300;"">80 mg</p>\n</td>\n</tr>\n<tr>\n<td>\n<p style=""font-weight: 300;"">Excipientes</p>\n</td>\n<td>\n<p style=""font-weight: 300;"">c.s.</p>\n</td>\n</tr>\n</tbody>\n</table>\n&nbsp;\n<h6 style=""font-weight: 300;"">DESCRIPCIÓN:</h6>\n<p style=""font-weight: 300;"">Antiinfeccioso-Antibacteriano para uso sistémico.</p>\n&nbsp;\n<h6 style=""font-weight: 300;"">INDICACIONES TERAPÉUTICAS:</h6>\n<p style=""font-weight: 300;"">Para el tratamiento de infecciones de los tractos respiratorio, digestivo y urinario, producidas por cepas sensibles de: <em>Haemophilus influenzae</em>, <em>Estreptococos pneumoniae</em>, <em>Pneumocystis carini</em>, <em>Escherichia coli</em>, <em>Vibrio cholerae</em>, especies de <em>Shigella</em>, <em>Salmonella</em>, <em>Klebsiella</em>, <em>Proteus</em>, enterobacter.</p>\n&nbsp;\n<h6 style=""font-weight: 300;"">CONTRAINDICACIONES:</h6>\n<p style=""font-weight: 300;"">Durante la lactancia, niños menores de 2 meses y pacientes con hipersensibilidad a los componentes del medicamento.</p>\n&nbsp;\n<h6 style=""font-weight: 300;"">PRECAUCIONES GENERALES:</h6>\n<p style=""font-weight: 300;"">Ancianos, discracias sanguíneas, trastornos renales y hepáticos, deficiencias de ácido fólico o G6FD, Porfirio y durante el embarazo.</p>\n&nbsp;\n<h6 style=""font-weight: 300;"">REACCIONES SECUNDARIAS Y ADVERSAS:</h6>\n<p style=""font-weight: 300;"">Fotosensibilidad, sídrome de Stevens Jonson, fiebre, hepatitis, diarrea, vómitos, mareos, cefalea, aplasia medular, nefrotoxicidad, reacciones de hipersensibilidad, necrolisis tóxica epidérmica, metahemoglobinemia.</p>\n&nbsp;\n<h6 style=""font-weight: 300;"">INTERACCIONES MEDICAMENTOSAS Y DE OTRO GENERO:</h6>\n<p style=""font-weight: 300;"">Warfarina, anticonvulsivantes, hipoglucemiantes orales, depresores de la médula ósea, anticonceptivos orales, medicamentos hepatotóxicos, ciclosporina, antagonistas del ácido fólico, dapsona, rifampicina.</p>\n&nbsp;\n<h6 style=""font-weight: 300;"">DOSIS Y VÍA DE ADMINISTRACIÓN:</h6>\n<p style=""font-weight: 300;""><strong>Adultos</strong>: Un comprimido cada seis horas.\n<em>Dosis máxima</em>: Ocho comprimidos al día.\n<strong>Pediátrica</strong>:\n<em>Menores de 40 Kg de peso</em>: 40 mg de Sulfametoxazol y 8 mg de Trimetoprima/Kg peso/día, fraccionada cada 12 horas.\n<em>Mayores de 40 Kg</em>: dosis igual que para adultos o según prescripción del médico.</p>\n&nbsp;\n<h6 style=""font-weight: 300;"">PRESENTACIONES:</h6>\n<p style=""font-weight: 300;"">Caja por 100 comprimidos</p>","Delta > Comprimidos\, Cápsulas\, Sobres\, Tabletas",,,,no,yes,yes,,no,,,,no,,no,default,default,default,,,,
,"COTRIMOXAZOL FORTE 800/160mg","<p style=""font-weight: 300;""><b><strong>COMPRIMIDOS</strong></b>\nAntibacteriano</p>\n<p style=""font-weight: 300;""></p>","<strong>COMPOSICIÓN</strong>\n\n<u>Cada comprimido contiene</u>:\n\nSulfametoxazol                    800 mg\n\nTrimetoprima                       160 mg\n\nExcipientes                                c.s.\n\n<strong>ACCIÓN TERAPÉUTICA</strong>\n\nAntiinfeccioso\n\n<strong>INDICACIONES</strong>\n\nCotrimoxazol Forte está indicado para el tratamiento de infecciones del tracto respiratorio, digestivo, urinario, producidas por cepas sensibles de: <em>Haemophilus influenzae, Streptococcus pneumoniae, Pneumocystis carinii, Escherichia coli, Vibrio cholerae, especies de Shigella, Salmonella, Klebsiella, Proteus y Enterobacter.</em>\n\n<strong>DOSIS</strong><em>: Vía de administración oral.                                                                                                </em>\n\n<em><u>Adultos y niños mayores de 12 años con peso &gt; 50 kg</u></em><em>:</em> 1 comprimido cada 12 horas.\n\n<em><u>Pediátrica</u></em><em>: </em>Según prescripción del médico.\n<ul>\n 	<li>El tratamiento dura entre 7 a 14 días, según la evolución del paciente y criterio médico.</li>\n</ul>\n<strong>PRECAUCIONES</strong>\n\nDebe ser administrado con precaución en casos de: Uremia, glomerulonefritis, citopenias hemáticas, hepatitis, deficiencia de ácido fólico o glucosa-6-fosfato deshidrogenasa y úlcera péptica.\n\n<strong>CONTRAINDICACIONES</strong>\n\nHipersensibilidad a alguno de los componentes de la mezcla, porfiria aguda, anemia megaloblástica, no administrar a niños menores de 2 meses de edad.\n\n<strong>REACCIONES ADVERSAS</strong>: Podría presentar diarrea, náusea, vómitos, mareos y cefaleas. Rara vez se presenta; fotosensibilidad, síndrome de Stevens-Johnson, fiebre, hepatitis, aplasia medular, nefrotoxicidad, reacciones de hipersensibilidad, necrólisis epidérmica tóxica, metahemoglobinemia y colitis.\n\n<strong>USO DURANTE EL EMBARAZO Y LA LACTANCIA</strong>\n\n<em><u>Embarazo</u></em>. - Cotrimoxazol debe evitarse durante la etapa del embarazo. El médico evaluará el riesgo - beneficio del tratamiento.\n\n<em><u>Lactancia</u></em>. - El Sulfametoxazol y Trimetoprima se excretan en la leche materna. Cuando los niños tienen o están en riesgo particular de desarrollar hiperbilirrubinemia, son prematuros o tienen deficiencia de glucosa-6-fosfato deshidrogenasa(G6-PD), debe evitarse la administración de Cotrimoxazol en madres lactantes.\n\n<strong>INTERACCIONES</strong> <strong>MEDICAMENTOSAS</strong>\n\nNo administrar simultáneamente con warfarina, amiodarona, fenitoína, rifampicina, anticonvulsivantes, hipoglucemiantes orales, depresores de la medula ósea, anticonceptivos orales, medicamentos hepatoxicos, ciclosporina y antagonistas del ácido fólico.\n\n<strong>SOBREDOSIS</strong>\n\nLos síntomas de sobredosis corresponden a una intensificación de las reacciones adversas descritas.   En caso de sobredosis o ingestión accidental acuda a un centro de salud para iniciar un tratamiento sintomático y de soporte.\n\n<strong>ADVERTENCIAS</strong>\n\nEste medicamento contiene: <em><u>Glicerina</u></em>, a dosis elevadas puede producir dolor de cabeza, molestias de estómago y diarrea. <em><u>Sacarosa</u></em>, si padece una intolerancia a ciertos azúcares, consulte con su médico antes de tomar este medicamento. <em><u>Almidón de maíz</u></em>, libre de gluten.\n\n<strong>CONDICIONES DE ALMACENAMIENTO</strong>\n\nAlmacenar a no más de 30 °C y protegidos de la luz solar.\n\n<strong>PRESENTACIONES COMERCIALES</strong>\n\nBlíster PVC-ALU x 10 comprimidos. Caja x 100 comprimidos + prospecto.","Delta > Comprimidos\, Cápsulas\, Sobres\, Tabletas",,,,no,yes,yes,,no,,,,no,,no,default,default,default,default,default,default,set
,"DEXAMETASONA 0,5mg","<b><strong>COMPRIMIDOS</strong></b>\nCorticosteroide","<h6 style=""font-weight: 300;"">FORMA FARMACÉUTICA Y FORMULACIÓN:</h6>\n<table style=""font-weight: 400;"">\n<tbody>\n<tr>\n<td colspan=""2"">\n<p style=""font-weight: 300;"">Cada comprimido contiene:</p>\n</td>\n</tr>\n<tr>\n<td>\n<p style=""font-weight: 300;"">Dexametasona base</p>\n</td>\n<td>\n<p style=""font-weight: 300;"">0.5 mg</p>\n</td>\n</tr>\n<tr>\n<td>\n<p style=""font-weight: 300;"">Excipientes</p>\n</td>\n<td>\n<p style=""font-weight: 300;"">c.s.</p>\n</td>\n</tr>\n</tbody>\n</table>\n&nbsp;\n<h6 style=""font-weight: 300;"">DESCRIPCIÓN:</h6>\n<p style=""font-weight: 300;"">Corticosteroide de acción sistémica.</p>\n&nbsp;\n<h6 style=""font-weight: 300;"">INDICACIONES TERAPÉUTICAS:</h6>\n<p style=""font-weight: 300;"">Dexametasona está indicado para el diagnóstico del Síndrome de Cushing, para el tratamiento distress respiratorio del adulto, edema cerebral, antiemético en quimioterapia del cáncer, como coadyuvante del choque séptico.</p>\n&nbsp;\n<h6 style=""font-weight: 300;"">CONTRAINDICACIONES:</h6>\n<p style=""font-weight: 300;"">Pacientes con úlcera péptica activa, infecciones micóticas severas, hipersensibilidad al medicamento y herpes.</p>\n&nbsp;\n<h6 style=""font-weight: 300;"">PRECAUCIONES GENERALES:</h6>\n<p style=""font-weight: 300;"">Su empleo por periodos prolongados puede inducir alteraciones del eje hipófisis-hipotálamo-suprarrenal, discontinuar el tratamiento en forma progresiva. La administración durante el embarazo, lactancia, insuficiencia cardíaca congestiva, diabetes mellitas, hipertensión arterial, SIDA, tuberculosis y glaucoma deben ser bajo estricto control médico.</p>\n&nbsp;\n<h6 style=""font-weight: 300;"">REACCIONES SECUNDARIAS Y ADVERSAS:</h6>\n<p style=""font-weight: 300;"">Podría presentar: diseminación de infecciones baterianas, micóticas y virales; glaucoma, catarata, hipertensión arterial, edema, úlcera péptica, retardo del crecimiento, osteoporosis, miopatía, trombofebitis, malestar digestivo, fragilidad capilar, alteraciones menstruales, cambios en la coloración de la piel e hipersensibilidad al medicamento.</p>\n&nbsp;\n<h6 style=""font-weight: 300;"">INTERACCIONES MEDICAMENTOSAS Y DE OTRO GENERO:</h6>\n<p style=""font-weight: 300;"">No administrar conjuntamente con anfoterecina B, diuréticos que depletan potasio, digitálicos, vacunas virales, antiácidos, anticoagulantes, insulina, INH, fenitoína, fenobarbital, rifampicina, contraceptivos orales, antiinflamatorios no esteroideos.</p>\n&nbsp;\n<h6 style=""font-weight: 300;"">DOSIS Y VÍA DE ADMINISTRACIÓN:</h6>\n<p style=""font-weight: 300;""><strong>Adultos</strong>: Un comprimido al día.\n<strong>Pediátrica</strong>: Según criterio del médico.</p>\n&nbsp;\n<h6 style=""font-weight: 300;"">PRESENTACIONES:</h6>\n<p style=""font-weight: 300;"">Caja por 100 comprimidos.</p>\n&nbsp;\n<h6 style=""font-weight: 300;"">REGISTRO SANITARIO:</h6>\n<p style=""font-weight: 300;"">NN-25514/2012</p>","Delta > Comprimidos\, Cápsulas\, Sobres\, Tabletas",,,,no,yes,yes,,no,,,,no,,no,default,default,default,,,,
,"DEXTROMETORFANO 15mg","<b><strong>COMPRIMIDOS</strong></b>\nAntitusivo","<h6 style=""font-weight: 300;"">FORMA FARMACÉUTICA Y FORMULACIÓN:</h6>\n<table style=""font-weight: 400;"">\n<tbody>\n<tr>\n<td colspan=""2"">\n<p style=""font-weight: 300;"">Cada comprimido contiene:</p>\n</td>\n</tr>\n<tr>\n<td>\n<p style=""font-weight: 300;"">Dextrometorfano bromhidrato</p>\n</td>\n<td>\n<p style=""font-weight: 300;"">15 mg</p>\n</td>\n</tr>\n<tr>\n<td>\n<p style=""font-weight: 300;"">Excipientes</p>\n</td>\n<td>\n<p style=""font-weight: 300;"">c.s.</p>\n</td>\n</tr>\n</tbody>\n</table>\n&nbsp;\n<h6 style=""font-weight: 300;"">DESCRIPCIÓN:</h6>\n<p style=""font-weight: 300;"">Antitusivo.</p>\n&nbsp;\n<h6 style=""font-weight: 300;"">INDICACIONES TERAPÉUTICAS:</h6>\n<p style=""font-weight: 300;"">El bromhidrato de Dextrometorfano es un compuesto que suprime el reflejo de la tos calmándola, de esta manera constituye una ventaja frente a los alcaloides del opio ya que no produce farmacodependencia.\nEstá indicado para el alivio sintomático de la tos no productiva o tos seca, debido a afecciones de las vías respiratorias como irritaciones leves de la garganta y bronquitis que aparecen con los resfriados o la inhalación de irritantes.</p>\n&nbsp;\n<h6 style=""font-weight: 300;"">CONTRAINDICACIONES:</h6>\n<p style=""font-weight: 300;"">Hipersensibilidad al principio activo y tos productiva.</p>\n&nbsp;\n<h6 style=""font-weight: 300;"">PRECAUCIONES GENERALES:</h6>\n<p style=""font-weight: 300;"">Pacientes con insuficiencia hepática.</p>\n&nbsp;\n<h6 style=""font-weight: 300;"">REACCIONES SECUNDARIAS Y ADVERSAS:</h6>\n<p style=""font-weight: 300;"">A dosis elevadas o durante tratamientos prolongados puede llevar a confusión mental, excitación psíquica, nerviosismo, inquietud, irritabilidad, somnolencia.\nMenos frecuentes o raros son: mareos, náuseas, vómitos, dolor de estómago.</p>\n&nbsp;\n<h6 style=""font-weight: 300;"">INTERACCIONES MEDICAMENTOSAS Y DE OTRO GENERO:</h6>\n<p style=""font-weight: 300;"">Medicamentos depresores del SNC.</p>\n&nbsp;\n<h6 style=""font-weight: 300;"">DOSIS Y VÍA DE ADMINISTRACIÓN:</h6>\n<p style=""font-weight: 300;""><strong>Niños hasta dos años</strong>: NO se recomienda su administración.\n<strong>Niños de dos a seis años</strong>: Medio comprimido cada cuatro horas.\n<strong>Niños de seis a doce años</strong>: Un comprimido cada cuatro horas.\n<strong>Adultos</strong>: Uno a dos comprimidos cada cuatro horas.</p>\n&nbsp;\n<h6 style=""font-weight: 300;"">PRESENTACIONES:</h6>\n<p style=""font-weight: 300;"">Caja por 100 comprimidos.</p>","Delta > Comprimidos\, Cápsulas\, Sobres\, Tabletas",,,,no,yes,yes,,no,,,,no,,no,default,default,default,,,,
,"DIAZEPAM 10mg","<p style=""font-weight: 300;""><b><strong>COMPRIMIDOS</strong></b></p>\n<p style=""font-weight: 300;"">Ansiolítico</p>","<h6>FORMA FARMACÉUTICA Y FORMULACIÓN:</h6>\n<table style=""font-weight: 400;"">\n<tbody>\n<tr>\n<td colspan=""2"">\n<p style=""font-weight: 300;"">Cada comprimido contiene:</p>\n</td>\n</tr>\n<tr>\n<td>\n<p style=""font-weight: 300;"">Diazepam</p>\n</td>\n<td>\n<p style=""font-weight: 300;"">10 mg</p>\n</td>\n</tr>\n<tr>\n<td>\n<p style=""font-weight: 300;"">Excipientes</p>\n</td>\n<td>\n<p style=""font-weight: 300;"">c.s.</p>\n</td>\n</tr>\n</tbody>\n</table>\n&nbsp;\n<h6 style=""font-weight: 300;"">DESCRIPCIÓN:</h6>\n<p style=""font-weight: 300;"">Ansiolítico.</p>\n&nbsp;\n<h6 style=""font-weight: 300;"">INDICACIONES TERAPÉUTICAS:</h6>\n<p style=""font-weight: 300;"">En casos de ansiedad y sus manifestaciones psicosomáticas, relajante muscular, medicación preanestésica, anticonvulsivante, síndrome de supresión alcohólica, procedimientos endoscópicos, crisis convulsivas y para insomnios transitorios.</p>\n&nbsp;\n<h6 style=""font-weight: 300;"">CONTRAINDICACIONES:</h6>\n<p style=""font-weight: 300;"">En pacientes con miastemia gravis, durante el primer trimestre del embarazo, glaucoma de ángulo cerrado, enfermedad pulmonar obstructiva severa y en pacientes que tengan antecedentes de hipersensibilidad a las benzodiazepinas.</p>\n&nbsp;\n<h6 style=""font-weight: 300;"">PRECAUCIONES GENERALES:</h6>\n<p style=""font-weight: 300;"">Estado depresivo severo, tendencia al suicidio, ancianos, personas que desempeña actividades que requieran coordinación y alerta, hipoalbuminemia, embarazo, lactancia, toxicomanía, intoxicación alcohólica aguda, coma, choque, insuficiencia hepática y/o renal, hiperquinesia, síndrome orgánico cerebral, psicosis.</p>\n&nbsp;\n<h6 style=""font-weight: 300;"">REACCIONES SECUNDARIAS Y ADVERSAS:</h6>\n<p style=""font-weight: 300;"">Podría presentar ataxia, somnolencia, confusión, depresión, fatiga, alucinaciones, desorientación, amnesia, delirio, disartria, estupor, coma, vértigo, euforia, irritabilidad, psicosis, estreñimiento o diarrea, sequedad de la boca, náuseas, vómitos, anorexia, incontinencia, bradicardia, hipotensión arterial, flebitis, diplopia, reacciones de hipersensibilidad, insuficiencia respiratoria, parestesias, relajación muscular, agranulocitosis, síndrome de abstinencia, reacciones paradojales.</p>\n&nbsp;\n<h6 style=""font-weight: 300;"">INTERACCIONES MEDICAMENTOSAS Y DE OTRO GENERO:</h6>\n<p style=""font-weight: 300;"">Diazepam interacciona con eritromicina, INH, anticonceptivos orales, alcohol, antiácidos, rifampicina, carbamazepina, fenitoína, depresores del SNC é hipotensores.</p>\n&nbsp;\n<h6 style=""font-weight: 300;"">DOSIS Y VÍA DE ADMINISTRACIÓN:</h6>\n<p style=""font-weight: 300;""><strong>Dosis Adultos</strong>: Uno a dos comprimidos cada 6 u 8 horas.</p>\n&nbsp;\n<h6 style=""font-weight: 300;"">PRESENTACIONES:</h6>\n<p style=""font-weight: 300;"">Caja por 20 comprimidos.</p>\n&nbsp;\n<h6 style=""font-weight: 300;"">REGISTRO SANITARIO:</h6>\n<p style=""font-weight: 300;"">NN-33656/2012</p>","Delta > Comprimidos\, Cápsulas\, Sobres\, Tabletas",,,,no,yes,yes,,no,,,,no,,no,default,default,default,,,,
,"DICLOFENACO 100mg","<b><strong>COMPRIMIDOS</strong></b>\nAntiinflamatorio y antirreumático","<h6 style=""font-weight: 300;"">FORMA FARMACÉUTICA Y FORMULACIÓN:</h6>\n<table style=""font-weight: 400;"">\n<tbody>\n<tr>\n<td colspan=""2"">\n<p style=""font-weight: 300;"">Cada comprimido contiene:</p>\n</td>\n</tr>\n<tr>\n<td>\n<p style=""font-weight: 300;"">Diclofenaco sódico</p>\n</td>\n<td>\n<p style=""font-weight: 300;"">25 mg</p>\n</td>\n</tr>\n<tr>\n<td>\n<p style=""font-weight: 300;"">Diclofenaco sódico</p>\n</td>\n<td>\n<p style=""font-weight: 300;"">50 mg</p>\n</td>\n</tr>\n<tr>\n<td>\n<p style=""font-weight: 300;"">Diclofenaco sódico</p>\n</td>\n<td>\n<p style=""font-weight: 300;"">75 mg</p>\n</td>\n</tr>\n<tr>\n<td>\n<p style=""font-weight: 300;"">Diclofenaco sódico</p>\n</td>\n<td>\n<p style=""font-weight: 300;"">100 mg</p>\n</td>\n</tr>\n<tr>\n<td>\n<p style=""font-weight: 300;"">Excipientes</p>\n</td>\n<td>\n<p style=""font-weight: 300;"">c.s.</p>\n</td>\n</tr>\n</tbody>\n</table>\n&nbsp;\n<h5 style=""font-weight: 300;"">DESCRIPCIÓN:</h5>\n<p style=""font-weight: 300;"">Antiinflamatorio y antirreumático.</p>\n&nbsp;\n<h6 style=""font-weight: 300;"">INDICACIONES TERAPÉUTICAS:</h6>\n<p style=""font-weight: 300;"">Diclofenaco es un antiinflamatorio, antirreumático, está indicado para el tratamiento de artritis reumatoidea, osteoartritis, espondilitis anquilosante, lesiones músculo-esqueléticas agudas, dismenorrea.</p>\n&nbsp;\n<h6 style=""font-weight: 300;"">CONTRAINDICACIONES:</h6>\n<p style=""font-weight: 300;"">Está contraindicado en casos de hipersensibilidad a antiinflamatorios no esteroides, úlcera péptica activa, además depresión de médula ósea.</p>\n&nbsp;\n<h6 style=""font-weight: 300;"">PRECAUCIONES GENERALES:</h6>\n<p style=""font-weight: 300;"">Se debe tener cuidado en pacientes ancianos, asma, retención hídrica, diabetes mellitus, sepsis, trastornos gastrointestinales, alteraciones de la coagulación, insuficiencia hepática y/o renal, embarazo, estomatitis, lupus sistémico, epilepsia, depresión mental, desórdenes psiquiátricos.</p>\n&nbsp;\n<h6 style=""font-weight: 300;"">REACCIONES SECUNDARIAS Y ADVERSAS:</h6>\n<p style=""font-weight: 300;"">Puede presentar: pirosis, anorexia, dolor abdominal, náuseas, cólicos, diarrea, constipación, úlceras o perforación gastrointestinal; mareos, tinnitus, hipoacusia, cefalea; reacciones de hipersensibilidad, aplasia medular, retención hídrica, inhibición de la agregación plaquetaria, disminución de la función renal, arritmias, prolongación de la actividad de la protrombina, excitación central.</p>\n&nbsp;\n<h6 style=""font-weight: 300;"">INTERACCIONES MEDICAMENTOSAS Y DE OTRO GENERO:</h6>\n<p style=""font-weight: 300;"">Litio, digitálicos, corticoides, otros antiinflamatorios no esteroideos, acetaminofeno, warfarina, suplementos de potasio, aminoglucósidos, alcohol, hipoglucemiantes orales, insulina, natriuréticos, colchicina, sales de oro, metrotexato, antihipertensivos, medicamentos que se unen en elevada proporción a proteínas plasmáticas.</p>\n&nbsp;\n<h6 style=""font-weight: 300;"">DOSIS Y VÍA DE ADMINISTRACIÓN:</h6>\n<p style=""font-weight: 300;""><strong>Diclofenaco sódico 25 mg</strong>:\n<em>Dosis Adultos</em>: 25 – 50 mg, dos a cuatro veces al día.\n<strong>Diclofenaco sódico 50 mg</strong>:\n<em>Dosis Adultos</em>:\nAntiinflamatorio-antirreumático: Un comprimido 2 veces al día.\nAnalgésico-Antintipirético: Medio comprimido 3 veces al día.\n<em>Dosis Pediátrica</em>: No establecida, se debe administrar bajo criterio médico.\n<strong>Diclofenaco sódico 75 mg</strong>:\n<em>Dosis Adultos</em>:\nAntiinflamatorio-antirreumático: Un comprimido 3 veces al día.\n<em>Dosis Pediátrica</em>: No establecida, se debe administrar bajo criterio médico.\n<strong>Diclofenaco sódico 100 mg</strong>:\n<em>Dosis Adultos</em>:\nAntiinflamatorio-antirreumático: Un comprimido 2 veces al día.\nAnalgésico-Antintipirético: Medio comprimido 3 veces al día.\n<em>Dosis Pediátrica</em>: No establecida, se debe administrar bajo criterio médico.</p>\n&nbsp;\n<h6 style=""font-weight: 300;"">PRESENTACIONES:</h6>\n<p style=""font-weight: 300;"">Caja por 100 comprimidos.</p>\n&nbsp;\n<h6 style=""font-weight: 300;"">REGISTRO SANITARIO:</h6>\n<p style=""font-weight: 300;"">NN-25627/2014</p>","Delta > Comprimidos\, Cápsulas\, Sobres\, Tabletas",,,,no,yes,yes,,no,,,,no,,no,default,default,default,,,,
,"DICLOFENACO 50mg","<b><strong>COMPRIMIDOS</strong></b>\nAntiinflamatorio y antirreumático","<h6 style=""font-weight: 300;"">FORMA FARMACÉUTICA Y FORMULACIÓN:</h6>\n<table style=""font-weight: 400;"">\n<tbody>\n<tr>\n<td colspan=""2"">\n<p style=""font-weight: 300;"">Cada comprimido contiene:</p>\n</td>\n</tr>\n<tr>\n<td>\n<p style=""font-weight: 300;"">Diclofenaco sódico</p>\n</td>\n<td>\n<p style=""font-weight: 300;"">25 mg</p>\n</td>\n</tr>\n<tr>\n<td>\n<p style=""font-weight: 300;"">Diclofenaco sódico</p>\n</td>\n<td>\n<p style=""font-weight: 300;"">50 mg</p>\n</td>\n</tr>\n<tr>\n<td>\n<p style=""font-weight: 300;"">Diclofenaco sódico</p>\n</td>\n<td>\n<p style=""font-weight: 300;"">75 mg</p>\n</td>\n</tr>\n<tr>\n<td>\n<p style=""font-weight: 300;"">Diclofenaco sódico</p>\n</td>\n<td>\n<p style=""font-weight: 300;"">100 mg</p>\n</td>\n</tr>\n<tr>\n<td>\n<p style=""font-weight: 300;"">Excipientes</p>\n</td>\n<td>\n<p style=""font-weight: 300;"">c.s.</p>\n</td>\n</tr>\n</tbody>\n</table>\n&nbsp;\n<h6 style=""font-weight: 300;"">DESCRIPCIÓN:</h6>\n<p style=""font-weight: 300;"">Antiinflamatorio y antirreumático.</p>\n&nbsp;\n<h6 style=""font-weight: 300;"">INDICACIONES TERAPÉUTICAS:</h6>\n<p style=""font-weight: 300;"">Diclofenaco es un antiinflamatorio, antirreumático, está indicado para el tratamiento de artritis reumatoidea, osteoartritis, espondilitis anquilosante, lesiones músculo-esqueléticas agudas, dismenorrea.</p>\n&nbsp;\n<h6 style=""font-weight: 300;"">CONTRAINDICACIONES:</h6>\n<p style=""font-weight: 300;"">Está contraindicado en casos de hipersensibilidad a antiinflamatorios no esteroides, úlcera péptica activa, además depresión de médula ósea.</p>\n&nbsp;\n<h6 style=""font-weight: 300;"">PRECAUCIONES GENERALES:</h6>\n<p style=""font-weight: 300;"">Se debe tener cuidado en pacientes ancianos, asma, retención hídrica, diabetes mellitus, sepsis, trastornos gastrointestinales, alteraciones de la coagulación, insuficiencia hepática y/o renal, embarazo, estomatitis, lupus sistémico, epilepsia, depresión mental, desórdenes psiquiátricos.</p>\n&nbsp;\n<h6 style=""font-weight: 300;"">REACCIONES SECUNDARIAS Y ADVERSAS:</h6>\n<p style=""font-weight: 300;"">Puede presentar: pirosis, anorexia, dolor abdominal, náuseas, cólicos, diarrea, constipación, úlceras o perforación gastrointestinal; mareos, tinnitus, hipoacusia, cefalea; reacciones de hipersensibilidad, aplasia medular, retención hídrica, inhibición de la agregación plaquetaria, disminución de la función renal, arritmias, prolongación de la actividad de la protrombina, excitación central.</p>\n&nbsp;\n<h6 style=""font-weight: 300;"">INTERACCIONES MEDICAMENTOSAS Y DE OTRO GENERO:</h6>\n<p style=""font-weight: 300;"">Litio, digitálicos, corticoides, otros antiinflamatorios no esteroideos, acetaminofeno, warfarina, suplementos de potasio, aminoglucósidos, alcohol, hipoglucemiantes orales, insulina, natriuréticos, colchicina, sales de oro, metrotexato, antihipertensivos, medicamentos que se unen en elevada proporción a proteínas plasmáticas.</p>\n&nbsp;\n<h6 style=""font-weight: 300;"">DOSIS Y VÍA DE ADMINISTRACIÓN:</h6>\n<p style=""font-weight: 300;""><strong>Diclofenaco sódico 25 mg</strong>:\n<em>Dosis Adultos</em>: 25 – 50 mg, dos a cuatro veces al día.\n<strong>Diclofenaco sódico 50 mg</strong>:\n<em>Dosis Adultos</em>:\nAntiinflamatorio-antirreumático: Un comprimido 2 veces al día.\nAnalgésico-Antintipirético: Medio comprimido 3 veces al día.\n<em>Dosis Pediátrica</em>: No establecida, se debe administrar bajo criterio médico.\n<strong>Diclofenaco sódico 75 mg</strong>:\n<em>Dosis Adultos</em>:\nAntiinflamatorio-antirreumático: Un comprimido 3 veces al día.\n<em>Dosis Pediátrica</em>: No establecida, se debe administrar bajo criterio médico.\n<strong>Diclofenaco sódico 100 mg</strong>:\n<em>Dosis Adultos</em>:\nAntiinflamatorio-antirreumático: Un comprimido 2 veces al día.\nAnalgésico-Antintipirético: Medio comprimido 3 veces al día.\n<em>Dosis Pediátrica</em>: No establecida, se debe administrar bajo criterio médico.</p>\n&nbsp;\n<h6 style=""font-weight: 300;"">PRESENTACIONES:</h6>\n<p style=""font-weight: 300;"">Caja por 100 comprimidos.</p>\n&nbsp;\n<h6 style=""font-weight: 300;"">REGISTRO SANITARIO:</h6>\n<p style=""font-weight: 300;"">NN-25627/2014</p>","Delta > Comprimidos\, Cápsulas\, Sobres\, Tabletas",,,,no,yes,yes,,no,,,,no,,no,default,default,default,,,,
,"DICLOFENACO 75mg","<b><strong>COMPRIMIDOS</strong></b>\nAntiinflamatorio y antirreumático","<h6 style=""font-weight: 300;"">FORMA FARMACÉUTICA Y FORMULACIÓN:</h6>\n<table style=""font-weight: 400;"">\n<tbody>\n<tr>\n<td colspan=""2"">\n<p style=""font-weight: 300;"">Cada comprimido contiene:</p>\n</td>\n</tr>\n<tr>\n<td>\n<p style=""font-weight: 300;"">Diclofenaco sódico</p>\n</td>\n<td>\n<p style=""font-weight: 300;"">25 mg</p>\n</td>\n</tr>\n<tr>\n<td>\n<p style=""font-weight: 300;"">Diclofenaco sódico</p>\n</td>\n<td>\n<p style=""font-weight: 300;"">50 mg</p>\n</td>\n</tr>\n<tr>\n<td>\n<p style=""font-weight: 300;"">Diclofenaco sódico</p>\n</td>\n<td>\n<p style=""font-weight: 300;"">75 mg</p>\n</td>\n</tr>\n<tr>\n<td>\n<p style=""font-weight: 300;"">Diclofenaco sódico</p>\n</td>\n<td>\n<p style=""font-weight: 300;"">100 mg</p>\n</td>\n</tr>\n<tr>\n<td>\n<p style=""font-weight: 300;"">Excipientes</p>\n</td>\n<td>\n<p style=""font-weight: 300;"">c.s.</p>\n</td>\n</tr>\n</tbody>\n</table>\n&nbsp;\n<h6 style=""font-weight: 300;"">DESCRIPCIÓN:</h6>\n<p style=""font-weight: 300;"">Antiinflamatorio y antirreumático.</p>\n&nbsp;\n<h6 style=""font-weight: 300;"">INDICACIONES TERAPÉUTICAS:</h6>\n<p style=""font-weight: 300;"">Diclofenaco es un antiinflamatorio, antirreumático, está indicado para el tratamiento de artritis reumatoidea, osteoartritis, espondilitis anquilosante, lesiones músculo-esqueléticas agudas, dismenorrea.</p>\n&nbsp;\n<h6 style=""font-weight: 300;"">CONTRAINDICACIONES:</h6>\n<p style=""font-weight: 300;"">Está contraindicado en casos de hipersensibilidad a antiinflamatorios no esteroides, úlcera péptica activa, además depresión de médula ósea.</p>\n&nbsp;\n<h6 style=""font-weight: 300;"">PRECAUCIONES GENERALES:</h6>\n<p style=""font-weight: 300;"">Se debe tener cuidado en pacientes ancianos, asma, retención hídrica, diabetes mellitus, sepsis, trastornos gastrointestinales, alteraciones de la coagulación, insuficiencia hepática y/o renal, embarazo, estomatitis, lupus sistémico, epilepsia, depresión mental, desórdenes psiquiátricos.</p>\n&nbsp;\n<h6 style=""font-weight: 300;"">REACCIONES SECUNDARIAS Y ADVERSAS:</h6>\n<p style=""font-weight: 300;"">Puede presentar: pirosis, anorexia, dolor abdominal, náuseas, cólicos, diarrea, constipación, úlceras o perforación gastrointestinal; mareos, tinnitus, hipoacusia, cefalea; reacciones de hipersensibilidad, aplasia medular, retención hídrica, inhibición de la agregación plaquetaria, disminución de la función renal, arritmias, prolongación de la actividad de la protrombina, excitación central.</p>\n&nbsp;\n<h6 style=""font-weight: 300;"">INTERACCIONES MEDICAMENTOSAS Y DE OTRO GENERO:</h6>\n<p style=""font-weight: 300;"">Litio, digitálicos, corticoides, otros antiinflamatorios no esteroideos, acetaminofeno, warfarina, suplementos de potasio, aminoglucósidos, alcohol, hipoglucemiantes orales, insulina, natriuréticos, colchicina, sales de oro, metrotexato, antihipertensivos, medicamentos que se unen en elevada proporción a proteínas plasmáticas.</p>\n&nbsp;\n<h6 style=""font-weight: 300;"">DOSIS Y VÍA DE ADMINISTRACIÓN:</h6>\n<p style=""font-weight: 300;""><strong>Diclofenaco sódico 25 mg</strong>:\n<em>Dosis Adultos</em>: 25 – 50 mg, dos a cuatro veces al día.\n<strong>Diclofenaco sódico 50 mg</strong>:\n<em>Dosis Adultos</em>:\nAntiinflamatorio-antirreumático: Un comprimido 2 veces al día.\nAnalgésico-Antintipirético: Medio comprimido 3 veces al día.\n<em>Dosis Pediátrica</em>: No establecida, se debe administrar bajo criterio médico.\n<strong>Diclofenaco sódico 75 mg</strong>:\n<em>Dosis Adultos</em>:\nAntiinflamatorio-antirreumático: Un comprimido 3 veces al día.\n<em>Dosis Pediátrica</em>: No establecida, se debe administrar bajo criterio médico.\n<strong>Diclofenaco sódico 100 mg</strong>:\n<em>Dosis Adultos</em>:\nAntiinflamatorio-antirreumático: Un comprimido 2 veces al día.\nAnalgésico-Antintipirético: Medio comprimido 3 veces al día.\n<em>Dosis Pediátrica</em>: No establecida, se debe administrar bajo criterio médico.</p>\n&nbsp;\n<h6 style=""font-weight: 300;"">PRESENTACIONES:</h6>\n<p style=""font-weight: 300;"">Caja por 100 comprimidos.</p>\n&nbsp;\n<h6 style=""font-weight: 300;"">REGISTRO SANITARIO:</h6>\n<p style=""font-weight: 300;"">NN-25627/2014</p>","Delta > Comprimidos\, Cápsulas\, Sobres\, Tabletas",,,,no,yes,yes,,no,,,,no,,no,default,default,default,,,,
,"DICLOXACILINA 500mg","<p class=""subtitulo2""><strong>CÁPSULAS</strong>\nAntibiótico de amplio espectro</p>\n<p class=""separador""></p>","<h6 class=""subtitulo"">FORMA FARMACÉUTICA Y FORMULACIÓN:</h6>\n<p class=""subtitulo2"">Cada cápsula contiene:\nDicloxacilina sódica 500 mg</p>\n&nbsp;\n<h6 class=""subtitulo""><a name=""descripcion""></a>DESCRIPCIÓN:</h6>\n<p class=""subtitulo2"">Antibacteriano para uso sistémico.</p>\n&nbsp;\n<h6 class=""subtitulo""><a name=""indicaciones""></a>INDICACIONES TERAPÉUTICAS:</h6>\n<p class=""subtitulo2"">Dicloxacilina es un antibiótico indicado para el tratamiento de procesos infecciosos de las vías respiratorias, de la piel y tejidos blandos, genitourinarias, articulares y osteomelitis superativa, producidas por estafilococos aureus y productores de betalactamasas que hayan demostrado susceptibilidad o resistencia a las penicilinazas.</p>\n&nbsp;\n<h6 class=""subtitulo""><a name=""contraindicaciones""></a>CONTRAINDICACIONES:</h6>\n<p class=""subtitulo2"">Está contraindicado en pacientes con antecedentes de hipersensibilidad a los betalactámicos y en recién nacidos.</p>\n&nbsp;\n<h6 class=""subtitulo""><a name=""precauciones""></a>PRECAUCIONES GENERALES:</h6>\n<p class=""subtitulo2"">Se debe tener cuidado en pacientes con historia de alergias en general, insuficiencia renal severa y durante el embarazo.</p>\n&nbsp;\n<h6 class=""subtitulo""><a name=""reacciones""></a>REACCIONES SECUNDARIAS Y ADVERSAS:</h6>\n<p class=""subtitulo2"">Las reacciones secundarias y adversas tras la administración de Dicloxacilina se encuadran esencialmente en fenómenos de hipersesibilidad de diverso grado de severidad. También puede producir náuseas, vómitos, diarrea, dolor abdominal, neurotoxicidad, hemorragia gastrointestinal.</p>\n&nbsp;\n<h6 class=""subtitulo""><a name=""interacciones""></a>INTERACCIONES MEDICAMENTOSAS Y DE OTRO GENERO:</h6>\n<p class=""subtitulo2"">La acción bactericida de la dicloxacilina es antagonizada con la administración conjunta de antibióticos bacteriostáticos como es el caso de las tetraciclinas por lo que se debe evitar su administración simultánea.</p>\n&nbsp;\n<h6 class=""subtitulo""><a name=""dosis""></a>DOSIS Y VÍA DE ADMINISTRACIÓN:</h6>\n<p class=""subtitulo2""><b>Dosis Adultos</b>: Una cápsula cada seis horas ingerida una a dos horas antes de los alimentos. La dosis varía de acuerdo a la severidad de la infección y según criterio del médico.</p>\n&nbsp;\n<h6 class=""subtitulo""><a name=""presentaciones""></a>PRESENTACIONES:</h6>\n<p class=""subtitulo2"">Caja por 50 capsulas.</p>\n&nbsp;\n<h6 class=""subtitulo""><a name=""ippa""></a>REGISTRO SANITARIO:</h6>\n<p class=""subtitulo2"">NN-32733/2011</p>","Delta > Comprimidos\, Cápsulas\, Sobres\, Tabletas",,,,no,yes,yes,,no,,,,no,,no,default,default,default,,,,
,"ENALAPRIL 10mg","Comprimidos Recubiertos","<strong>COMPOSICIÓN</strong>\n\nCada comprimido recubierto contiene:\n\nEnalapril maleato                    10 mg\n\nExcipientes                                  c.s.\n\n<strong>ACCIÓN TERAPÉUTICA</strong>\n\nAntihipertensivo\n\n<strong>INDICACIONES</strong>\n\nEnalapril está indicado para el tratamiento de hipertensión arterial leve o moderada; reduce el riesgo de accidente cerebrovascular e infartos en pacientes con hipertensión. En combinación con otros medicamentos sirve para tratar la insuficiencia cardiaca congestiva grave que no responde a otras medidas.\n\n<strong>DOSIS: </strong><em>Vía de administración oral.</em>\n\n<em><u>Adultos</u></em><em>: </em>Se recomienda iniciar el tratamiento con 2,5 a 5 mg por día. La dosis usual está en el rango de 10 mg - 40 mg por día o dos tomas diarias.\n\n<em>Tratamiento de la insuficiencia cardiaca</em>\n\n<em><u>Dosis inicial</u></em><em>: </em>2,5 mg cada 12 horas<em>. </em>\n\n<em><u>Dosis usual</u></em><em>: </em>2,5 mg a 20 mg cada 12 horas.\n\n<em><u>Dosis máxima</u></em><em>: </em>40 mg por día.\n\n<strong>PRECAUCIONES</strong>\n<ul>\n 	<li>Mayores de 60 años son más sensibles a las reacciones adversas.</li>\n 	<li>Insuficiencia renal y /o hepática.</li>\n 	<li>Antes de un examen de orina y/o sangre debe notificarse al médico el tratamiento con este medicamento.</li>\n 	<li>Precedentes de patologías cardiovasculares como estenosis de la válvula aórtica o</li>\n</ul>\nmitral/miocardiopatía hipertrófica.\n\n<strong>CONTRAINDICACIONES</strong>\n\nHipersensibilidad al medicamento o a alguno de sus componentes, estenosis renal bilateral, estenosis aórtica, porfiria y antecedentes de angioedema.\n\n<strong>REACCIONES ADVERSAS</strong>\n\nPodría presentar tos seca y persistente, mareos, cefalea, alteración en gusto, fiebre, escalofríos, dolor de garganta, dolor en pecho, ronquera, súbita dificultad para respirar, confusión, coloración amarillenta en la piel u ojos, dolor abdominal, inflamación de la cara, boca y extremidades.\n\n<strong>USO DURANTE EL EMBARAZO Y LA LACTANCIA</strong>\n\nEnalapril no debe administrarse durante el embarazo ni la lactancia.\n\n<strong>INTERACCIONES</strong> <strong>MEDICAMENTOSAS</strong>\n\nSe han descrito interacciones con: Antiinflamatorios no esteroideos, aspirina, suplementos de potasio, ciclosporina, azatioprina, gluconato de hierro, diuréticos ahorradores de potasio como la espironolactona, triamtereno o amilorida.\n\n<strong>ADVERTENCIAS</strong>\n\nEste medicamento contiene: <em><u>Glicerina</u></em>, a dosis elevadas puede producir dolor de cabeza, molestias de estómago y diarrea. <em><u>Lactosa</u></em>, si padece una intolerancia a ciertos azúcares, consulte con su médico antes de tomar este medicamento. <em><u>Almidón de maíz</u></em> (libre de gluten).\n\n<strong>SOBREDOSIS</strong>\n\nLos síntomas de sobredosis corresponden a una intensificación de las reacciones adversas, las manifestaciones más probables son frio, mareos, calambres.\n\nEn caso de sobredosis o ingestión accidental acuda a un centro de salud para iniciar un tratamiento sintomático y de soporte.\n\n<strong>CONDICIONES DE ALMACENAMIENTO</strong>\n\nAlmacenar a no más de 30 °C y protegido de la luz solar.\n\n<strong>PRESENTACIÓN</strong>\n\nBlíster PVC-ALU x 10 comprimidos recubiertos. Caja x 200 comprimidos recubiertos + prospecto.","Delta > Comprimidos\, Cápsulas\, Sobres\, Tabletas",,,,no,yes,yes,,no,,,,no,,no,default,default,default,default,default,default,set
,"ERGOTAMINA + CAFEINA","<b><strong>COMPRIMIDOS</strong></b>\nAntimigrañoso","<h6 style=""font-weight: 300;"">FORMA FARMACÉUTICA Y FORMULACIÓN:</h6>\n<table style=""font-weight: 400;"">\n<tbody>\n<tr>\n<td colspan=""2"">\n<p style=""font-weight: 300;"">Cada comprimido recubierto contiene:</p>\n</td>\n</tr>\n<tr>\n<td>\n<p style=""font-weight: 300;"">Ergotamina tartrato</p>\n</td>\n<td>\n<p style=""font-weight: 300;"">1 mg</p>\n</td>\n</tr>\n<tr>\n<td>\n<p style=""font-weight: 300;"">Cafeína</p>\n</td>\n<td>\n<p style=""font-weight: 300;"">100 mg</p>\n</td>\n</tr>\n<tr>\n<td>\n<p style=""font-weight: 300;"">Excipientes</p>\n</td>\n<td>\n<p style=""font-weight: 300;"">c.s.</p>\n</td>\n</tr>\n</tbody>\n</table>\n&nbsp;\n<h6 style=""font-weight: 300;"">DESCRIPCIÓN:</h6>\n<p style=""font-weight: 300;"">Antimigrañoso.</p>\n&nbsp;\n<h6 style=""font-weight: 300;"">INDICACIONES TERAPÉUTICAS:</h6>\n<p style=""font-weight: 300;"">Antimigrañoso, para el tratamiento sintomático de la migraña o jaqueca.</p>\n&nbsp;\n<h6 style=""font-weight: 300;"">CONTRAINDICACIONES:</h6>\n<p style=""font-weight: 300;"">Pacientes con hipersensibilidad a los alcaloides del cornezuelo de centeno, hipertensión arterial sistemática no controlada.</p>\n&nbsp;\n<h6 style=""font-weight: 300;"">PRECAUCIONES GENERALES:</h6>\n<p style=""font-weight: 300;"">Administrar con cautela en pacientes con enfermedad coronaria, insuficiencia hepática y/o renal, enfermedad vascular periférica oclusiva, embarazo y lactancia materna.</p>\n&nbsp;\n<h6 style=""font-weight: 300;"">REACCIONES SECUNDARIAS Y ADVERSAS:</h6>\n<p style=""font-weight: 300;"">Podría producir diarrea, náuseas, vómitos, mareos, mialgias, cefaleas, taquicardia o bradicardia, vasoconstricción periférica y coronaria.</p>\n&nbsp;\n<h6 style=""font-weight: 300;"">INTERACCIONES MEDICAMENTOSAS Y DE OTRO GENERO:</h6>\n<p style=""font-weight: 300;"">La administración concomitante de la ergotamina con la troleandomicina, eritromicina o josamicina puede provocar una concentración elevada de ergotamina en el plasma y causa por consiguiente una vasoconstricción periférica indeseable.\nSe han señalado algunos casos de reacción angeoplásica entre los pacientes que fueron tratados concomitantemente con ergotamina y propanolo.</p>\n&nbsp;\n<h6 style=""font-weight: 300;"">DOSIS Y VÍA DE ADMINISTRACIÓN:</h6>\n<p style=""font-weight: 300;""><strong>Dosis adultos y adolescentes</strong>: Dos comprimidos al día.\n<em>Dosis máxima</em>: 10 mg de Tartrato de Ergotamina a la semana o según criterio del médico.</p>\n&nbsp;\n<h6 style=""font-weight: 300;"">PRESENTACIONES:</h6>\n<p style=""font-weight: 300;"">Caja por 50 comprimidos.</p>\n&nbsp;\n<h6 style=""font-weight: 300;"">REGISTRO SANITARIO:</h6>\n<p style=""font-weight: 300;"">NN-32751/2011</p>","Delta > Comprimidos\, Cápsulas\, Sobres\, Tabletas",,,,no,yes,yes,,no,,,,no,,no,default,default,default,,,,
,"ERITROMICINA 500mg","<b><strong>COMPRIMIDOS</strong></b>\nAntibiótico","<h6 style=""font-weight: 300;"">FORMA FARMACÉUTICA Y FORMULACIÓN:</h6>\n<table style=""font-weight: 400;"">\n<tbody>\n<tr>\n<td colspan=""2"">\n<p style=""font-weight: 300;"">Cada comprimido contiene:</p>\n</td>\n</tr>\n<tr>\n<td>\n<p style=""font-weight: 300;"">Eritromicina base</p>\n</td>\n<td>\n<p style=""font-weight: 300;"">500 mg</p>\n</td>\n</tr>\n<tr>\n<td>\n<p style=""font-weight: 300;"">Excipientes</p>\n</td>\n<td>\n<p style=""font-weight: 300;"">c.s.</p>\n</td>\n</tr>\n</tbody>\n</table>\n&nbsp;\n<h6 style=""font-weight: 300;"">DESCRIPCIÓN:</h6>\n<p style=""font-weight: 300;"">Antiinfeccioso para uso sistémico.</p>\n&nbsp;\n<h6 style=""font-weight: 300;"">INDICACIONES TERAPÉUTICAS:</h6>\n<p style=""font-weight: 300;"">Para el tratamiento de infecciones del tracto respiratorio superior e inferior producidas por cepas sensibles de <i><em>Estreptococus, Estafilococus, Neumococus, Haemophilus influenzae, Bordetella pertusis, Corynebacterium diphteriae</em></i>, en caso de alergia a las penicilinas. Infecciones genitourinarias producidas por cepas sensibles de <i><em>Chlamydias, Stafilococus aureus, Treponema pallidum</em></i>. Gangrena gaseosa. Profilaxis de fiebre reumática.</p>\n&nbsp;\n<h6 style=""font-weight: 300;"">CONTRAINDICACIONES:</h6>\n<p style=""font-weight: 300;"">Hipersensibilidad a la eritromicina.</p>\n&nbsp;\n<h6 style=""font-weight: 300;"">PRECAUCIONES GENERALES:</h6>\n<p style=""font-weight: 300;"">Debe emplearse con mucho cuidado en casos de insuficiencia hepática y trastornos de la audición. Administrar con cautela bajo supervisión médica durante el embarzo y lactancia.</p>\n&nbsp;\n<h6 style=""font-weight: 300;"">REACCIONES SECUNDARIAS Y ADVERSAS:</h6>\n<p style=""font-weight: 300;"">Podría presentar trastornos gastrointestinales como ser: molestias epigástricas, náuseas, vómitos, diarrea. Reacciones de hipersensibilidad como ser: exantema, fiebre y eosinofilia. Colitis pseudomembranosa.</p>\n&nbsp;\n<h6 style=""font-weight: 300;"">INTERACCIONES MEDICAMENTOSAS Y DE OTRO GENERO:</h6>\n<p style=""font-weight: 300;"">Carbamazepina, cloranfenicol, ciclosporina, digoxina, ergotamina, medicamentos hepatotóxicos y ototóxicos, penicilinas, warfarina, xantinas.</p>\n&nbsp;\n<h6 style=""font-weight: 300;"">DOSIS Y VÍA DE ADMINISTRACIÓN:</h6>\n<p style=""font-weight: 300;""><strong>Dosis Adultos</strong>: Un comprimido cada 6 horas.\n<strong>Dosis Pediátrica</strong>: Según prescripción del médico.</p>\n&nbsp;\n<h6 style=""font-weight: 300;"">PRESENTACIONES:</h6>\n<p style=""font-weight: 300;"">Caja por 200 comprimidos.</p>\n\n<h6></h6>\n<h6 style=""font-weight: 300;"">REGISTRO SANITARIO:</h6>\n<p style=""font-weight: 300;"">NN-24418/2012</p>","Delta > Comprimidos\, Cápsulas\, Sobres\, Tabletas",,,,no,yes,yes,,no,,,,no,,no,default,default,default,,,,
,"ESPASMODOL 10mg","<b><strong>COMPRIMIDOS</strong></b>\nAntiespasmódico","<h6 style=""font-weight: 300;"">FORMA FARMACÉUTICA Y FORMULACIÓN:</h6>\n<table style=""font-weight: 400;"">\n<tbody>\n<tr>\n<td colspan=""2"">\n<p style=""font-weight: 300;"">Cada comprimido recubierto contiene:</p>\n</td>\n</tr>\n<tr>\n<td>\n<p style=""font-weight: 300;"">N-Butil Bromuro de Hioscina</p>\n</td>\n<td>\n<p style=""font-weight: 300;"">10 mg</p>\n</td>\n</tr>\n<tr>\n<td>\n<p style=""font-weight: 300;"">Excipientes</p>\n</td>\n<td>\n<p style=""font-weight: 300;"">c.s.</p>\n</td>\n</tr>\n</tbody>\n</table>\n&nbsp;\n<h6 style=""font-weight: 300;"">DESCRIPCIÓN:</h6>\n<p style=""font-weight: 300;"">Agente contra padecimientos funcionales del estómago e intestino. Antiespasmódico.</p>\n&nbsp;\n<h6 style=""font-weight: 300;"">INDICACIONES TERAPÉUTICAS:</h6>\n<p style=""font-weight: 300;"">Antiespasmódico indicado para afecciones espasmódicas y dolorosas de las vías biliares, esófago, gastroduodenitis, espasmo del píloro; cólicos nefríticos como espasmos dolorosos de las vías urinarias de cualquier localización, espasmos uretrales y vesicales, cistitis, cistalgias; para espasmos dolorosos de la dismenorrea, tensión pre-menstrual, espasmos funcionales de las trompas y procesos anexiales dolorosos.</p>\n&nbsp;\n<h6 style=""font-weight: 300;"">CONTRAINDICACIONES:</h6>\n<p style=""font-weight: 300;"">En pacientes con glaucoma, íleo obstructivo o paralítico, hipertrofia prostática é hipersensibilidad al medicamento.</p>\n&nbsp;\n<h6 style=""font-weight: 300;"">PRECAUCIONES GENERALES:</h6>\n<p style=""font-weight: 300;"">En pacientes mayores de 40 años, embarazo, enfermedad cardiovascular severa, esofagitis de reflujo, hernia hiatal, hemorragia aguda, atonía intestinal en ancianos y debilitados, miastenia gravis, parálisis espástica en niños, toxemia del embarazo y colitis ulcerativa.</p>\n&nbsp;\n<h6 style=""font-weight: 300;"">REACCIONES SECUNDARIAS Y ADVERSAS:</h6>\n<p style=""font-weight: 300;"">Podría presentar: sequedad e boca, nariz y garganta, disfagia, midriasis de la acomodación, visión borrosa, fotofobia, disnea, taquicardia, convulsiones, disuria, constipación; piel rubicunda, seca y caliente, fiebre, cefalea, excitación psíquica, sueño.</p>\n&nbsp;\n<h6 style=""font-weight: 300;"">INTERACCIONES MEDICAMENTOSAS Y DE OTRO GENERO:</h6>\n<p style=""font-weight: 300;"">Haloperidol, antiácidos, cloruro de potasio, antidiarreicos, otros anticolinérgicos, antimiasténicos, metoclopramida, analgésicos narcóticos, antiparkinsonianos, ketoconazol, quinidina.</p>\n&nbsp;\n<h6 style=""font-weight: 300;"">DOSIS Y VÍA DE ADMINISTRACIÓN:</h6>\n<p style=""font-weight: 300;""><strong>Dosis Adultos</strong>: Uno a dos comprimido cada 6 a 8 horas.\n<strong>Dosis Pediátrica</strong>: Según criterio médico.</p>\n&nbsp;\n<h6 style=""font-weight: 300;"">PRESENTACIONES:</h6>\n<p style=""font-weight: 300;"">Caja por 50 comprimidos.</p>\n&nbsp;\n<h6 style=""font-weight: 300;"">REGISTRO SANITARIO:</h6>\n<p style=""font-weight: 300;"">NN-33457/2012</p>","Delta > Comprimidos\, Cápsulas\, Sobres\, Tabletas",,https://laboratoriosdelta.net/wp-content/uploads/2022/03/Espasmodol-Comprimidos-copia.jpg,,no,yes,yes,,no,,,,no,,no,default,default,default,default,default,default,set
,"ESPASMODOL COMPUESTO","<b><strong>COMPRIMIDOS</strong></b>\nAntiespasmódico y analgésico","<h6 style=""font-weight: 300;"">FORMA FARMACÉUTICA Y FORMULACIÓN:</h6>\n<table style=""font-weight: 400;"">\n<tbody>\n<tr>\n<td colspan=""2"">\n<p style=""font-weight: 300;"">Cada comprimido recubierto contiene:</p>\n</td>\n</tr>\n<tr>\n<td>\n<p style=""font-weight: 300;"">N-Butil Bromuro de Hioscina</p>\n</td>\n<td>\n<p style=""font-weight: 300;"">10 mg</p>\n</td>\n</tr>\n<tr>\n<td>\n<p style=""font-weight: 300;"">Paracetamol</p>\n</td>\n<td>\n<p style=""font-weight: 300;"">500 mg</p>\n</td>\n</tr>\n<tr>\n<td>\n<p style=""font-weight: 300;"">Excipientes</p>\n</td>\n<td>\n<p style=""font-weight: 300;"">c.s.</p>\n</td>\n</tr>\n</tbody>\n</table>\n&nbsp;\n<h6 style=""font-weight: 300;"">DESCRIPCIÓN:</h6>\n<p style=""font-weight: 300;"">Agente contra padecimientos funcionales del estómago é intestino. Antiespasmódico y analgésico.</p>\n&nbsp;\n<h6 style=""font-weight: 300;"">INDICACIONES TERAPÉUTICAS:</h6>\n<p style=""font-weight: 300;"">Antiespasmódico y Analgésico, indicado para afecciones espasmódicas y dolorosas de las vías biliares, esófago, gastroduodenitis, espasmo del píloro; cólicos nefríticos como espasmos dolorosos de las vías urinarias de cualquier localización, espasmos uretrales y vesicales, cistitis, cistalgias; para espasmos dolorosos de la dismenorrea, tensión pre-menstrual, espasmos funcionales de las trompas y procesos anexiales dolorosos.</p>\n&nbsp;\n<h6 style=""font-weight: 300;"">CONTRAINDICACIONES:</h6>\n<p style=""font-weight: 300;"">En pacientes con déficit de glucosa 6 fosfato deshidrogenasa condicionado genéticamente, estenosis mecánica del tracto gastrointestinal, megacolon y en caso de hipersensibilidad a cualquiera de los principios activos.</p>\n&nbsp;\n<h6 style=""font-weight: 300;"">PRECAUCIONES GENERALES:</h6>\n<p style=""font-weight: 300;"">En pacientes que presentan trastornos de la función hepática por abuso crónico de alcohol y/o inflamación hepática, trastornos de la función renal, síndrome de Gilbert, enfermedad cardiovascular severa, miastenia gravitis, durante el embarazo y la lactancia.</p>\n&nbsp;\n<h6 style=""font-weight: 300;"">REACCIONES SECUNDARIAS Y ADVERSAS:</h6>\n<p style=""font-weight: 300;"">Podría presentar: reacciones de hipersensibilidad en la piel, agranulocitosis, sequedad de la boca, nariz y garganta, disfagia, visión borrosa, disnea, taquicardia, constipación, fiebre, cefalea, confusión, mareo, depresión del sistema nervioso central.</p>\n&nbsp;\n<h6 style=""font-weight: 300;"">INTERACCIONES MEDICAMENTOSAS Y DE OTRO GENERO:</h6>\n<p style=""font-weight: 300;"">Haloperidol, antiácidos, cloruro de potasio, antidiarreicos, otros anticolinérgicos, antimiasténicos, metoclopramida, analgésicos narcóticos, antiparkinsonianos, ketoconazol, quinidina.</p>\n&nbsp;\n<h6 style=""font-weight: 300;"">DOSIS Y VÍA DE ADMINISTRACIÓN:</h6>\n<p style=""font-weight: 300;""><strong>Dosis Adultos</strong>: Uno a dos comprimido 3 veces al día. Dosis máxima diaria hasta 6 comprimidos al día.</p>\n&nbsp;\n<h6 style=""font-weight: 300;"">PRESENTACIONES:</h6>\n<p style=""font-weight: 300;"">Caja por 100 comprimidos.</p>","Delta > Comprimidos\, Cápsulas\, Sobres\, Tabletas",,https://laboratoriosdelta.net/wp-content/uploads/2022/03/Espasmodol-compuesto-Comprimidos-copia.jpg,,no,yes,yes,,no,,,,no,,no,default,default,default,default,default,default,set
,"FLUDELTA NF","<p style=""font-weight: 300;""><b><strong>COMPRIMIDOS</strong></b>\nAntigripal</p>\n<p style=""font-weight: 300;""></p>","<h6 style=""font-weight: 300;"">FORMA FARMACÉUTICA Y FORMULACIÓN:</h6>\n<table style=""font-weight: 400;"">\n<tbody>\n<tr>\n<td colspan=""2"">\n<p style=""font-weight: 300;"">Cada comprimido contiene:</p>\n</td>\n</tr>\n<tr>\n<td>\n<p style=""font-weight: 300;"">Paracetamol</p>\n</td>\n<td>\n<p style=""font-weight: 300;"">325 mg</p>\n</td>\n</tr>\n<tr>\n<td>\n<p style=""font-weight: 300;"">Cafeína</p>\n</td>\n<td>\n<p style=""font-weight: 300;"">32 mg</p>\n</td>\n</tr>\n<tr>\n<td>\n<p style=""font-weight: 300;"">Clorfeniramina maleato</p>\n</td>\n<td>\n<p style=""font-weight: 300;"">3 mg</p>\n</td>\n</tr>\n<tr>\n<td>\n<p style=""font-weight: 300;"">Pseudoefedrina clorhidrato</p>\n</td>\n<td>\n<p style=""font-weight: 300;"">60 mg</p>\n</td>\n</tr>\n<tr>\n<td>\n<p style=""font-weight: 300;"">Excipientes</p>\n</td>\n<td>\n<p style=""font-weight: 300;"">c.s.</p>\n</td>\n</tr>\n</tbody>\n</table>\n&nbsp;\n<h6 style=""font-weight: 300;"">DESCRIPCIÓN:</h6>\n<p style=""font-weight: 300;"">Antigripal.</p>\n&nbsp;\n<h6 style=""font-weight: 300;"">INDICACIONES TERAPÉUTICAS:</h6>\n<p style=""font-weight: 300;"">FLUDELTA NF es un medicamento adecuado para el tratamiento de los síntomas del resfrío común, congestión nasal y la congestión simusoidal. En su fórmula contiene un antihistamínico, un descongestionante y un analgésico, los cuales están indicados para el alivio temporal de síntomas como la congestión nasal o sinusoidal, dolores de cabeza, mal estar general debido a resfriados, influenza o alergias.</p>\n&nbsp;\n<h6 style=""font-weight: 300;"">CONTRAINDICACIONES:</h6>\n<p style=""font-weight: 300;"">Hipersensibilidad a cualquiera de los principios activos de la fórmula, pacientes con medicamentos depresores del S.N.C., hipertensión arterial, retención hídrica, glaucoma de ángulo estrecho, pacientes con antecedentes alcohólicos.</p>\n&nbsp;\n<h6 style=""font-weight: 300;"">PRECAUCIONES GENERALES:</h6>\n<p style=""font-weight: 300;"">No administrar a niños menores de 6 años o exceder la dosis recomendada, durante el embarazo, lactancia, insuficiencia renal y/o hepática, actividades que requieran estado de alerta, predisposición a la retención urinaria, crisis asmática, glaucoma, alcoholismo, insuficiencia coronaria e hipertensión arterial.</p>\n&nbsp;\n<h6 style=""font-weight: 300;"">REACCIONES SECUNDARIAS Y ADVERSAS:</h6>\n<p style=""font-weight: 300;"">Con mayor frecuencia puede producir somnolencia, cólico renal, nerviosismo, euforia, hepatotoxicidad, mareos, erupciones cutáneas; menos frecuentes: náuseas, vómitos, agranulocitosis, anemia hemolítica, metahemoglobinemia, necrosis papilar renal, encefalopatía hepática.</p>\n&nbsp;\n<h6 style=""font-weight: 300;"">INTERACCIONES MEDICAMENTOSAS Y DE OTRO GENERO:</h6>\n<p style=""font-weight: 300;"">No administrar conjuntamente con alcohol, medicamentos hepatotóxidos, idantoína, aloperidol, glucósidos digitálicos, bloqueantes betaadrenérgicos, disulfirán, suplementos de hierro y litio.</p>\n&nbsp;\n<h6 style=""font-weight: 300;"">DOSIS Y VÍA DE ADMINISTRACIÓN:</h6>\n<p style=""font-weight: 300;""><strong>Dosis Adultos y menores de 12 años</strong>: Un comprimido cada cuatro horas.\n<strong>Dosis Pediátrica</strong>: Según criterio del médico.</p>\n&nbsp;\n<h6 style=""font-weight: 300;"">PRESENTACIONES:</h6>\n<p style=""font-weight: 300;"">Caja por 250 comprimidos.</p>\n&nbsp;\n<h6 style=""font-weight: 300;"">REGISTRO SANITARIO:</h6>\n<p style=""font-weight: 300;"">NN-25512/2013</p>","Delta > Comprimidos\, Cápsulas\, Sobres\, Tabletas",,https://laboratoriosdelta.net/wp-content/uploads/2022/03/Fludelta-Nf-comprimidos-copia-2.jpg,,no,yes,yes,,no,,,,no,,no,default,default,default,default,default,default,set
,GLIBENCLAMIDA,"<b><strong>COMPRIMIDOS</strong></b>\nHipoglucemiante","<h6 style=""font-weight: 300;"">FORMA FARMACÉUTICA Y FORMULACIÓN:</h6>\n<table style=""font-weight: 400;"">\n<tbody>\n<tr>\n<td colspan=""2"">\n<p style=""font-weight: 300;"">Cada comprimido contiene:</p>\n</td>\n</tr>\n<tr>\n<td>\n<p style=""font-weight: 300;"">Glibenclamida</p>\n</td>\n<td>\n<p style=""font-weight: 300;"">5 mg</p>\n</td>\n</tr>\n<tr>\n<td>\n<p style=""font-weight: 300;"">Excipientes</p>\n</td>\n<td>\n<p style=""font-weight: 300;"">c.s.</p>\n</td>\n</tr>\n</tbody>\n</table>\n&nbsp;\n<h6 style=""font-weight: 300;"">DESCRIPCIÓN:</h6>\n<p style=""font-weight: 300;"">Hipoglucemiante.</p>\n&nbsp;\n<h6 style=""font-weight: 300;"">INDICACIONES TERAPÉUTICAS:</h6>\n<p style=""font-weight: 300;"">Glibenclamida es un hipoglucemiante indicado para el tratamiento de diabetes mellitus no insulino-dependiente.</p>\n&nbsp;\n<h6 style=""font-weight: 300;"">CONTRAINDICACIONES:</h6>\n<p style=""font-weight: 300;"">En pacientes diabéticos insulino-dependientes, en pacientes con coma diabético, en caso de cirugía mayor,infecciones severas, embarazo, lactancia, en niños y alcoholismo.</p>\n&nbsp;\n<h6 style=""font-weight: 300;"">PRECAUCIONES GENERALES:</h6>\n<p style=""font-weight: 300;"">Personas con insuficiencia renal y/o hepática, en casos de desnutrición y en pacientes geriátricos.</p>\n&nbsp;\n<h6 style=""font-weight: 300;"">REACCIONES SECUNDARIAS Y ADVERSAS:</h6>\n<p style=""font-weight: 300;"">Podría producir náuseas, vómitos, flatulencia, diarrea o constipación, fatiga, parestesias, reacciones de hipersensibilidad, anemia hemolítica, aplasia medular, hepatitis granulometosa, hipotiroidismo, hipoglucemia.</p>\n&nbsp;\n<h6 style=""font-weight: 300;"">INTERACCIONES MEDICAMENTOSAS Y DE OTRO GENERO:</h6>\n<p style=""font-weight: 300;"">Glibenclamida interacciona con alcohol, bloqueantes beta-adrenérgicos, salicilatos, tetraciclinas, cloranfenicol, cotrimoxazol, ketoconazol, firampicina, corticoides, dolbutamina, epinefrina, contraceptivos orales.</p>\n&nbsp;\n<h6 style=""font-weight: 300;"">DOSIS Y VÍA DE ADMINISTRACIÓN:</h6>\n<p style=""font-weight: 300;""><strong>Dosis Adultos</strong>:\n<em>Inicial</em>: Medio a un comprimido una vez por día, se puede incrementar medio comprimido semanalmente de acuerdo a necesidad.\n<em>Dosis máxima</em>: Cuatro comprimidos al día.</p>\n&nbsp;\n<h6 style=""font-weight: 300;"">PRESENTACIONES:</h6>\n<p style=""font-weight: 300;"">Caja por 100 comprimidos.</p>\n&nbsp;\n<h6 style=""font-weight: 300;"">REGISTRO SANITARIO:</h6>\n<p style=""font-weight: 300;"">NN-28854/2014</p>","Delta > Comprimidos\, Cápsulas\, Sobres\, Tabletas",,,,no,yes,yes,,no,,,,no,,no,default,default,default,,,,
,"GRISEOFULVINA 500mg","<b><strong>COMPRIMIDOS</strong></b>\nAntimicótico de acción sistémica","<h6 style=""font-weight: 300;"">FORMA FARMACÉUTICA Y FORMULACIÓN:</h6>\n<table style=""font-weight: 400;"">\n<tbody>\n<tr>\n<td colspan=""2"">\n<p style=""font-weight: 300;"">Cada comprimido contiene:</p>\n</td>\n</tr>\n<tr>\n<td>\n<p style=""font-weight: 300;"">Griseofulvina</p>\n</td>\n<td>\n<p style=""font-weight: 300;"">500 mg</p>\n</td>\n</tr>\n<tr>\n<td>\n<p style=""font-weight: 300;"">Excipientes</p>\n</td>\n<td>\n<p style=""font-weight: 300;"">c.s.</p>\n</td>\n</tr>\n</tbody>\n</table>\n&nbsp;\n<h6 style=""font-weight: 300;"">DESCRIPCIÓN:</h6>\n<p style=""font-weight: 300;"">Antimicótico.</p>\n&nbsp;\n<h6 style=""font-weight: 300;"">INDICACIONES TERAPÉUTICAS:</h6>\n<p style=""font-weight: 300;"">Griseofulvina es un antimicótico indicado en casos de tiás producidas por los géneros <i><em>Trichophytum, Epidermophytum</em></i> y <i><em>Microsporum</em></i>.</p>\n&nbsp;\n<h6 style=""font-weight: 300;"">CONTRAINDICACIONES:</h6>\n<p style=""font-weight: 300;"">Durante el embarazo, pacientes que presentan: Porfirio, insuficiencia hepática é hipersensibilidad al medicamento.</p>\n&nbsp;\n<h6 style=""font-weight: 300;"">PRECAUCIONES GENERALES:</h6>\n<p style=""font-weight: 300;"">Debe emplearse con cautela en casos de lupus eritematoso sistémico é hipersensibilidad a la penicilina.</p>\n&nbsp;\n<h6 style=""font-weight: 300;"">REACCIONES SECUNDARIAS Y ADVERSAS:</h6>\n<p style=""font-weight: 300;"">Podría presentar confusión mental, fotosensibilidad, reacciones de hipersensibilidad, neuritis periférica, leucopenia, agranulositosis, cefalea, diarrea, náuseas, vómitos, epigastralgia, insomnio, mareos, glositis, hepatotoxicidad.</p>\n&nbsp;\n<h6 style=""font-weight: 300;"">INTERACCIONES MEDICAMENTOSAS Y DE OTRO GENERO:</h6>\n<p style=""font-weight: 300;"">La asociación que contengan cualesquiera de los siguientes medicamentos, dependiendo de la cantidad presente, pueden también interaccionar con esta medicación: Alcohol, anticoagulantes, barbitúricos y anticonceptivos orales.</p>\n&nbsp;\n<h6 style=""font-weight: 300;"">DOSIS Y VÍA DE ADMINISTRACIÓN:</h6>\n<p style=""font-weight: 300;""><strong>Dosis Adultos</strong>: Uno a dos comprimido al día en dosis única o fraccionada cada 12 horas.\n<strong>Dosis Pediátrica</strong>: Según prescripción del médico.</p>\n&nbsp;\n<h6 style=""font-weight: 300;"">PRESENTACIONES:</h6>\n<p style=""font-weight: 300;"">Caja por 50 comprimidos.</p>\n&nbsp;\n<h6 style=""font-weight: 300;"">REGISTRO SANITARIO:</h6>\n<p style=""font-weight: 300;"">NN-41415/2010</p>","Delta > Comprimidos\, Cápsulas\, Sobres\, Tabletas",,,,no,yes,yes,,no,,,,no,,no,default,default,default,,,,
,"IBUPROFENO 400mg","<b><strong>COMPRIMIDOS</strong></b>\nAntiinflamatorio y antirreumático no esteroide","<h6 style=""font-weight: 300;"">FORMA FARMACÉUTICA Y FORMULACIÓN:</h6>\n<table style=""font-weight: 400;"">\n<tbody>\n<tr>\n<td colspan=""2"">\n<p style=""font-weight: 300;"">Cada comprimido contiene:</p>\n</td>\n</tr>\n<tr>\n<td>\n<p style=""font-weight: 300;"">Ibuprofeno</p>\n</td>\n<td>\n<p style=""font-weight: 300;"">400 mg</p>\n</td>\n</tr>\n<tr>\n<td>\n<p style=""font-weight: 300;"">Ibuprofeno</p>\n</td>\n<td>\n<p style=""font-weight: 300;"">600 mg</p>\n</td>\n</tr>\n<tr>\n<td>\n<p style=""font-weight: 300;"">Ibuprofeno</p>\n</td>\n<td>\n<p style=""font-weight: 300;"">800 mg</p>\n</td>\n</tr>\n<tr>\n<td>\n<p style=""font-weight: 300;"">Excipientes</p>\n</td>\n<td>\n<p style=""font-weight: 300;"">c.s.</p>\n</td>\n</tr>\n</tbody>\n</table>\n&nbsp;\n<h6 style=""font-weight: 300;"">DESCRIPCIÓN:</h6>\n<p style=""font-weight: 300;"">Antiinflamatorio. Antirreumático no esteroideo.</p>\n&nbsp;\n<h6 style=""font-weight: 300;"">INDICACIONES TERAPÉUTICAS:</h6>\n<p style=""font-weight: 300;"">Ibuprofeno es un analgésico, antiinflamatorio, antirreumático y antipirético. Está indicado para el tratamiento de la artritis reumatoidea, osteoartritis, espondilitis anquilosnate, alivia el dolor y la inflamación en la artritis gotosa aguda, lesiones músculo-esqueléticas agudas, calma los dolores y otros síntomas de la dismenorrea primaria y secundaria además que está indicado para tratar todo tipo de fiebre.</p>\n&nbsp;\n<h6 style=""font-weight: 300;"">CONTRAINDICACIONES:</h6>\n<p style=""font-weight: 300;"">Pacientes con intolerancia a los AINE, úlcera péptica activa y depresión de la médula ósea.</p>\n&nbsp;\n<h6 style=""font-weight: 300;"">PRECAUCIONES GENERALES:</h6>\n<p style=""font-weight: 300;"">Se debe emplear con precaución durante el embarazo y lactancia; en pacientes menores de 12 meses, ancianos, cardiópatas, deshidratados, hipertensos é insuficientes renales.\nSu empleo frecuente puede provocar daño digestivo, hepático severo o enfermedad renal.</p>\n&nbsp;\n<h6 style=""font-weight: 300;"">REACCIONES SECUNDARIAS Y ADVERSAS:</h6>\n<p style=""font-weight: 300;"">Ibuprofeno puede conducir a los siguientes efectos secundarios: pirosis, anorexia, dolor abdominal, náuseas, cólico, diarrea, constipación, úlceras o perforación gastrointestinal, mareos, tinnitus, hipoacusia, cefalea; reacciones de hipersensibilidad, aplasia medular, retención hídrica, inhibición de la agregación plaquetaria, disminución de la función renal, arritmias, prolongación de la actividad de la protrombina, excitación central.</p>\n&nbsp;\n<h6 style=""font-weight: 300;"">INTERACCIONES MEDICAMENTOSAS Y DE OTRO GENERO:</h6>\n<p style=""font-weight: 300;"">El uso de ibuprofeno puede producir hipersensibilidad al ácido acetil salicílico o a otros antiinflamatorios no esteroideos como litio, digitálicos y corticoides.</p>\n&nbsp;\n<h6 style=""font-weight: 300;"">DOSIS Y VÍA DE ADMINISTRACIÓN:</h6>\n<p style=""font-weight: 300;""><strong>Dosis Adultos</strong>: Un comprimido cada seis ú ocho horas.\n<strong>Dosis Pediátrica</strong>: Según criterio del médico.</p>\n&nbsp;\n<h6 style=""font-weight: 300;"">PRESENTACIONES:</h6>\n<p style=""font-weight: 300;"">Caja por 100 comprimidos.</p>\n&nbsp;\n<h6 style=""font-weight: 300;"">REGISTRO SANITARIO:</h6>\n<p style=""font-weight: 300;"">NN-25515/2012</p>","Delta > Comprimidos\, Cápsulas\, Sobres\, Tabletas",,,,no,yes,yes,,no,,,,no,,no,default,default,default,,,,
,"IBUPROFENO 600mg","<b><strong>COMPRIMIDOS</strong></b>\nAntiinflamatorio y antirreumático no esteroide","<h6 style=""font-weight: 300;"">FORMA FARMACÉUTICA Y FORMULACIÓN:</h6>\n<table style=""font-weight: 400;"">\n<tbody>\n<tr>\n<td colspan=""2"">\n<p style=""font-weight: 300;"">Cada comprimido contiene:</p>\n</td>\n</tr>\n<tr>\n<td>\n<p style=""font-weight: 300;"">Ibuprofeno</p>\n</td>\n<td>\n<p style=""font-weight: 300;"">400 mg</p>\n</td>\n</tr>\n<tr>\n<td>\n<p style=""font-weight: 300;"">Ibuprofeno</p>\n</td>\n<td>\n<p style=""font-weight: 300;"">600 mg</p>\n</td>\n</tr>\n<tr>\n<td>\n<p style=""font-weight: 300;"">Ibuprofeno</p>\n</td>\n<td>\n<p style=""font-weight: 300;"">800 mg</p>\n</td>\n</tr>\n<tr>\n<td>\n<p style=""font-weight: 300;"">Excipientes</p>\n</td>\n<td>\n<p style=""font-weight: 300;"">c.s.</p>\n</td>\n</tr>\n</tbody>\n</table>\n&nbsp;\n<h6 style=""font-weight: 300;"">DESCRIPCIÓN:</h6>\n<p style=""font-weight: 300;"">Antiinflamatorio. Antirreumático no esteroideo.</p>\n&nbsp;\n<h6 style=""font-weight: 300;"">INDICACIONES TERAPÉUTICAS:</h6>\n<p style=""font-weight: 300;"">Ibuprofeno es un analgésico, antiinflamatorio, antirreumático y antipirético. Está indicado para el tratamiento de la artritis reumatoidea, osteoartritis, espondilitis anquilosnate, alivia el dolor y la inflamación en la artritis gotosa aguda, lesiones músculo-esqueléticas agudas, calma los dolores y otros síntomas de la dismenorrea primaria y secundaria además que está indicado para tratar todo tipo de fiebre.</p>\n&nbsp;\n<h6 style=""font-weight: 300;"">CONTRAINDICACIONES:</h6>\n<p style=""font-weight: 300;"">Pacientes con intolerancia a los AINE, úlcera péptica activa y depresión de la médula ósea.</p>\n&nbsp;\n<h6 style=""font-weight: 300;"">PRECAUCIONES GENERALES:</h6>\n<p style=""font-weight: 300;"">Se debe emplear con precaución durante el embarazo y lactancia; en pacientes menores de 12 meses, ancianos, cardiópatas, deshidratados, hipertensos é insuficientes renales.\nSu empleo frecuente puede provocar daño digestivo, hepático severo o enfermedad renal.</p>\n&nbsp;\n<h6 style=""font-weight: 300;"">REACCIONES SECUNDARIAS Y ADVERSAS:</h6>\n<p style=""font-weight: 300;"">Ibuprofeno puede conducir a los siguientes efectos secundarios: pirosis, anorexia, dolor abdominal, náuseas, cólico, diarrea, constipación, úlceras o perforación gastrointestinal, mareos, tinnitus, hipoacusia, cefalea; reacciones de hipersensibilidad, aplasia medular, retención hídrica, inhibición de la agregación plaquetaria, disminución de la función renal, arritmias, prolongación de la actividad de la protrombina, excitación central.</p>\n&nbsp;\n<h6 style=""font-weight: 300;"">INTERACCIONES MEDICAMENTOSAS Y DE OTRO GENERO:</h6>\n<p style=""font-weight: 300;"">El uso de ibuprofeno puede producir hipersensibilidad al ácido acetil salicílico o a otros antiinflamatorios no esteroideos como litio, digitálicos y corticoides.</p>\n&nbsp;\n<h6 style=""font-weight: 300;"">DOSIS Y VÍA DE ADMINISTRACIÓN:</h6>\n<p style=""font-weight: 300;""><strong>Dosis Adultos</strong>: Un comprimido cada seis ú ocho horas.\n<strong>Dosis Pediátrica</strong>: Según criterio del médico.</p>\n&nbsp;\n<h6 style=""font-weight: 300;"">PRESENTACIONES:</h6>\n<p style=""font-weight: 300;"">Caja por 100 comprimidos.</p>\n&nbsp;\n<h6 style=""font-weight: 300;"">REGISTRO SANITARIO:</h6>\n<p style=""font-weight: 300;"">NN-25515/2012</p>","Delta > Comprimidos\, Cápsulas\, Sobres\, Tabletas",,,,no,yes,yes,,no,,,,no,,no,default,default,default,,,,
,"IBUPROFENO 800mg","<b><strong>COMPRIMIDOS</strong></b>\nAntiinflamatorio y antirreumático no esteroide","<h6 style=""font-weight: 300;"">FORMA FARMACÉUTICA Y FORMULACIÓN:</h6>\n<table style=""font-weight: 400;"">\n<tbody>\n<tr>\n<td colspan=""2"">\n<p style=""font-weight: 300;"">Cada comprimido contiene:</p>\n</td>\n</tr>\n<tr>\n<td>\n<p style=""font-weight: 300;"">Ibuprofeno</p>\n</td>\n<td>\n<p style=""font-weight: 300;"">400 mg</p>\n</td>\n</tr>\n<tr>\n<td>\n<p style=""font-weight: 300;"">Ibuprofeno</p>\n</td>\n<td>\n<p style=""font-weight: 300;"">600 mg</p>\n</td>\n</tr>\n<tr>\n<td>\n<p style=""font-weight: 300;"">Ibuprofeno</p>\n</td>\n<td>\n<p style=""font-weight: 300;"">800 mg</p>\n</td>\n</tr>\n<tr>\n<td>\n<p style=""font-weight: 300;"">Excipientes</p>\n</td>\n<td>\n<p style=""font-weight: 300;"">c.s.</p>\n</td>\n</tr>\n</tbody>\n</table>\n&nbsp;\n<h6 style=""font-weight: 300;"">DESCRIPCIÓN:</h6>\n<p style=""font-weight: 300;"">Antiinflamatorio. Antirreumático no esteroideo.</p>\n&nbsp;\n<h6 style=""font-weight: 300;"">INDICACIONES TERAPÉUTICAS:</h6>\n<p style=""font-weight: 300;"">Ibuprofeno es un analgésico, antiinflamatorio, antirreumático y antipirético. Está indicado para el tratamiento de la artritis reumatoidea, osteoartritis, espondilitis anquilosnate, alivia el dolor y la inflamación en la artritis gotosa aguda, lesiones músculo-esqueléticas agudas, calma los dolores y otros síntomas de la dismenorrea primaria y secundaria además que está indicado para tratar todo tipo de fiebre.</p>\n&nbsp;\n<h6 style=""font-weight: 300;"">CONTRAINDICACIONES:</h6>\n<p style=""font-weight: 300;"">Pacientes con intolerancia a los AINE, úlcera péptica activa y depresión de la médula ósea.</p>\n&nbsp;\n<h6 style=""font-weight: 300;"">PRECAUCIONES GENERALES:</h6>\n<p style=""font-weight: 300;"">Se debe emplear con precaución durante el embarazo y lactancia; en pacientes menores de 12 meses, ancianos, cardiópatas, deshidratados, hipertensos é insuficientes renales.\nSu empleo frecuente puede provocar daño digestivo, hepático severo o enfermedad renal.</p>\n&nbsp;\n<h6 style=""font-weight: 300;"">REACCIONES SECUNDARIAS Y ADVERSAS:</h6>\n<p style=""font-weight: 300;"">Ibuprofeno puede conducir a los siguientes efectos secundarios: pirosis, anorexia, dolor abdominal, náuseas, cólico, diarrea, constipación, úlceras o perforación gastrointestinal, mareos, tinnitus, hipoacusia, cefalea; reacciones de hipersensibilidad, aplasia medular, retención hídrica, inhibición de la agregación plaquetaria, disminución de la función renal, arritmias, prolongación de la actividad de la protrombina, excitación central.</p>\n&nbsp;\n<h6 style=""font-weight: 300;"">INTERACCIONES MEDICAMENTOSAS Y DE OTRO GENERO:</h6>\n<p style=""font-weight: 300;"">El uso de ibuprofeno puede producir hipersensibilidad al ácido acetil salicílico o a otros antiinflamatorios no esteroideos como litio, digitálicos y corticoides.</p>\n&nbsp;\n<h6 style=""font-weight: 300;"">DOSIS Y VÍA DE ADMINISTRACIÓN:</h6>\n<p style=""font-weight: 300;""><strong>Dosis Adultos</strong>: Un comprimido cada seis ú ocho horas.\n<strong>Dosis Pediátrica</strong>: Según criterio del médico.</p>\n&nbsp;\n<h6 style=""font-weight: 300;"">PRESENTACIONES:</h6>\n<p style=""font-weight: 300;"">Caja por 100 comprimidos.</p>\n&nbsp;\n<h6 style=""font-weight: 300;"">REGISTRO SANITARIO:</h6>\n<p style=""font-weight: 300;"">NN-25515/2012</p>","Delta > Comprimidos\, Cápsulas\, Sobres\, Tabletas",,,,no,yes,yes,,no,,,,no,,no,default,default,default,,,,
,"INDOMETACINA 25mg","<b><strong>CÁPSULAS</strong></b>\nAntiinflamatorio y antirreumático","<h6 style=""font-weight: 300;"">FORMA FARMACÉUTICA Y FORMULACIÓN:</h6>\n<table style=""font-weight: 400;"">\n<tbody>\n<tr>\n<td colspan=""2"">\n<p style=""font-weight: 300;"">Cada cápsula contiene:</p>\n</td>\n</tr>\n<tr>\n<td>\n<p style=""font-weight: 300;"">Indometacina</p>\n</td>\n<td>\n<p style=""font-weight: 300;"">25 mg</p>\n</td>\n</tr>\n<tr>\n<td>\n<p style=""font-weight: 300;"">Excipientes</p>\n</td>\n<td>\n<p style=""font-weight: 300;"">c.s.</p>\n</td>\n</tr>\n</tbody>\n</table>\n&nbsp;\n<h6 style=""font-weight: 300;"">DESCRIPCIÓN:</h6>\n<p style=""font-weight: 300;"">Antiinflamatorio. Antirreumático.</p>\n&nbsp;\n<h6 style=""font-weight: 300;"">INDICACIONES TERAPÉUTICAS:</h6>\n<p style=""font-weight: 300;"">Está indicado en casos de artritis reumatoidea, osteoartritis, espondilitis anquilosante, lesiones músculo esqueléticas agudas, dismenorrea, ataque agudo de gota.</p>\n&nbsp;\n<h6 style=""font-weight: 300;"">CONTRAINDICACIONES:</h6>\n<p style=""font-weight: 300;"">Hipersensibilidad al ácido acetil salicílico o a otros antiinflamatorios no esteroideos y en casos de úlcera péptica activa.</p>\n&nbsp;\n<h6 style=""font-weight: 300;"">PRECAUCIONES GENERALES:</h6>\n<p style=""font-weight: 300;"">Debe emplearse con sumo cuidado durante el embarazo y la lactancia, en ancianos, en casos de asma, retención hídrica, diabetes mellitas, sepsis, lupus sistémico, epilepsia, depresión mental y desórdenes psiquiátricos.</p>\n&nbsp;\n<h6 style=""font-weight: 300;"">REACCIONES SECUNDARIAS Y ADVERSAS:</h6>\n<p style=""font-weight: 300;"">Podría presentar pirosis, anorexia, dolor abdominal, náuseas, cólicos, diarrea, constipación, úlceras, perforación gastrointestinal, mareos, tinnitus, hipoacusia, cefalea como efecto adverso más fuerte, reacciones de hipersensibilidad, excitación central.</p>\n&nbsp;\n<h6 style=""font-weight: 300;"">INTERACCIONES MEDICAMENTOSAS Y DE OTRO GENERO:</h6>\n<p style=""font-weight: 300;"">Litio, digitálicos, corticoides, otros antiinflamatorios no esteroideos, acetaminofeno, warfarina, suplementos de potasio, aminoglucósidos, alcohol, hipoglucemiantes orales, insulina, medicamentos que se unen en elevada proporción a proteínas plasmáticas.</p>\n&nbsp;\n<h6 style=""font-weight: 300;"">DOSIS Y VÍA DE ADMINISTRACIÓN:</h6>\n<p style=""font-weight: 300;""><strong>Dosis Adultos</strong>: Una a dos cápsulas dos a tres veces al día.\n<strong>Gota Aguda</strong>:\n<em>Inicial</em>: Cuatro cápsulas y luego dos cápsulas cada ocho horas.</p>\n&nbsp;\n<h6 style=""font-weight: 300;"">PRESENTACIONES:</h6>\n<p style=""font-weight: 300;"">Caja por 50 capsulas.</p>\n&nbsp;\n<h6 style=""font-weight: 300;"">REGISTRO SANITARIO:</h6>\n<p style=""font-weight: 300;"">NN-21437/2010</p>","Delta > Comprimidos\, Cápsulas\, Sobres\, Tabletas",,,,no,yes,yes,,no,,,,no,,no,default,default,default,,,,
,"KETOCONAZOL 200mg","<b><strong>COMPRIMIDOS</strong></b>\nAntimicótico sistémico","<h6 style=""font-weight: 300;"">FORMA FARMACÉUTICA Y FORMULACIÓN:</h6>\n<table style=""font-weight: 400;"">\n<tbody>\n<tr>\n<td colspan=""2"">\n<p style=""font-weight: 300;"">Cada comprimido contiene:</p>\n</td>\n</tr>\n<tr>\n<td>\n<p style=""font-weight: 300;"">Ketoconazol</p>\n</td>\n<td>\n<p style=""font-weight: 300;"">200 mg</p>\n</td>\n</tr>\n<tr>\n<td>\n<p style=""font-weight: 300;"">Excipientes</p>\n</td>\n<td>\n<p style=""font-weight: 300;"">c.s.</p>\n</td>\n</tr>\n</tbody>\n</table>\n&nbsp;\n<h6 style=""font-weight: 300;"">DESCRIPCIÓN:</h6>\n<p style=""font-weight: 300;"">Antimicótico para uso sistémico.</p>\n&nbsp;\n<h6 style=""font-weight: 300;"">INDICACIONES TERAPÉUTICAS:</h6>\n<p style=""font-weight: 300;"">Ketoconazol está indicado para el tratamientote infecciones micóticas producidas por <i><em>Blastomices dermatitis, Cándida albicans, Cándida carrioni</em></i>, género <i><em>Phialophora, Coccidiodes inmitis, Histoplasma capsulatum, Paracoccidiodes braziliensis, Sporothrix schenkii</em></i> y por géneros <i><em>Epidermophytum, Trichophytum</em></i> y <i><em>Microsporum</em></i>.</p>\n&nbsp;\n<h6 style=""font-weight: 300;"">CONTRAINDICACIONES:</h6>\n<p style=""font-weight: 300;"">En pacientes con hipersensibilidad al principio activo.</p>\n&nbsp;\n<h6 style=""font-weight: 300;"">PRECAUCIONES GENERALES:</h6>\n<p style=""font-weight: 300;"">Consultar con su médico si no hay mejoría en dos a cuatro semanas de tratamiento. Pacientes con insuficiencia hepática, aclorhidria, alcoholismo, mujeres embarazadas y durante la lactancia. Descontinuar hasta 48 horas después de concluir el tratamiento.</p>\n&nbsp;\n<h6 style=""font-weight: 300;"">REACCIONES SECUNDARIAS Y ADVERSAS:</h6>\n<p style=""font-weight: 300;"">Podría presentar hepatotoxicidad, epigastralgia, astenia, náuseas, vómitos, diarrea, mareos somnolencia, reacciones de hipersensibilidad, ginecomastía, disminución de la libido, fotofobia, disminución de la secreción de ACTH y testosterona.</p>\n&nbsp;\n<h6 style=""font-weight: 300;"">INTERACCIONES MEDICAMENTOSAS Y DE OTRO GENERO:</h6>\n<p style=""font-weight: 300;"">Alcohol, medicamentos hepatotóxicos, warfarina, ciclosporina, ranitidina, ING, rifampicina, fenitoina, antiácidos anticolinérgicos.</p>\n&nbsp;\n<h6 style=""font-weight: 300;"">DOSIS Y VÍA DE ADMINISTRACIÓN:</h6>\n<p style=""font-weight: 300;""><strong>Dosis Adultos</strong>: Uno a dos comprimidos al día como dosis única o fraccionada cada 12 horas.\n<em>Dosis máxima</em>: 1 g/día.\n<strong>Dosis Pediátrica</strong>:\n<em>Niños mayores de 2 años</em>: 5 a 10 mg/kg peso/día como dosis única o fraccionada cada 12 horas.\nNiños menores de 2 años no está establecida su dosis.</p>\n<p style=""font-weight: 300;""></p>\n\n<h6 style=""font-weight: 300;"">PRESENTACIONES:</h6>\n<p style=""font-weight: 300;"">Caja por 100 comprimidos.</p>\n&nbsp;\n<h6 style=""font-weight: 300;"">REGISTRO SANITARIO:</h6>\n<p style=""font-weight: 300;"">NN-30242/2010</p>","Delta > Comprimidos\, Cápsulas\, Sobres\, Tabletas",,,,no,yes,yes,,no,,,,no,,no,default,default,default,,,,
,"KETOROLACO 20mg","<strong>COMPRIMIDOS  </strong>","<h6 class=""subtitulo""><a name=""Principio Activo""></a>PRINCIPIO ACTIVO</h6>\nKetorolaco         20 mg\n\n&nbsp;\n<h6 class=""subtitulo""><a name=""composicion""></a>COMPOSICIÓN:</h6>\nCada comprimido recubierto contiene:\n\nKetorolaco Trometamina            20 mg\n\nExcipientes                                      c.s.\n\n&nbsp;\n<h6 class=""subtitulo""><a name=""accion terapeutica""></a>ACCIÓN TERAPÉUTICA</h6>\nAnalgésico, Antiinflamatorio\n\n&nbsp;\n<h6 class=""subtitulo""><a name=""dosis recomendada""></a>DOSIS RECOMENDADA</h6>\nDosis diaria total máxima: 90 mg para adultos y 60 mg para ancianos, durante 7 días como máximo.\n\nDosis usual: 30 a 40 mg/día fraccionada cada seis a ocho horas.\n\n&nbsp;\n<h6 class=""subtitulo""><a name=""indacaciones""></a>INDICACIONES</h6>\nPara el tratamiento a corto plazo (hasta 7 días como máximo) del dolor moderado a severo.\n\n&nbsp;\n<h6 class=""subtitulo""><a name=""uso en embarazo""></a>USO EN EMBARAZO Y LACTANCIA</h6>\nEmbarazo: No existen estudios adecuados y bien controlados en humanos. El uso crónico durante el 3er. trimestre, podría producir teóricamente cierre prematuro del conducto arterioso del feto, por inhibición de la síntesis de prostaglandinas. También puede producir un efecto antiagregante plaquetario, que podría complicar o prolongar la hemorragia materna. Antes del parto puede reducir e incluso anular la contracción uterina, retrasando el parto y prolongando la gestación.\n\nLactancia: KETOROLACO TROMETAMINA se excreta en la leche materna. A causa de los posibles efectos en el sistema cardiovascular del recién nacido, no se recomienda su uso en madres lactantes.\n\n&nbsp;\n<h6 class=""subtitulo""><a name=""contraindicaciones""></a>CONTRAINDICACIONES</h6>\nAsma, deshidratación, ulcera péptica, desórdenes de la coagulación, hipersensibilidad al ketorolaco o a cualquier antiinflamatorio no esteroideo; hipovolemia de cualquier causa, tratamiento con sales de litio; embarazo, parto o lactancia; pacientes con sangrado y/o sospecha confirmada de edema cerebrovascular, insuficiencia renal severa o moderada.\n\n&nbsp;\n<h6 class=""subtitulo""><a name=""precauciones""></a>PRECAUCIONES</h6>\nEn pacientes ancianos o con insuficiencia renal. Por contener glicerina como excipiente podría provocar cefalea, molestias estomacales o diarrea a dosis elevadas.\n\n&nbsp;\n<h6 class=""subtitulo""><a name=""efectos adversos""></a>EFECTOS ADVERSOS</h6>\nPodría presentar cambios de la visión, sangre en materia fecal, incremento de la frecuencia urinaria, oliguria, púrpura, estomatitis, aftas; con menor frecuencia: aumento de la sudoración.\n\n&nbsp;\n<h6 class=""subtitulo""><a name=""interacciones medicamentosas""></a>INTERACCIONES MEDICAMENTOSAS E INCOMPATIBILIDADES</h6>\nEl probenecid reduce la depuración del Ketorolaco Trometamina incrementando la concentración plasmática y su vida media.\n\nLa furosemida disminuye su respuesta diurética al administrarse concomitantemente con Ketorolaco Trometamina.\n\nLa administración conjunta de Ketorolaco Trometamina é inhibidores de la ECA incrementa el riesgo de daño renal.\n\n&nbsp;\n<h6 class=""subtitulo""><a name=""intoxicacion sintomas tratamiento""></a>INTOXICACION, SINTOMAS, TRATAMIENTO DE URGENCIA Y ANTIDOTO</h6>\nCon sobredosis de KETOROLACO TROMETAMINA se han descrito los siguientes síntomas: dolor abdominal, náuseas, vómito, hiperventilación, úlcera gastroduodenal, gastritis erosiva y disfunción renal; todos ellos desaparecieron tras retirar el fármaco. La diálisis apenas permite eliminar KETOROLACO TROMETAMINA de la sangre.\n\n&nbsp;\n<h6 class=""subtitulo""><a name=""presentacion""></a>PRESENTACIÓN:</h6>\nBlister PVC-Al x 10 comprimidos. Caja x 50 comprimidos.","Delta > Comprimidos\, Cápsulas\, Sobres\, Tabletas",,,,no,yes,yes,,no,,,,no,,no,default,default,default,,,,
,LEVOFLOXACINA,<strong>COMPRIMIDOS</strong>,"<p class=""subtitulo""><a name=""principio activo""></a>PRINCIPIO ACTIVO</p>\nLevofloxacina    500 mg.\n\n&nbsp;\n<p class=""subtitulo""><a name=""composicion""></a>COMPOSICIÒN:</p>\nCada comprimido recubierto contiene:\n\nLevofloxacina base    500 mg (Equivalente a 512.45 mg de Levofloxacina Hemihidrato)\n\nExcipientes                c.s.\n\n&nbsp;\n<p class=""subtitulo""><a name=""accion terapeutica""></a>ACCIÓN TERAPÉUTICA</p>\nAntibacteriano para uso sistémico.\n\n&nbsp;\n<p class=""subtitulo""><a name=""lugar y mecanismo""></a>LUGAR Y MECANISMO DE ACCIÓN</p>\nEl levofloxacina inhibe una enzima topoisomerasa IV y el ADN girasa de las bacterias susceptibles. Estos topoisomerasa introducen en el ADN pliegues súper helicoidales de doble cadena, facilitando el desenrollado de las cadenas. El ADN girasa tiene dos subunidades codificadas por el gen gyrA, y por su acción, se liberan las cadenas del cromosoma bacteriano para la replicación del material genético. Las quinolonas inhiben estas subunidades impidiendo la replicación y la transcripción del ADN bacteriano. Las células humanas y de los mamíferos contienen una topoisomerasa que actúa de una forma parecida a la ADN-girasa bacteriana, pero esta enzima no es afectada por las concentraciones de las quinolonas.\n\n&nbsp;\n<p class=""subtitulo""><a name=""dosis""></a>DOSIS RECOMENDADA</p>\nAdultos:\n\nUn a dos comprimidos al día ó según prescripción médica. El tratamiento dura máximo 14 días.\n\n&nbsp;\n<p class=""subtitulo""><a name=""indicaciones""></a>INDICACIONES</p>\nAntibiótico de amplio espectro, activo contra un amplio espectro de bacterias Gram positivas y Gram negativas tanto aeróbicas como anaeróbicas. Presenta cobertura para microorganismos atípicos como Chlamydia pneumoniae y Micoplasma pneumoniae. Está indicado en el tratamiento de infecciones del tracto respiratorio superior e inferior, incluyendo sinusitis, exacerbación aguda de bronquitis crónica y neumonías adquiridas en la comunidad. Infecciones de la piel y huesos: impétigo, abscesos, furunculosis, celulitis y erisipela. Osteomielitis. Infecciones del tracto urinario incluyendo pielonefritis aguda. <strong>USO EN:</strong>\n\n&nbsp;\n<p class=""subtitulo""><a name=""embarazo y lactancia""></a>EMBARAZO Y LACTANCIA</p>\nLa administración de levofloxacina en mujeres durante embarazo y el periodo de lactancia, está contraindicada. No se dispone de información suficiente relativa a la excreción de levofloxacina en la leche humana; sin embargo, otras fluoroquinolonas se excretan a la leche materna. Levofloxacina no debe utilizarse en mujeres en periodo de lactancia, debido a la ausencia de datos en humanos y a los datos experimentales que sugieren el riesgo de lesión por fluoroquinolonas sobre los cartílagos que soportan peso de los organismos en desarrollo.\n\n&nbsp;\n<p class=""subtitulo""><a name=""contraindicaciones""></a>CONTRAINDICACIONES</p>\nHipersensibilidad a la levofloxacina u otras quinolonas. Epilepsia. Antecedente de trastorno del tendón relacionado con fluoroquinolonas. Niños y adolescentes en desarrollo. Embarazo y lactancia.\n\n&nbsp;\n<p class=""subtitulo""><a name=""precauciones""></a>PRECAUCIONES</p>\nAncianos, epilépticos, problemas renales y hepáticos, enfermedades cardíacas, diabéticos, pacientes con desórdenes mentales o que hayan sufrido daño cerebral debido a un accidente cerebrovascular u otras lesiones cerebrales.\n\n&nbsp;\n<p class=""subtitulo""><a name=""efectos adversos""></a>EFECTOS ADVERSOS</p>\nInsomnio, cefalea, mareo, náuseas, diarrea, vómitos, elevación de enzimas hepáticas. I.V.: flebitis, reacción en el sitio de perfus.\n\n&nbsp;\n<p class=""subtitulo""><a name=""interacciones medicamentosas""></a>INTERACCIONES MEDICAMENTOSAS E INCOMPATIBILIDADES</p>\nTeofilina, drogas antiinflamatorias no esteroides similares. Probenecid é imetidina. Ciclosporina. Antagonistas de la vitamina K - warfarina. Drogas antidiabéticas. La absorción de los comprimidos es afectada por sales de hierro, antiácidos que contienen magnesio o aluminio. Puede ocasionar resultados falsos -negativo en el diagnóstico bacteriológico de la tuberculosis.\n\n&nbsp;\n<p class=""subtitulo""><a name=""intoxicacion sintomas tratamiento""></a>INTOXICACION, SINTOMAS,TRATAMIENTO DE URGENCIA Y ANTIDOTO</p>\nPresenta síntomas relativos al sistema nervioso central como confusión, mareos, deterioro de la conciencia y estados convulsivos. Reacciones gastrointestinales tales como náuseas y erosión de la mucosa. En caso de sobredosificación el paciente debe ser observado cuidadosamente (incluyendo monitoreo ECG) y se debe implementar tratamiento sintomático. En caso de sobredosis aguda oral, se debe considerar realizar un lavado gástrico e instaurar tratamiento sintomático. Pueden usarse antiácidos para proteger la mucosa gástrica. No son efectivas en remover levofloxacina del organismo la hemodiálisis ni la diálisis peritoneal ni la DPCA. No existe un antídoto específico.\n\n&nbsp;\n<p class=""subtitulo""><a name=""presentacion""></a>PRESENTACIÓN:</p>\nBlister PVC-Al x 10 comprimidos. Caja x 10 comprimidos.","Delta > Comprimidos\, Cápsulas\, Sobres\, Tabletas",,,,no,yes,yes,,no,,,,no,,no,default,default,default,,,,
,"LORATADINA 10mg","<b><strong>COMPRIMIDOS</strong></b>\nAntihistamínico","<p style=""font-weight: 300;"">FORMA FARMACÉUTICA Y FORMULACIÓN:</p>\n\n<table style=""font-weight: 400;"">\n<tbody>\n<tr>\n<td colspan=""2"">\n<p style=""font-weight: 300;"">Cada comprimido contiene:</p>\n</td>\n</tr>\n<tr>\n<td>\n<p style=""font-weight: 300;"">Loratadina</p>\n</td>\n<td>\n<p style=""font-weight: 300;"">10 mg</p>\n</td>\n</tr>\n<tr>\n<td>\n<p style=""font-weight: 300;"">Excipientes</p>\n</td>\n<td>\n<p style=""font-weight: 300;"">c.s.</p>\n</td>\n</tr>\n</tbody>\n</table>\n<p style=""font-weight: 300;"">DESCRIPCIÓN:</p>\n<p style=""font-weight: 300;"">Antihistamínico</p>\n<p style=""font-weight: 300;"">INDICACIONES TERAPÉUTICAS:</p>\n<p style=""font-weight: 300;"">Loratadina es un antihistamínico no sedante (a dosis recomendada) de acción prolongada, está indicada para el tratamiento sintomático de cuadros alérgicos en general como ser: rinitis estacionaria polínica, rinitis aperiódica, dermatitis alérgica (urticaria, exzema, dematitis atópica, reacciones a otros fármacos), incluida la urticaria crónica idiopática, coriza agudo, rinorrea y prurito nasal, fiebre de heno, conjuntivitis alérgica.</p>\n<p style=""font-weight: 300;"">CONTRAINDICACIONES:</p>\n<p style=""font-weight: 300;"">La Loratadina está contraindicada en individuos que tengan hipersensibilidad al fármaco. No usar durante el período de la Lactancia. No administrar en niños menores de 12 años.</p>\n<p style=""font-weight: 300;"">PRECAUCIONES GENERALES:</p>\n<p style=""font-weight: 300;"">A dosis recomendada no produce somnolencia. No ingerir bebidas alcohólicas durante el tratamiento con Loratadina. Durante el embarazo administrar únicamente si los beneficios potenciales justifican el riesgo potencial del feto.</p>\n<p style=""font-weight: 300;"">REACCIONES SECUNDARIAS Y ADVERSAS:</p>\n<p style=""font-weight: 300;"">Este fármaco es muy bien tolerado, en raras ocasiones presenta sensación de fatiga, dolor de cabeza, sequedad de boca.</p>\n<p style=""font-weight: 300;"">INTERACCIONES MEDICAMENTOSAS Y DE OTRO GENERO:</p>\n<p style=""font-weight: 300;"">La cimetidina, eritromicina y ketoconazol han demostrado interferir con el metabolismo de la Loratadina.\nLos alimentos retrasan la absorción de la Loratadina y también aumentan la biodisponibilidad del producto. Se recomienda tomar este fármaco en ayunas si se desea un rápido efecto. Aunque las antihistaminas selectivas como la Loratadina producen menos somnolencia, la ingesta de alcohol puede potenciar este efecto aumentando el riesgo de accidentes. Los pacientes tratados con Loratadina deberán ser advertidos de no consumir alcohol durante el tratamiento.</p>\n<p style=""font-weight: 300;"">DOSIS Y VÍA DE ADMINISTRACIÓN:</p>\n<p style=""font-weight: 300;""><strong>Adultos y niños mayores de 12 años</strong>: Un comprimido una vez al día.</p>\n<p style=""font-weight: 300;"">PRESENTACIONES:</p>\n<p style=""font-weight: 300;"">Caja por 100 comprimidos.</p>","Delta > Comprimidos\, Cápsulas\, Sobres\, Tabletas",,,,no,yes,yes,,no,,,,no,,no,default,default,default,,,,
,"LOSARTAN 50mg","<b><strong>COMPRIMIDOS</strong></b>\nAntihipertensivo","<h6 style=""font-weight: 300;"">FORMA FARMACÉUTICA Y FORMULACIÓN:</h6>\n<table style=""font-weight: 400;"">\n<tbody>\n<tr>\n<td colspan=""2"">\n<p style=""font-weight: 300;"">Cada comprimido contiene:</p>\n</td>\n</tr>\n<tr>\n<td>\n<p style=""font-weight: 300;"">Losartán potásico</p>\n</td>\n<td>\n<p style=""font-weight: 300;"">50 mg</p>\n</td>\n</tr>\n<tr>\n<td>\n<p style=""font-weight: 300;"">Excipientes</p>\n</td>\n<td>\n<p style=""font-weight: 300;"">c.s.</p>\n</td>\n</tr>\n</tbody>\n</table>\n&nbsp;\n<h6 style=""font-weight: 300;"">DESCRIPCIÓN:</h6>\n<p style=""font-weight: 300;"">Antihipertensivo.</p>\n&nbsp;\n<h6 style=""font-weight: 300;"">INDICACIONES TERAPÉUTICAS:</h6>\n<p style=""font-weight: 300;"">Para el tratamiento de la hipertensión, insuficiencia cardíaca en combinación con diuréticos y/o digitálicos, en la prevención del accidente cerebrovascular en pacientes hipertensos con hipertrofia ventricular izquierda y enfermedad renal en pacientes con diabetes tipo 2 con proteinuria e hipertensión, como parte del tratamiento antihipertensivo.</p>\n&nbsp;\n<h6 style=""font-weight: 300;"">CONTRAINDICACIONES:</h6>\n<p style=""font-weight: 300;"">Hipersensibilidad al medicamento o a sus componentes, mujeres en embarazo y lactancia, no está indicado en niños menores de 15 años. No se debe usar Losartán con diuréticos ahorradores de potasio.</p>\n&nbsp;\n<h6 style=""font-weight: 300;"">PRECAUCIONES GENERALES:</h6>\n<p style=""font-weight: 300;"">Hipotensión y desequilibrio hidroelectrolítico. Pacientes con enfermedad isquémica o cerebrovascular, insuficiencia cardíaca, insuficiencia hepática, insuficiencia renal, pacientes con estenosis bilateral de la arteria renal o estenosis de la arteria de un riñón único. Este medicamento contiene como excipiente glicerina, por lo que puede ser perjudicial a dosis elevadas provocando dolor de cabeza, molestias de estómago y diarrea.</p>\n&nbsp;\n<h6 style=""font-weight: 300;"">REACCIONES SECUNDARIAS Y ADVERSAS:</h6>\n<p style=""font-weight: 300;"">Dolor del pecho, fatiga, hipoglucemia, diarrea, infección del tracto urinario, anemia, tos, hipotensión, fiebre, hipoestesia, insomnio, mareo, hiperkalemia, aumento de peso, dispepsia, dolor abdominal, gastritis, náuseas, bronquitis, congestión nasal, infección del tracto respiratorio superior, sinusitis, ligero vértigo pasajero.</p>\n&nbsp;\n<h6 style=""font-weight: 300;"">DOSIS Y VÍA DE ADMINISTRACIÓN:</h6>\n<p style=""font-weight: 300;""><strong>Adultos</strong>: Se debe iniciar el tratamiento con 50 mg (un comprimido) al día. Si al cabo de 3 a 6 semanas no se han obtenido resultados satisfactorios se puede incrementar la dosis a 100 mg al día bajo supervisión médica. Los pacientes que vienen siendo tratados con diuréticos deben iniciar el tratamiento con dosis de 25 mg al día.</p>\n&nbsp;\n<h6 style=""font-weight: 300;"">PRESENTACIONES:</h6>\n<p style=""font-weight: 300;"">Caja por 50 comprimidos.</p>\n&nbsp;\n<h6 style=""font-weight: 300;"">REGISTRO SANITARIO:</h6>\n<p style=""font-weight: 300;"">NN-49154/2013</p>","Delta > Comprimidos\, Cápsulas\, Sobres\, Tabletas",,,,no,yes,yes,,no,,,,no,,no,default,default,default,,,,
,"MANTEQUILLA DE CACAO","<b><strong>BARRA</strong></b>\nEmoliente y humectante","<h6 style=""font-weight: 300;"">FORMA FARMACÉUTICA Y FORMULACIÓN:</h6>\n<table style=""font-weight: 400;"">\n<tbody>\n<tr>\n<td colspan=""2"">\n<p style=""font-weight: 300;"">Cada barra contiene:</p>\n</td>\n</tr>\n<tr>\n<td>\n<p style=""font-weight: 300;"">Manteca de Cacao</p>\n</td>\n<td>\n<p style=""font-weight: 300;"">84%</p>\n</td>\n</tr>\n<tr>\n<td>\n<p style=""font-weight: 300;"">Excipientes</p>\n</td>\n<td>\n<p style=""font-weight: 300;"">c.s.</p>\n</td>\n</tr>\n</tbody>\n</table>\n&nbsp;\n<h6 style=""font-weight: 300;"">DESCRIPCIÓN:</h6>\n<p style=""font-weight: 300;"">Emoliente.</p>\n&nbsp;\n<h6 style=""font-weight: 300;"">INDICACIONES TERAPÉUTICAS:</h6>\n<p style=""font-weight: 300;"">Mantequilla de cacao es un excelente emoliente para labios que sufre sequedad o partiduras por el sol o sequedad.</p>\n&nbsp;\n<h6 style=""font-weight: 300;"">CONTRAINDICACIONES:</h6>\n<p style=""font-weight: 300;"">Ninguna conocida.</p>\n&nbsp;\n<h6 style=""font-weight: 300;"">PRECAUCIONES GENERALES:</h6>\n<p style=""font-weight: 300;"">No presenta.</p>\n&nbsp;\n<h6 style=""font-weight: 300;"">REACCIONES SECUNDARIAS Y ADVERSAS:</h6>\n<p style=""font-weight: 300;"">Ninguno.</p>\n&nbsp;\n<h6 style=""font-weight: 300;"">INTERACCIONES MEDICAMENTOSAS Y DE OTRO GENERO:</h6>\n<p style=""font-weight: 300;"">Ninguna conocida.</p>\n&nbsp;\n<h6 style=""font-weight: 300;"">DOSIS Y VÍA DE ADMINISTRACIÓN:</h6>\n<p style=""font-weight: 300;"">Aplicar mediante una capa fina en los labios de acuerdo a necesidad.</p>\n&nbsp;\n<h6 style=""font-weight: 300;"">PRESENTACIONES:</h6>\n<p style=""font-weight: 300;"">Caja por 50 unidades.</p>","Delta > Comprimidos\, Cápsulas\, Sobres\, Tabletas",,https://laboratoriosdelta.net/wp-content/uploads/2022/03/Mantequilla-de-cacao-Barras-copia.jpg,,no,yes,yes,,no,,,,no,,no,default,default,default,default,default,default,set
,"MEBENDAZOL 100mg","<b><strong>COMPRIMIDOS</strong></b>\nAntihelmíntico","<h6 style=""font-weight: 300;"">FORMA FARMACÉUTICA Y FORMULACIÓN:</h6>\n<table style=""font-weight: 400;"">\n<tbody>\n<tr>\n<td colspan=""2"">\n<p style=""font-weight: 300;"">Cada comprimido contiene:</p>\n</td>\n</tr>\n<tr>\n<td>\n<p style=""font-weight: 300;"">Mebendazol</p>\n</td>\n<td>\n<p style=""font-weight: 300;"">100 mg</p>\n</td>\n</tr>\n<tr>\n<td>\n<p style=""font-weight: 300;"">Excipientes</p>\n</td>\n<td>\n<p style=""font-weight: 300;"">c.s.</p>\n</td>\n</tr>\n</tbody>\n</table>\n&nbsp;\n<h6 style=""font-weight: 300;"">DESCRIPCIÓN:</h6>\n<p style=""font-weight: 300;"">Antihelmíntico.</p>\n&nbsp;\n<h6 style=""font-weight: 300;"">INDICACIONES TERAPÉUTICAS:</h6>\n<p style=""font-weight: 300;"">Mebendazol por ser un antihelmíntico de amplio espectro, está indicado como fármaco de primera elección para el tratamiento de parasitosis intestinal producida por <i><em>Ascaris lumbricoides</em></i> (lombriz común), Enterobiasis causada por <i><em>Enterobius vermicularis</em></i> (<i><em>Oxiuros vermicularis</em></i>), Tricuriasis causada por <i><em>Trichuris trichiura</em></i> y Uncinariasis causada por <i><em>Ancylostoma duodenale</em></i>.\nMebendazol también está indicado en el tratamiento de infestaciones helmínticas múltiples.</p>\n&nbsp;\n<h6 style=""font-weight: 300;"">CONTRAINDICACIONES:</h6>\n<p style=""font-weight: 300;"">En pacientes con hipersensibilidad a los benzoimidazoles.</p>\n&nbsp;\n<h6 style=""font-weight: 300;"">PRECAUCIONES GENERALES:</h6>\n<p style=""font-weight: 300;"">Durante el embarazo, lactancia, insuficiencia hepática (el mebendazol se metaboliza principalmente en el hígado; se prolonga la vida media; puede ser hepatotóxico con dosis elevadas) y colitis ulcerativa (puede aumentar la absorción y la toxicidad del mebendazol, especialmente en la terapia a dosis elevadas).</p>\n&nbsp;\n<h6 style=""font-weight: 300;"">REACCIONES SECUNDARIAS Y ADVERSAS:</h6>\n<p style=""font-weight: 300;"">Podría presentar con incidencia enos frecuente o rara: dolor o molestias abdominal, diarrea, mareos, cefalea, fiebre, náuseas o vómitos, rash cutáneo o prurito, reacciones de hipersensibilidad, tinitus.</p>\n&nbsp;\n<h6 style=""font-weight: 300;"">INTERACCIONES MEDICAMENTOSAS Y DE OTRO GENERO:</h6>\n<p style=""font-weight: 300;"">No administrar Mebendazol simultáneamente con carbamazepina ni fenitoína en pacientes con enfermedad hidatídica ya que se ha demostrado que la carbamazepina disminuye las concentraciones plasmáticas de mebendazol por inducción de las enzimas microsomales hepáticas y que altera la respuesta terapéutica; si la carbamazepina se utiliza para las crisis convulsivas, se recomienda la sustitución con ácido valproico; el tratamiento de los helmintos intestinales como tricocéfalos anquilostomas no parece afectarse por el metabolismo hepático del mebendazol).</p>\n&nbsp;\n<h6 style=""font-weight: 300;"">DOSIS Y VÍA DE ADMINISTRACIÓN:</h6>\n<p style=""font-weight: 300;""><strong>Dosis Adultos y mayores de dos años</strong>:\n<em>Tratamiento de Ascariasis, Trichuriasis o Uncinariasis</em>: Un comprimido dos veces al día, por la mañana y por la noche, durante tres días, se puede repetir la dosis a las dos o tres semanas si fuera necesario.\n<strong>Tratamiento de Enterobiasis</strong>: Un comprimido como dosis única, se recomienda en este caso tratar todo el núcleo familiar y repetir el tratamiento luego de dos a tres semanas.</p>\n&nbsp;\n<h6 style=""font-weight: 300;"">PRESENTACIONES:</h6>\n<p style=""font-weight: 300;"">Caja por 300 comprimidos.</p>\n&nbsp;\n<h6 style=""font-weight: 300;"">REGISTRO SANITARIO:</h6>\n<p style=""font-weight: 300;"">NN-34925/2013</p>","Delta > Comprimidos\, Cápsulas\, Sobres\, Tabletas",,,,no,yes,yes,,no,,,,no,,no,default,default,default,,,,
,"METFORMINA 850mg","<b><strong>COMPRIMIDOS</strong></b>\nHipoglucemiante","<h6 style=""font-weight: 300;"">FORMA FARMACÉUTICA Y FORMULACIÓN:</h6>\n<table style=""font-weight: 400;"">\n<tbody>\n<tr>\n<td colspan=""2"">\n<p style=""font-weight: 300;"">Cada comprimido contiene:</p>\n</td>\n</tr>\n<tr>\n<td>\n<p style=""font-weight: 300;"">Metformina clorhidrato</p>\n</td>\n<td>\n<p style=""font-weight: 300;"">850 mg</p>\n</td>\n</tr>\n<tr>\n<td>\n<p style=""font-weight: 300;"">Excipientes</p>\n</td>\n<td>\n<p style=""font-weight: 300;"">c.s.</p>\n</td>\n</tr>\n</tbody>\n</table>\n&nbsp;\n<h6 style=""font-weight: 300;"">DESCRIPCIÓN:</h6>\n<p style=""font-weight: 300;"">Hipoglucemiante.</p>\n&nbsp;\n<h6 style=""font-weight: 300;"">INDICACIONES TERAPÉUTICAS:</h6>\n<p style=""font-weight: 300;"">Está indicado exclusivamente para el tratamiento de diabetes de tipo II (no dependiente de la insulina), ayuda a controlar la cantidad de glucosa en la sangre, reduce la cantidad de glucosa contenida en su régimen alimenticio y la que produce el hígado.</p>\n&nbsp;\n<h6 style=""font-weight: 300;"">CONTRAINDICACIONES:</h6>\n<p style=""font-weight: 300;"">Metformina está estrictamente contraindicado en insuficiencia renal (el nivel de creatinina en suero debe ser normal), insuficiencia hepática o respiratoria avanzada, insuficiencia cardiaca congestiva, coronariopatías o arteriosclerosis avanzada. Alcoholismo, embarazo, enfermos de edad avanzada o muy debilitados, patologías agudas que implique riesgos de alteración de la función renal: deshidratación (diarrea, vómitos), fiebre, estados infecciosos y/o hipotónicos graves (choques, septicemias, infección urinaria, neuropatía).</p>\n&nbsp;\n<h6 style=""font-weight: 300;"">PRECAUCIONES GENERALES:</h6>\n<p style=""font-weight: 300;"">No administrar durante el embarazo y lactancia, ni en pacientes de alto riesgo de acidosis láctica. Realizar regularmente pruebas de laboratorio, puede llegar a potenciar el efecto de los fibrinolíticos y anticoagulantes.</p>\n&nbsp;\n<h6 style=""font-weight: 300;"">REACCIONES SECUNDARIAS Y ADVERSAS:</h6>\n<p style=""font-weight: 300;"">Podría presentar desórdenes gastrointestinales como ser náuseas, vómitos, ocasionalmente diarrea al inicio del tratamiento, anorexia, pérdida de peso corporal, anemia megaloblástica, acidosis láctica é hipoglicemia.</p>\n&nbsp;\n<h6 style=""font-weight: 300;"">INTERACCIONES MEDICAMENTOSAS Y DE OTRO GENERO:</h6>\n<p style=""font-weight: 300;"">La furosemida aumenta las concentraciones de metformina en plasma y sangre en un 22% y la AUC en un 15% sin que se observe ningún cambio significativo en aclaración renal de metformina. Algunas medicaciones administradas concomitantemente con metformina pueden aumentar el riesgo de acidosis láctica. Los fármacos catiónicos que son eliminados por secreción renal tubular como la amiloride, cimetidina, digoxina, morfina, procainamida, quinidina, quinina, ranitidina, trimetoprima o vancomicina, pueden reducir la eliminación de metformina al competir en un proceso de transporte tubular común. No se recomienda el fármaco anti-arritmico dofetilida en pacientes tratados con fármacos catiónicos ya que la metformina puede incrementar las concentraciones plasmáticas de dofetilida. Se ha observado interacción entre la cimetidina y metformina con un aumento del 60% en la Cmax de metformina y un aumento de la AUC del 40%. Otros fármacos antagonistas H-2 como famotidina y la nizatidina parecen interaccionar menos que la cimetidina, debido a una menor excreción tubular. Las concentraciones de lactato en sangre y la razón lacto/piruvato aumenta cuando la metformina se administra concomitantemente con corticosteroides.</p>\n&nbsp;\n<h6 style=""font-weight: 300;"">DOSIS Y VÍA DE ADMINISTRACIÓN:</h6>\n<p style=""font-weight: 300;""><strong>Dosis Adultos</strong>: Un comprimido dos veces al día administrado con los alimentos. La dosis puede incrementar gradualmente hasta alcanzar una dosis máxima de tres comprimidos al día.\n<strong>Dosis Pediátrica</strong>: Según prescripción del médico.</p>\n&nbsp;\n<h6 style=""font-weight: 300;"">PRESENTACIONES:</h6>\n<p style=""font-weight: 300;"">Caja por 100 comprimidos.</p>\n&nbsp;\n<h6 style=""font-weight: 300;"">REGISTRO SANITARIO:</h6>\n<p style=""font-weight: 300;"">NN-33736/2012</p>","Delta > Comprimidos\, Cápsulas\, Sobres\, Tabletas",,,,no,yes,yes,,no,,,,no,,no,default,default,default,,,,
,"METILDOPA 500mg","<b><strong>COMPRIMIDOS</strong></b>\nAntihipertensivo","<h6 style=""font-weight: 300;"">FORMA FARMACÉUTICA Y FORMULACIÓN:</h6>\n<table style=""font-weight: 400;"">\n<tbody>\n<tr>\n<td colspan=""2"">\n<p style=""font-weight: 300;"">Cada comprimido contiene:</p>\n</td>\n</tr>\n<tr>\n<td>\n<p style=""font-weight: 300;"">Alfa metildopa</p>\n</td>\n<td>\n<p style=""font-weight: 300;"">500 mg</p>\n</td>\n</tr>\n<tr>\n<td>\n<p style=""font-weight: 300;"">Excipientes</p>\n</td>\n<td>\n<p style=""font-weight: 300;"">c.s.</p>\n</td>\n</tr>\n</tbody>\n</table>\n&nbsp;\n<h6 style=""font-weight: 300;"">DESCRIPCIÓN:</h6>\n<p style=""font-weight: 300;"">Antihipertensivo.</p>\n&nbsp;\n<h6 style=""font-weight: 300;"">INDICACIONES TERAPÉUTICAS:</h6>\n<p style=""font-weight: 300;"">Metildopa está indicada en el tratamiento de la hipertensión arterial sistémica de moderada a severa, incluyendo la complicada por enfermedad renal.\n<strong>Uso adecuado de la medicación</strong>:\nEs importante la dieta; puede ser necesaria la restricción de sodio y/o reducción de peso.\nEl paciente puede no presentar síntomas de hipertensión; es importante tomar la medicación aunque se sienta bien.\nNo cura, pero controla la hipertensión; la terapia puede ser necesaria durante toda la vida; consultar al médico antes de interrumpir la medicación; la hipertensión no tratada puede tener graves consecuencias.\nAcostumbrarse a tomar la medicación todos los días a la misma hora para facilitar el cumplimiento del tratamiento.\nLa dosis omitida tomarla lo antes posible; no tomarla si falta poco tiempo para la dosis siguiente; no duplicar la dosis.</p>\n&nbsp;\n<h6 style=""font-weight: 300;"">CONTRAINDICACIONES:</h6>\n<p style=""font-weight: 300;"">No deben tomar metildopa pacientes con enfermedad hepática activa, cirrosis hepática disfunción renal (aumenta la sensibilidad a los efectos de la metildopa, posiblemente debido a la acumulación del conjugado sulfatado) e hipersensibilidad al medicamento.</p>\n&nbsp;\n<h6 style=""font-weight: 300;"">PRECAUCIONES GENERALES:</h6>\n<p style=""font-weight: 300;"">Debe emplearse con mucho cuidado en casos de depresión mental, anemia hemolítica auto inmune, enfermedad hepática y feocromocitoma; la administración en mujeres embarazadas y durante la lactancia debe ser bajo control médico.</p>\n&nbsp;\n<h6 style=""font-weight: 300;"">REACCIONES SECUNDARIAS Y ADVERSAS:</h6>\n<p style=""font-weight: 300;"">Podría presentar con incidencia más frecuente hinchazón de los pies o parte inferior de las piernas (retención de sodio y agua; edema).\nIncidencia menos frecuente: fiebre, especialmente poco después del comienzo de la terapia, depresión mental o ansiedad, pesadillas o sueños vívidos no habituales o problemas para dormir.\nIncidencia rara: orina oscura o de color ámbar, heces pálidas, color amarillo de ojos y piel (hepatitis), diarrea o calambres de estómago, severos o continuos (colitis), cansancio o debilidad continuos después de tomar el medicamento durante varias semanas (anemia hemolítica), hemorragia o hematomas no habituales (trombocitopenia).</p>\n&nbsp;\n<h6 style=""font-weight: 300;"">INTERACCIONES MEDICAMENTOSAS Y DE OTRO GENERO:</h6>\n<p style=""font-weight: 300;"">La asociación que contengan cualesquiera de los siguientes medicamentos, dependiendo de la cantidad presente, pueden también interaccionar con esta medicación: Alcohol, anticoagulantes, estrógenos, bromocriptina, haloperidol, devodopa, vasopresores.</p>\n&nbsp;\n<h6 style=""font-weight: 300;"">DOSIS Y VÍA DE ADMINISTRACIÓN:</h6>\n<p style=""font-weight: 300;""><strong>Dosis Adultos</strong>: Un comprimido dos veces al día.\n<strong>Dosis Pediátrica</strong>: 10 mg/kg peso/día, fraccionada cada 6 a 12 horas, incrementar hasta un máximo de 65 mg/kg peso/día, de acuerdo a respuesta y criterio del médico.\n<strong>Prescripción oral límite para adultos</strong>: Hasta 3 gramos al día.</p>\n&nbsp;\n<h6 style=""font-weight: 300;"">PRESENTACIONES:</h6>\n<p style=""font-weight: 300;"">Caja por 50 comprimidos.</p>\n&nbsp;\n<h6 style=""font-weight: 300;"">REGISTRO SANITARIO:</h6>\n<p style=""font-weight: 300;"">NN-34779/2013</p>","Delta > Comprimidos\, Cápsulas\, Sobres\, Tabletas",,,,no,yes,yes,,no,,,,no,,no,default,default,default,,,,
,"METOCLOPRAMIDA 10mg","<b><strong>COMPRIMIDOS</strong></b>\nAntihemético","<h6 style=""font-weight: 300;"">FORMA FARMACÉUTICA Y FORMULACIÓN:</h6>\n<table style=""font-weight: 400;"">\n<tbody>\n<tr>\n<td colspan=""2"">\n<p style=""font-weight: 300;"">Cada comprimido contiene:</p>\n</td>\n</tr>\n<tr>\n<td>\n<p style=""font-weight: 300;"">Metoclopramida base</p>\n</td>\n<td>\n<p style=""font-weight: 300;"">10 mg</p>\n</td>\n</tr>\n<tr>\n<td>\n<p style=""font-weight: 300;"">Excipientes</p>\n</td>\n<td>\n<p style=""font-weight: 300;"">c.s.</p>\n</td>\n</tr>\n</tbody>\n</table>\n&nbsp;\n<h6 style=""font-weight: 300;"">DESCRIPCIÓN:</h6>\n<p style=""font-weight: 300;"">Antihemético.</p>\n&nbsp;\n<h6 style=""font-weight: 300;"">INDICACIONES TERAPÉUTICAS:</h6>\n<p style=""font-weight: 300;"">Está indicado en casos de vómitos y reflujo gastroesofágico.</p>\n&nbsp;\n<h6 style=""font-weight: 300;"">CONTRAINDICACIONES:</h6>\n<p style=""font-weight: 300;"">Durante el embarazo, obstrucción o perforación gastrointestinal, feocromocitoma, epilepsia é hipersensibilidad al medicamento.</p>\n&nbsp;\n<h6 style=""font-weight: 300;"">PRECAUCIONES GENERALES:</h6>\n<p style=""font-weight: 300;"">Debe emplearse con sumo cuidado durante la lactancia, asma, hipertensión arterial, insuficiencia hepática, enfermedad de Parkinson, insuficiencia renal crónica severa. Produce somnolencia por lo que se debe evitar conducir vehículos o manejar maquinaria pesada durante el tratamiento.</p>\n&nbsp;\n<h6 style=""font-weight: 300;"">REACCIONES SECUNDARIAS Y ADVERSAS:</h6>\n<p style=""font-weight: 300;"">Podría presentar efectos extrapiramidales, confusión mental, somnolencia, inquietud, hiperprolactinemia, alteraciones menstruales, impotencia, reacciones de hipersensibilidad, diarrea o constipación.</p>\n&nbsp;\n<h6 style=""font-weight: 300;"">INTERACCIONES MEDICAMENTOSAS Y DE OTRO GENERO:</h6>\n<p style=""font-weight: 300;"">Las siguientes interacciones con medicamentos y/o problemas asociados se han seleccionado en función de su posible importancia clínica.\nMetoclopramida interacciona con el alcohol, opiáceos, bromocriptina, depresores del SNC, antimuscarínicos, fármacos que producen reacciones extrapiramidales.</p>\n&nbsp;\n<h6 style=""font-weight: 300;"">DOSIS Y VÍA DE ADMINISTRACIÓN:</h6>\n<p style=""font-weight: 300;""><strong>Dosis Adultos</strong>: Un comprimido 15 a 30 minutos antes de cada comida.\n<strong>Dosis Pediátrica</strong>: ¼ a ½ comprimido 15 a 30 minutos antes de cada comida.</p>\n&nbsp;\n<h6 style=""font-weight: 300;"">PRESENTACIONES:</h6>\n<p style=""font-weight: 300;"">Caja por 100 comprimidos.</p>","Delta > Comprimidos\, Cápsulas\, Sobres\, Tabletas",,,,no,yes,yes,,no,,,,no,,no,default,default,default,,,,
,"METRONIDAZOL 500mg","<b><strong>COMPRIMIDOS</strong></b>\nAmebicida","<h6 style=""font-weight: 300;"">FORMA FARMACÉUTICA Y FORMULACIÓN:</h6>\n<table style=""font-weight: 400;"">\n<tbody>\n<tr>\n<td colspan=""2"">\n<p style=""font-weight: 300;"">Cada comprimido contiene:</p>\n</td>\n</tr>\n<tr>\n<td>\n<p style=""font-weight: 300;"">Metronidazol base</p>\n</td>\n<td>\n<p style=""font-weight: 300;"">500 mg</p>\n</td>\n</tr>\n<tr>\n<td>\n<p style=""font-weight: 300;"">Excipientes</p>\n</td>\n<td>\n<p style=""font-weight: 300;"">c.s.</p>\n</td>\n</tr>\n</tbody>\n</table>\n&nbsp;\n<h6 style=""font-weight: 300;"">DESCRIPCIÓN:</h6>\n<p style=""font-weight: 300;"">Antiparasitario - Antiprotozoario.</p>\n&nbsp;\n<h6 style=""font-weight: 300;"">INDICACIONES TERAPÉUTICAS:</h6>\n<p style=""font-weight: 300;"">Como antiparsitario-antiprotozoario indicado en infecciones producidas por <em>Entamoeba histolytica, Giardia lamblia</em>.\nEl metronidazol está indicado en la profilaxis de infecciones colónicas perioperatorias y en el tratamiento de infecciones bacterianas anaerobias, amebiasis y tricomoniasis, giardiasis y ciertas infecciones protozoarias anaerobias, enfermedad intestinal inflamatoria, helmintiasis.\nCuando se usa en el tratamiento de la amebiasis invasiva, el metronidazol se debe administrar simultánea o secuencialmente con un amebicida luminar. Puede que no todas las especies o cepas de un organismo particular sea igualmente sensibles al metronidazol.</p>\n&nbsp;\n<h6 style=""font-weight: 300;"">CONTRAINDICACIONES:</h6>\n<p style=""font-weight: 300;"">En casos de hipersensibilidad a los derivados nitroimidazólicos.</p>\n&nbsp;\n<h6 style=""font-weight: 300;"">PRECAUCIONES GENERALES:</h6>\n<p style=""font-weight: 300;"">Debe emplearse con cautela en casos de insuficiencia hepática severa, epilepsia, discrasias sanguínesa, enfermedad orgánica cerebral, requiere un control estricto durante el embarazo y suspender temporalmente la lactancia.</p>\n&nbsp;\n<h6 style=""font-weight: 300;"">REACCIONES SECUNDARIAS Y ADVERSAS:</h6>\n<p style=""font-weight: 300;"">Podría presentar neuropatía periférica, tromboflebitis, reacciones de hipersensibilidad, leucopenia, crisis convulsivas, diarrea, mareos, cefalea, anorexia, náuseas, vómitos, epigastralgia, somnolencia, ataxia, encefalopatía.</p>\n&nbsp;\n<h6 style=""font-weight: 300;"">INTERACCIONES MEDICAMENTOSAS Y DE OTRO GENERO:</h6>\n<p style=""font-weight: 300;"">Acohol, anticoagulantes, medicamentos neurotóxicos, antiepilépticos, fenobarbital.</p>\n&nbsp;\n<h6 style=""font-weight: 300;"">DOSIS Y VÍA DE ADMINISTRACIÓN:</h6>\n<p style=""font-weight: 300;""><strong>Dosis Adultos</strong>:\n<em>En casos de Amebiasis</em>: Uno a uno y medio comprimido cada 8 horas.\n<em>Giardiasis</em>: ½ comprimido cada 8 horas.\n<strong>Dosis Pediátrica</strong>: Según prescripción del médico.</p>\n&nbsp;\n<h6 style=""font-weight: 300;"">PRESENTACIONES:</h6>\n<p style=""font-weight: 300;"">Caja por 100 comprimidos.</p>","Delta > Comprimidos\, Cápsulas\, Sobres\, Tabletas",,,,no,yes,yes,,no,,,,no,,no,default,default,default,,,,
,MIGRADOL,"<b><strong>COMPRIMIDOS</strong></b>\nAntimigrañoso","<h6 style=""font-weight: 300;"">FORMA FARMACÉUTICA Y FORMULACIÓN:</h6>\n<table style=""font-weight: 400;"">\n<tbody>\n<tr>\n<td colspan=""2"">\n<p style=""font-weight: 300;"">Cada comprimido recubierto contiene:</p>\n</td>\n</tr>\n<tr>\n<td>\n<p style=""font-weight: 300;"">Clonixinato de lisinal</p>\n</td>\n<td>\n<p style=""font-weight: 300;"">125 mg</p>\n</td>\n</tr>\n<tr>\n<td>\n<p style=""font-weight: 300;"">Ergotamina tartrato</p>\n</td>\n<td>\n<p style=""font-weight: 300;"">1 mg</p>\n</td>\n</tr>\n<tr>\n<td>\n<p style=""font-weight: 300;"">Excipientes</p>\n</td>\n<td>\n<p style=""font-weight: 300;"">c.s.</p>\n</td>\n</tr>\n</tbody>\n</table>\n&nbsp;\n<h6 style=""font-weight: 300;"">DESCRIPCIÓN:</h6>\n<p style=""font-weight: 300;"">Antimigrañoso.</p>\n&nbsp;\n<h6 style=""font-weight: 300;"">INDICACIONES TERAPÉUTICAS:</h6>\n<p style=""font-weight: 300;"">Migradol es un producto de acción analgésico y antimigrañoso preparado para casos de crisis inminente de ataque agudo de cefalea vascular conocida como migraña o jaqueca, la cual puede ir precedida por trastornos visuales con luces destellantes o líneas onduladas, o sabores y olores extraños, entumecimiento, hormigueo, vértigo, acúfeno o sensación de que una parte del cuerpo está distorsionado en cuanto a forma o tamaño. La fase aguda de la migraña puede acompañarse de náuseas, vómitos, escalofríos, poliuria, sudoración, edema facial irritabilidad y fatiga externa. Después del ataque el individuo suele sentir la cabeza entumecida, dolor en el cuello y sueño.</p>\n&nbsp;\n<h6 style=""font-weight: 300;"">CONTRAINDICACIONES:</h6>\n<p style=""font-weight: 300;"">Pacientes con hipersensibilidad a los alcaloides del cornezuelo de centeno, hipertensión arterial sistemática no controlada, sepsis, malnutrición y cirugía arterial.</p>\n&nbsp;\n<h6 style=""font-weight: 300;"">PRECAUCIONES GENERALES:</h6>\n<p style=""font-weight: 300;"">Administrar con cautela en en pacientes con enfermedad coronaria, insuficiencia hepática y/o renal, hipertensión arterial sistemático bajo control, hipertiroidismo, enfermedad vascular periférica oclusiva, embarazo, lactancia y pacientes con antecedentes de úlcera péptica activa.</p>\n&nbsp;\n<h6 style=""font-weight: 300;"">REACCIONES SECUNDARIAS Y ADVERSAS:</h6>\n<p style=""font-weight: 300;"">Podría presentar reacciones de hipersensibilidad, diarrea, mareos, mialgias, dolor precordial, taquicardia o bradicardia, vasoconstricción periférica y coronaria, edemas.</p>\n&nbsp;\n<h6 style=""font-weight: 300;"">INTERACCIONES MEDICAMENTOSAS Y DE OTRO GENERO:</h6>\n<p style=""font-weight: 300;"">La administración concomitante de la ergotamina con la troleandomicina, eritromicina o josamicina puede provocar una concentración elevada de ergotamina en el plasma y causa por consiguiente una vasoconstricción periférica indeseable.\nSe han señalado algunos casos de reacción angeoplásica entre los pacientes que fueron tratados concomitantemente con ergotamina y propanolo.</p>\n&nbsp;\n<h6 style=""font-weight: 300;"">DOSIS Y VÍA DE ADMINISTRACIÓN:</h6>\n<p style=""font-weight: 300;""><strong>Dosis Adultos y adolescentes</strong>: Un comprimido al inicio de los síntomas.\nEn cefaleas muy intensas puede ingerirse dos comprimidos juntos inicialmente o según prescripción médica.</p>\n&nbsp;\n<h6 style=""font-weight: 300;"">PRESENTACIONES:</h6>\n<p style=""font-weight: 300;"">Caja por 20 comprimidos.</p>\n&nbsp;\n<h6 style=""font-weight: 300;"">REGISTRO SANITARIO:</h6>\n<p style=""font-weight: 300;"">NN-32139/2012</p>","Delta > Comprimidos\, Cápsulas\, Sobres\, Tabletas",,https://laboratoriosdelta.net/wp-content/uploads/2022/03/Migradol-comprimidos-copia.jpg,,no,yes,yes,,no,,,,no,,no,default,default,default,default,default,default,set
,"NISTATINA 500.000 UI","<b><strong>COMPRIMIDOS</strong></b>\nAntimicótico","<h6 style=""font-weight: 300;"">FORMA FARMACÉUTICA Y FORMULACIÓN:</h6>\n<table style=""font-weight: 400;"">\n<tbody>\n<tr>\n<td colspan=""2"">\n<p style=""font-weight: 300;"">Cada comprimido contiene:</p>\n</td>\n</tr>\n<tr>\n<td>\n<p style=""font-weight: 300;"">Nistatina</p>\n</td>\n<td>\n<p style=""font-weight: 300;"">500.000 UI</p>\n</td>\n</tr>\n<tr>\n<td>\n<p style=""font-weight: 300;"">Excipientes</p>\n</td>\n<td>\n<p style=""font-weight: 300;"">c.s.</p>\n</td>\n</tr>\n</tbody>\n</table>\n&nbsp;\n<h6 style=""font-weight: 300;"">DESCRIPCIÓN:</h6>\n<p style=""font-weight: 300;"">Antimicótico.</p>\n&nbsp;\n<h6 style=""font-weight: 300;"">INDICACIONES TERAPÉUTICAS:</h6>\n<p style=""font-weight: 300;"">Nistatina es un antimicótico utilizado sobre todo para el tratamiento de Candidiasis no sistémica.</p>\n&nbsp;\n<h6 style=""font-weight: 300;"">CONTRAINDICACIONES:</h6>\n<p style=""font-weight: 300;"">Hipersensibilidad al medicamento.</p>\n&nbsp;\n<h6 style=""font-weight: 300;"">PRECAUCIONES GENERALES:</h6>\n<p style=""font-weight: 300;"">Ninguna descrita.</p>\n&nbsp;\n<h6 style=""font-weight: 300;"">REACCIONES SECUNDARIAS Y ADVERSAS:</h6>\n<p style=""font-weight: 300;"">Podría presentar: náuseas y vómitos.</p>\n&nbsp;\n<h6 style=""font-weight: 300;"">INTERACCIONES MEDICAMENTOSAS Y DE OTRO GENERO:</h6>\n<p style=""font-weight: 300;"">No descritas.</p>\n&nbsp;\n<h6 style=""font-weight: 300;"">DOSIS Y VÍA DE ADMINISTRACIÓN:</h6>\n<p style=""font-weight: 300;""><strong>Dosis Adultos</strong>: Uno a dos comprimidos cada 8 horas.\n<strong>Pediátrica</strong>: Se requiere el criterio médico.\nEl tratamiento dura según la evolución de la patología, sin embargo debe continuarse el tratamiento hasta 48 horas después de la curación clínica.</p>\n&nbsp;\n<h6 style=""font-weight: 300;"">PRESENTACIONES:</h6>\n<p style=""font-weight: 300;"">Caja por 100 comprimidos.</p>\n&nbsp;\n<h6 style=""font-weight: 300;"">REGISTRO SANITARIO:</h6>\n<p style=""font-weight: 300;"">NN-26896/2014</p>","Delta > Comprimidos\, Cápsulas\, Sobres\, Tabletas",,,,no,yes,yes,,no,,,,no,,no,default,default,default,,,,
,"NORFLOXACINA 400mg","<b><strong>COMPRIMIDOS</strong></b>\nAntibacteriano","<h6 style=""font-weight: 300;"">FORMA FARMACÉUTICA Y FORMULACIÓN:</h6>\n<table style=""font-weight: 400;"">\n<tbody>\n<tr>\n<td colspan=""2"">\n<p style=""font-weight: 300;"">Cada comprimido contiene:</p>\n</td>\n</tr>\n<tr>\n<td>\n<p style=""font-weight: 300;"">Norfloxacina</p>\n</td>\n<td>\n<p style=""font-weight: 300;"">400 mg</p>\n</td>\n</tr>\n<tr>\n<td>\n<p style=""font-weight: 300;"">Excipientes</p>\n</td>\n<td>\n<p style=""font-weight: 300;"">c.s.</p>\n</td>\n</tr>\n</tbody>\n</table>\n&nbsp;\n<h6 style=""font-weight: 300;"">DESCRIPCIÓN:</h6>\n<p style=""font-weight: 300;"">Antibacteriano.</p>\n&nbsp;\n<h6 style=""font-weight: 300;"">INDICACIONES TERAPÉUTICAS:</h6>\n<p style=""font-weight: 300;"">Norfloxacina es un antibacteriano de amplio espectro, activo frente a un gran número de organismos aerobios grampositivos y gramnegatibos. Está indicado en adultos para el tratamiento de las infecciones del tracto urinario complicadas y no complicadas. Es también efectivo para el tratamiento de la prostatitis y la gonorrea no complicada o uretritis gonocócica producidas por Neisseria gonorrhoeae productores de penicilinasa.</p>\n&nbsp;\n<h6 style=""font-weight: 300;"">CONTRAINDICACIONES:</h6>\n<p style=""font-weight: 300;"">En casos de hipersensibilidad a la norfloxacina u a otros antibacterianos quinolónicos relacionados; está contraindicado durante el embarazo y la lactancia, en lactantes y niños.</p>\n&nbsp;\n<h6 style=""font-weight: 300;"">PRECAUCIONES GENERALES:</h6>\n<p style=""font-weight: 300;"">No exceder la dosis de 800 mg al día, en pacientes con daño renal debe modificarse la dosis.</p>\n&nbsp;\n<h6 style=""font-weight: 300;"">REACCIONES SECUNDARIAS Y ADVERSAS:</h6>\n<p style=""font-weight: 300;"">Podría presentar con una incidencia más frecuente: mareos o color de cabeza, con una incidencia menos frecuente: depresión mental, incidencia rara: visión borrosa o disminuida, dolor abdominal o malestar estomacal, diarrea, rash cutáneo, sequedad de la boca.</p>\n&nbsp;\n<h6 style=""font-weight: 300;"">INTERACCIONES MEDICAMENTOSAS Y DE OTRO GENERO:</h6>\n<p style=""font-weight: 300;"">La administración concomitante de antiácidos (estos pueden reducir la absorción de la norfloxacina, por lo tanto, no se recomienda el uso simultáneo, se debe aconsejar a los pacientes que tomen los antiácidos al menos dos horas después de la norfloxacina); Probenecid (disminuye la secreción tubular renal de la norfloxacina, dando lugar a la disminución de la excreción urinaria, a un aumento y prolongación de las concentraciones séricas de norfloxacina, prolongación de la vida media de eliminación y a un aumento del riesgo de toxicidad).</p>\n&nbsp;\n<h6 style=""font-weight: 300;"">DOSIS Y VÍA DE ADMINISTRACIÓN:</h6>\n<p style=""font-weight: 300;""><strong>Dosis Adultos</strong>:\n<em>Infecciones urinarias sin complicación</em>: Un comprimido 2 veces al día por una semana.\n<em>Infecciones urinarias con complicación</em>: Un comprimido 2 veces al día durante 10 a 21 días.\n<strong>Dosis máxima</strong>: Dos comprimidos diarios.\n<strong>Pediátrica</strong>: No se recomienda el uso en lactantes ni en niños.</p>\n&nbsp;\n<h6 style=""font-weight: 300;"">PRESENTACIONES:</h6>\n<p style=""font-weight: 300;"">Caja por 50 comprimidos.</p>\n&nbsp;\n<h6 style=""font-weight: 300;"">REGISTRO SANITARIO:</h6>\n<p style=""font-weight: 300;"">NN-34725/2013</p>","Delta > Comprimidos\, Cápsulas\, Sobres\, Tabletas",,,,no,yes,yes,,no,,,,no,,no,default,default,default,,,,
,"OMEPRAZOL 20mg","<b><strong>CÁPSULAS</strong></b>\nInhibidor de la bomba de protones","<h6 style=""font-weight: 300;"">FORMA FARMACÉUTICA Y FORMULACIÓN:</h6>\n<table style=""font-weight: 400;"">\n<tbody>\n<tr>\n<td colspan=""2"">\n<p style=""font-weight: 300;"">Cada cápsula contiene:</p>\n</td>\n</tr>\n<tr>\n<td>\n<p style=""font-weight: 300;"">Omeprazol base</p>\n</td>\n<td>\n<p style=""font-weight: 300;"">20 mg</p>\n</td>\n</tr>\n<tr>\n<td>\n<p style=""font-weight: 300;"">Omeprazol base</p>\n</td>\n<td>\n<p style=""font-weight: 300;"">40 mg</p>\n</td>\n</tr>\n<tr>\n<td>\n<p style=""font-weight: 300;"">Excipientes</p>\n</td>\n<td>\n<p style=""font-weight: 300;"">c.s.</p>\n</td>\n</tr>\n</tbody>\n</table>\n&nbsp;\n<h6 style=""font-weight: 300;"">DESCRIPCIÓN:</h6>\n<p style=""font-weight: 300;"">Inhibidor de la bomba de protones.</p>\n&nbsp;\n<h6 style=""font-weight: 300;"">INDICACIONES TERAPÉUTICAS:</h6>\n<p style=""font-weight: 300;"">Omeprazol está indicado en el tratamiento y prevención a corto y largo plazo de los signos y síntomas relacionados con los trastornos ácido-péptico: úlceras duodenales, úlceras gástricas, úlcera por stress, tratamiento de esofagitis péptico, síndrome de Zollinger Ellison, esofagitis por reflujo, hipersecreción patológica, astrónomas é hipergastrinemias de diversas causas.</p>\n&nbsp;\n<h6 style=""font-weight: 300;"">CONTRAINDICACIONES:</h6>\n<p style=""font-weight: 300;""><strong>Omeprazol 20 mg</strong>:No debe utilizarse durante el embarazo y la lactancia y no administrar en casos de hipersensibilidad al medicamento o a cualquier componente de la formulación.\n<strong>Omeprazol 40 mg</strong>: No debe utilizarse durante el embarazo y la lactancia hasta tanto sea demostrada su inocuidad en tales estados, y no administrar en casos de hipersensibilidad al medicamento y alergias.</p>\n&nbsp;\n<h6 style=""font-weight: 300;"">PRECAUCIONES GENERALES:</h6>\n<p style=""font-weight: 300;""><strong>Omeprazol 20 mg</strong>:En pacientes con úlcera gástrica debe excluirse la posibilidad de carcinomas antes de iniciar el tratamiento ya que el alivio de los síntomas puede retrasar el diagnóstico.\nNo se requiere ajuste de dosis en pacientes ancianos.\nEn caso de insuficiencia hepática severa, la dosis máxima será de una cápsula al día.\n<strong>Omeprazol 40 mg</strong>: No utilizar en tratamientos prolongados salvo en Sídrome de Zollinger-Ellison. Antes de iniciar el tratamiento descartar la presencia de carcinoma gástrico ya que el alivio de los síntomas puede retrasar el diagnóstico.</p>\n&nbsp;\n<h6 style=""font-weight: 300;"">REACCIONES SECUNDARIAS Y ADVERSAS:</h6>\n<p style=""font-weight: 300;""><strong>Omeprazol 40 mg</strong>: Podría presentar náuseas, diarrea, estreñimiento, flatulencia, cólicos y en menor frecuencia se han registrado dolor de cabeza, mareos y somnolencia; en pocos pacientes se han presentado erupciones cutáneas, leucopenia y aumento de la actividad plasmática.\n<strong>Omeprazol 40 mg</strong>: Podría presentar náuseas, vómitos, constipación o diarrea, cólicos abdominales, cefalea, mareos y somnolencia.</p>\n&nbsp;\n<h6 style=""font-weight: 300;"">INTERACCIONES MEDICAMENTOSAS Y DE OTRO GENERO:</h6>\n<p style=""font-weight: 300;"">Omeprazol interacciona con Ketoconazol, Anticoagulantes, Diazepam y Fenitoina. No existe incompatibilidad cuando se siguen los métodos de administración descritos.</p>\n&nbsp;\n<h6 style=""font-weight: 300;"">DOSIS Y VÍA DE ADMINISTRACIÓN:</h6>\n<p style=""font-weight: 300;""><strong>Omeprazol 20 mg</strong>:\n<em>Ulcera gástrica</em>: Una a dos cápsulas al día por 4 a 8 semanas.\n<em>Ulcera duodenal</em>: Una cápsula al día por 2 a 4 semanas.\n<em>Esofagitis por reflujo</em>: Una cápsula al día por 4 a 8 semanas.\n<em>Síndrome de Zollinger</em>: Tres a seis cápsulas 2 a 3 tomas hasta remisión de los síntomas.\n<em>Dosis Pediátrica</em>: No establecida.\n<strong>Omeprazol 40 mg</strong>:\n<em>Adultos</em>: Una cápsula de 40 mg una vez al día por dos o cuatro semanas.\n<em>Dosis Pediátrica</em>: No establecida.</p>\n&nbsp;\n<h6 style=""font-weight: 300;"">PRESENTACIONES:</h6>\n<p style=""font-weight: 300;"">Caja por 50 y 20 capsulas.</p>\n&nbsp;\n<h6 style=""font-weight: 300;"">REGISTRO SANITARIO:</h6>\n<p style=""font-weight: 300;"">OMEPRAZOL 20 mg: NN-33380/2012\nOMEPRAZOL 40 mg: NN-41968/2011</p>","Delta > Comprimidos\, Cápsulas\, Sobres\, Tabletas",,,,no,yes,yes,,no,,,,no,,no,default,default,default,,,,
,"OMEPRAZOL 40mg","<b><strong>CÁPSULAS</strong></b>\nInhibidor de la bomba de protones","<h6 style=""font-weight: 300;"">FORMA FARMACÉUTICA Y FORMULACIÓN:</h6>\n<table style=""font-weight: 400;"">\n<tbody>\n<tr>\n<td colspan=""2"">\n<p style=""font-weight: 300;"">Cada cápsula contiene:</p>\n</td>\n</tr>\n<tr>\n<td>\n<p style=""font-weight: 300;"">Omeprazol base</p>\n</td>\n<td>\n<p style=""font-weight: 300;"">20 mg</p>\n</td>\n</tr>\n<tr>\n<td>\n<p style=""font-weight: 300;"">Omeprazol base</p>\n</td>\n<td>\n<p style=""font-weight: 300;"">40 mg</p>\n</td>\n</tr>\n<tr>\n<td>\n<p style=""font-weight: 300;"">Excipientes</p>\n</td>\n<td>\n<p style=""font-weight: 300;"">c.s.</p>\n</td>\n</tr>\n</tbody>\n</table>\n&nbsp;\n<h6 style=""font-weight: 300;"">DESCRIPCIÓN:</h6>\n<p style=""font-weight: 300;"">Inhibidor de la bomba de protones.</p>\n&nbsp;\n<h6 style=""font-weight: 300;"">INDICACIONES TERAPÉUTICAS:</h6>\n<p style=""font-weight: 300;"">Omeprazol está indicado en el tratamiento y prevención a corto y largo plazo de los signos y síntomas relacionados con los trastornos ácido-péptico: úlceras duodenales, úlceras gástricas, úlcera por stress, tratamiento de esofagitis péptico, síndrome de Zollinger Ellison, esofagitis por reflujo, hipersecreción patológica, astrónomas é hipergastrinemias de diversas causas.</p>\n&nbsp;\n<h6 style=""font-weight: 300;"">CONTRAINDICACIONES:</h6>\n<p style=""font-weight: 300;""><strong>Omeprazol 20 mg</strong>:No debe utilizarse durante el embarazo y la lactancia y no administrar en casos de hipersensibilidad al medicamento o a cualquier componente de la formulación.\n<strong>Omeprazol 40 mg</strong>: No debe utilizarse durante el embarazo y la lactancia hasta tanto sea demostrada su inocuidad en tales estados, y no administrar en casos de hipersensibilidad al medicamento y alergias.</p>\n&nbsp;\n<h6 style=""font-weight: 300;"">PRECAUCIONES GENERALES:</h6>\n<p style=""font-weight: 300;""><strong>Omeprazol 20 mg</strong>:En pacientes con úlcera gástrica debe excluirse la posibilidad de carcinomas antes de iniciar el tratamiento ya que el alivio de los síntomas puede retrasar el diagnóstico.\nNo se requiere ajuste de dosis en pacientes ancianos.\nEn caso de insuficiencia hepática severa, la dosis máxima será de una cápsula al día.\n<strong>Omeprazol 40 mg</strong>: No utilizar en tratamientos prolongados salvo en Sídrome de Zollinger-Ellison. Antes de iniciar el tratamiento descartar la presencia de carcinoma gástrico ya que el alivio de los síntomas puede retrasar el diagnóstico.</p>\n&nbsp;\n<h6 style=""font-weight: 300;"">REACCIONES SECUNDARIAS Y ADVERSAS:</h6>\n<p style=""font-weight: 300;""><strong>Omeprazol 40 mg</strong>: Podría presentar náuseas, diarrea, estreñimiento, flatulencia, cólicos y en menor frecuencia se han registrado dolor de cabeza, mareos y somnolencia; en pocos pacientes se han presentado erupciones cutáneas, leucopenia y aumento de la actividad plasmática.\n<strong>Omeprazol 40 mg</strong>: Podría presentar náuseas, vómitos, constipación o diarrea, cólicos abdominales, cefalea, mareos y somnolencia.</p>\n&nbsp;\n<h6 style=""font-weight: 300;"">INTERACCIONES MEDICAMENTOSAS Y DE OTRO GENERO:</h6>\n<p style=""font-weight: 300;"">Omeprazol interacciona con Ketoconazol, Anticoagulantes, Diazepam y Fenitoina. No existe incompatibilidad cuando se siguen los métodos de administración descritos.</p>\n&nbsp;\n<h6 style=""font-weight: 300;"">DOSIS Y VÍA DE ADMINISTRACIÓN:</h6>\n<p style=""font-weight: 300;""><strong>Omeprazol 20 mg</strong>:\n<em>Ulcera gástrica</em>: Una a dos cápsulas al día por 4 a 8 semanas.\n<em>Ulcera duodenal</em>: Una cápsula al día por 2 a 4 semanas.\n<em>Esofagitis por reflujo</em>: Una cápsula al día por 4 a 8 semanas.\n<em>Síndrome de Zollinger</em>: Tres a seis cápsulas 2 a 3 tomas hasta remisión de los síntomas.\n<em>Dosis Pediátrica</em>: No establecida.\n<strong>Omeprazol 40 mg</strong>:\n<em>Adultos</em>: Una cápsula de 40 mg una vez al día por dos o cuatro semanas.\n<em>Dosis Pediátrica</em>: No establecida.</p>\n&nbsp;\n<h6 style=""font-weight: 300;"">PRESENTACIONES:</h6>\n<p style=""font-weight: 300;"">Caja por 50 y 20 capsulas.</p>\n&nbsp;\n<h6 style=""font-weight: 300;"">REGISTRO SANITARIO:</h6>\n<p style=""font-weight: 300;"">OMEPRAZOL 20 mg: NN-33380/2012\nOMEPRAZOL 40 mg: NN-41968/2011</p>","Delta > Comprimidos\, Cápsulas\, Sobres\, Tabletas",,,,no,yes,yes,,no,,,,no,,no,default,default,default,,,,
,"PARACETAMOL 1g","<b><strong>COMPRIMIDOS</strong></b>\nAnalgésico antipirético","<h6 style=""font-weight: 300;"">FORMA FARMACÉUTICA Y FORMULACIÓN:</h6>\n<table style=""font-weight: 400;"">\n<tbody>\n<tr>\n<td colspan=""2"">\n<p style=""font-weight: 300;"">Cada comprimido contiene:</p>\n</td>\n</tr>\n<tr>\n<td>\n<p style=""font-weight: 300;"">Paracetamol</p>\n</td>\n<td>\n<p style=""font-weight: 300;"">500 mg</p>\n</td>\n</tr>\n<tr>\n<td>\n<p style=""font-weight: 300;"">Paracetamol</p>\n</td>\n<td>\n<p style=""font-weight: 300;"">1000 mg</p>\n</td>\n</tr>\n<tr>\n<td>\n<p style=""font-weight: 300;"">Excipientes</p>\n</td>\n<td>\n<p style=""font-weight: 300;"">c.s.</p>\n</td>\n</tr>\n</tbody>\n</table>\n&nbsp;\n<h6 style=""font-weight: 300;"">DESCRIPCIÓN:</h6>\n<p style=""font-weight: 300;"">Analgésico. Antipirético.</p>\n&nbsp;\n<h6 style=""font-weight: 300;"">INDICACIONES TERAPÉUTICAS:</h6>\n<p style=""font-weight: 300;"">Paracetamol calma el dolor y baja la fiebre en procesos donde existen molestias, reacciones dolorosas y febriles debidas a vacunación, dentición, cefaleas, neuralgias, odontalgias y dolores traumáticos no intensos, dolores post parto.</p>\n&nbsp;\n<h6 style=""font-weight: 300;"">CONTRAINDICACIONES:</h6>\n<p style=""font-weight: 300;"">Hipersensibilidad al medicamento.</p>\n&nbsp;\n<h6 style=""font-weight: 300;"">PRECAUCIONES GENERALES:</h6>\n<p style=""font-weight: 300;"">Consultar a su médico en casos de embarazo, lactancia, alcoholismo, insuficiencia renal y/o hepática. En niños menores de dos años debe usarse bajo vigilancia médica debido al riesgo de daño hepático.</p>\n&nbsp;\n<h6 style=""font-weight: 300;"">REACCIONES SECUNDARIAS Y ADVERSAS:</h6>\n<p style=""font-weight: 300;"">Con mayor frecuencia puede producir somnolencia, cólico renal, nerviosismo, euforia, hepatotoxicidad, mareos, erupciones cutáneas; menos frecuentes: náuseas, vómitos, agranulocitosis, anemia hemolítica, metahemoglobinemia, necrosis papilar renal, encefalopatía hepática.</p>\n&nbsp;\n<h6 style=""font-weight: 300;"">DOSIS Y VÍA DE ADMINISTRACIÓN:</h6>\n<p style=""font-weight: 300;""><strong>Paracetamol 500 mg</strong>:\n<em>Adultos</em>: Un comprimido cada cuatro a seis horas.\n<strong>Paracetamol 1000 mg</strong>:\n<em>Adultos</em>: Uno a dos comprimido al día.</p>\n&nbsp;\n<h6 style=""font-weight: 300;"">PRESENTACIONES:</h6>\n<p style=""font-weight: 300;"">Caja por 20 y 100 comprimidos.</p>\n&nbsp;\n<h6 style=""font-weight: 300;"">REGISTRO SANITARIO:</h6>\n<p style=""font-weight: 300;"">PARACETAMOL 500 mg: NN-20070/2010\nPARACETAMOL 1000 mg: NN-47243/2012</p>","Delta > Comprimidos\, Cápsulas\, Sobres\, Tabletas",,,,no,yes,yes,,no,,,,no,,no,default,default,default,,,,
,"PARACETAMOL 500mg","<b><strong>COMPRIMIDOS</strong></b>\nAnalgésico antipirético","<h6 style=""font-weight: 300;"">FORMA FARMACÉUTICA Y FORMULACIÓN:</h6>\n<table style=""font-weight: 400;"">\n<tbody>\n<tr>\n<td colspan=""2"">\n<p style=""font-weight: 300;"">Cada comprimido contiene:</p>\n</td>\n</tr>\n<tr>\n<td>\n<p style=""font-weight: 300;"">Paracetamol</p>\n</td>\n<td>\n<p style=""font-weight: 300;"">500 mg</p>\n</td>\n</tr>\n<tr>\n<td>\n<p style=""font-weight: 300;"">Paracetamol</p>\n</td>\n<td>\n<p style=""font-weight: 300;"">1000 mg</p>\n</td>\n</tr>\n<tr>\n<td>\n<p style=""font-weight: 300;"">Excipientes</p>\n</td>\n<td>\n<p style=""font-weight: 300;"">c.s.</p>\n</td>\n</tr>\n</tbody>\n</table>\n&nbsp;\n<h6 style=""font-weight: 300;"">DESCRIPCIÓN:</h6>\n<p style=""font-weight: 300;"">Analgésico. Antipirético.</p>\n&nbsp;\n<h6 style=""font-weight: 300;"">INDICACIONES TERAPÉUTICAS:</h6>\n<p style=""font-weight: 300;"">Paracetamol calma el dolor y baja la fiebre en procesos donde existen molestias, reacciones dolorosas y febriles debidas a vacunación, dentición, cefaleas, neuralgias, odontalgias y dolores traumáticos no intensos, dolores post parto.</p>\n&nbsp;\n<h6 style=""font-weight: 300;"">CONTRAINDICACIONES:</h6>\n<p style=""font-weight: 300;"">Hipersensibilidad al medicamento.</p>\n&nbsp;\n<h6 style=""font-weight: 300;"">PRECAUCIONES GENERALES:</h6>\n<p style=""font-weight: 300;"">Consultar a su médico en casos de embarazo, lactancia, alcoholismo, insuficiencia renal y/o hepática. En niños menores de dos años debe usarse bajo vigilancia médica debido al riesgo de daño hepático.</p>\n&nbsp;\n<h6 style=""font-weight: 300;"">REACCIONES SECUNDARIAS Y ADVERSAS:</h6>\n<p style=""font-weight: 300;"">Con mayor frecuencia puede producir somnolencia, cólico renal, nerviosismo, euforia, hepatotoxicidad, mareos, erupciones cutáneas; menos frecuentes: náuseas, vómitos, agranulocitosis, anemia hemolítica, metahemoglobinemia, necrosis papilar renal, encefalopatía hepática.</p>\n&nbsp;\n<h6 style=""font-weight: 300;"">DOSIS Y VÍA DE ADMINISTRACIÓN:</h6>\n<p style=""font-weight: 300;""><strong>Paracetamol 500 mg</strong>:\n<em>Adultos</em>: Un comprimido cada cuatro a seis horas.\n<strong>Paracetamol 1000 mg</strong>:\n<em>Adultos</em>: Uno a dos comprimido al día.</p>\n&nbsp;\n<h6 style=""font-weight: 300;"">PRESENTACIONES:</h6>\n<p style=""font-weight: 300;"">Caja por 20 y 100 comprimidos.</p>\n&nbsp;\n<h6 style=""font-weight: 300;"">REGISTRO SANITARIO:</h6>\n<p style=""font-weight: 300;"">PARACETAMOL 500 mg: NN-20070/2010\nPARACETAMOL 1000 mg: NN-47243/2012</p>","Delta > Comprimidos\, Cápsulas\, Sobres\, Tabletas",,,,no,yes,yes,,no,,,,no,,no,default,default,default,,,,
,PARAFEN,"<strong>COMPRIMIDOS</strong>\n\nAnalgésico Antiinflamatorio","<h6 class=""subtitulo""><a name=""forma farmaceutica y formulacion""></a>FORMA FARMACÉUTICA Y FORMULACIÓN:</h6>\nCada comprimido recubierto contiene:\n\nParacetamol                   500 mg\n\nDiclofenaco Sódico          50 mg\n\nExcipientes                           c.s.\n<h6></h6>\n<h6 class=""subtitulo""><a name=""uso durante el embarazo""></a>USO DURANTE EL EMBARAZO Y LA LACTANCIA</h6>\nAnte la falta de estudios controlados hechos con paracetamol y diclofenaco en mujeres embarazadas, PARAFEN no debe administrarse a mujeres embarazadas ni durante el periodo de lactancia.\n<h6></h6>\n<h6 class=""subtitulo""><a name=""dosis""></a>DOSIS</h6>\nAdultos: Un comprimido cada ocho horas, media hora antes o dos horas después de las comidas.\n\n&nbsp;\n<h6 class=""subtitulo""><a name=""indicaciones""></a>INDICACIONES</h6>\nPor su rápida acción analgésica y antiinflamatoria, PARAFEN está indicado para el tratamiento sintomático de estados inflamatorios y dolorosos agudos.\n\n&nbsp;\n<h6 class=""subtitulo""><a name=""contraindicaciones""></a>CONTRAINDICACIONES</h6>\nHipersensibilidad a los componentes del medicamento, no administrar durante el embarazo, pacientes con úlcera péptica activa, porfiria, alcoholismo y depresión de la médula ósea.\n\n&nbsp;\n<h6 class=""subtitulo""><a name=""precauciones""></a>PRECAUCIONES</h6>\nSe debe evaluar el beneficio/riesgo de su empleo en edema pre-existente, hipertensión y diabetes mellitus, trastornos de la coagulación o de la función plaquetaria, evitar consumo simultáneo de alcohol. No administrar por un tiempo mayor a siete días.\n\n&nbsp;\n<h6 class=""subtitulo""><a name=""efectos adversos""></a>EFECTOS ADVERSOS</h6>\nRetención de fluidos, edema, náuseas, indigestión, diarrea, estreñimiento, mareo, tinnitus, valores elevados de trasaminasas séricas.\n\n&nbsp;\n<h6 class=""subtitulo""><a name=""interacciones medicamentosas""></a>INTERACCIONES MEDICAMENTOSAS E INCOMPATIBILIDADES</h6>\nLitio, digitálicos, corticoides, warfarina, suplementos de potasio, aminoglucósidos, alcohol, hipoglucemiantes orales, insulina, natriuréticos, colchicina, sales de oro, metrotexato, antihipertensivos, medicamentos que se unen en elevada proporción a proteínas plasmáticas.\n\n&nbsp;\n<h6 class=""subtitulo""><a name=""intoxicacion sintomas tratamiento""></a>INTOXICACION, SINTOMAS, TRATAMIENTO DE URGENCIA Y ANTIDOTOS</h6>\nDisminuir la absorción, provocando la emesis o con lavado gástrico. También se puede usar carbón activado para disminuir la absorción. El Diclofenaco Sódico es dializable. Usar las medidas de sostén. Para severa hipotensión use plasma o expansores de volumen, para convulsiones use diazepam, para hipoprotrombinemia use vitamina K. Para la prevención o revertir la falla renal use dopamina o dobutamina.\n\n&nbsp;\n<h6 class=""subtitulo""><a name=""presentacion""></a>PRESENTACIÓN:</h6>\nBlister PVC-Al x 10 comprimidos. Caja x 50 comprimidos.","Delta > Comprimidos\, Cápsulas\, Sobres\, Tabletas",,https://laboratoriosdelta.net/wp-content/uploads/2022/03/Parafen-comprimidos-copia.jpg,,no,yes,yes,,no,,,,no,,no,default,default,default,default,default,default,set
,"PREDNISONA 20mg","COMPRIMIDOS\nCorticoide sistémico","<h6 style=""font-weight: 300;"">FORMA FARMACÉUTICA Y FORMULACIÓN:</h6>\n<table style=""font-weight: 400;"">\n<tbody>\n<tr>\n<td colspan=""2"">\n<p style=""font-weight: 300;"">Cada comprimido ranurado contiene:</p>\n</td>\n</tr>\n<tr>\n<td>\n<p style=""font-weight: 300;"">Prednisona</p>\n</td>\n<td>\n<p style=""font-weight: 300;"">5 mg</p>\n</td>\n</tr>\n<tr>\n<td>\n<p style=""font-weight: 300;"">Prednisona</p>\n</td>\n<td>\n<p style=""font-weight: 300;"">20 mg</p>\n</td>\n</tr>\n<tr>\n<td>\n<p style=""font-weight: 300;"">Excipientes</p>\n</td>\n<td>\n<p style=""font-weight: 300;"">c.s.</p>\n</td>\n</tr>\n</tbody>\n</table>\n<h6></h6>\n<h6 style=""font-weight: 300;"">DESCRIPCIÓN:</h6>\n<p style=""font-weight: 300;"">Corticoide para uso sistémico.</p>\n&nbsp;\n<h6 style=""font-weight: 300;"">INDICACIONES TERAPÉUTICAS:</h6>\n<p style=""font-weight: 300;"">Prednisona es un corticosteroide sistémico indicado en casos de insuficiencia suprarrenal crónica, síndrome adrenogenital, cuadros alérgicos e inflamatorios, inmunosupresión, enfermedades del tejido conectivo y carditis reumática.</p>\n&nbsp;\n<h6 style=""font-weight: 300;"">CONTRAINDICACIONES:</h6>\n<p style=""font-weight: 300;"">En pacientes con úlcera péptica activa, infecciones micóticas severas, hipersensibilidad al medicamento, herpes ocular.</p>\n&nbsp;\n<h6 style=""font-weight: 300;"">PRECAUCIONES GENERALES:</h6>\n<p style=""font-weight: 300;"">Su empleo por periodos prolongados puede inducir alteraciones del eje hipófisis-hipotálamo-suprarrenal por lo que se debe discontinuar el medicamento en forma progresiva.\nLa administración deberá ser cautelosa en casos de: embarazo, lactancia, insuficiencia cardiaca congestiva, diabetes mellitas, hipertensión arterial, SIDA, tuberculosis, glaucoma, herpes zoster o genital.</p>\n&nbsp;\n<h6 style=""font-weight: 300;"">REACCIONES SECUNDARIAS Y ADVERSAS:</h6>\n<p style=""font-weight: 300;"">Podría presentar: glaucoma, catarata, hipertensión arterial, edema, retardo del crecimiento, osteoporosis, necrosis aséptica ósea, miopatía, tromboflebitis, fragilidad capilar.</p>\n&nbsp;\n<h6 style=""font-weight: 300;"">INTERACCIONES MEDICAMENTOSAS Y DE OTRO GENERO:</h6>\n<p style=""font-weight: 300;"">Prednisona interacciona con los siguientes medicamentos: Anfoterecina B, diuréticos que depletan potasio, digitálicos, vacunas virales, antiácidos, warfarina, insulina, INH, fenitoína, fenobarbital, rifampicina, contraceptivos orales, antiinflamatorios no esteroides.</p>\n&nbsp;\n<h6 style=""font-weight: 300;"">DOSIS Y VÍA DE ADMINISTRACIÓN:</h6>\n<p style=""font-weight: 300;""><strong>Prednisona 5 mg</strong>:\n<em>Dosis usual del tratamiento adultos</em>: 5 – 60 mg/día, en dosis única o fraccionada en varias tomas.\n<em>Pediátrica</em>: Según prescripción del médico.\n<em>Duración del tratamiento</em>: Según evolución de la patológia.\n<strong>Prednisona 20 mg</strong>:\n<em>Dosis usual del tratamiento adultos</em>: Hasta 60 mg/día, en dosis única o fraccionada en varias tomas.\n<em>Pediátrica</em>: Según prescripción del médico.\n<em>Duración del tratamiento</em>: Según evolución de la patología.</p>\n&nbsp;\n<h6 style=""font-weight: 300;"">PRESENTACIONES:</h6>\n<p style=""font-weight: 300;"">Caja por 100 comprimidos.</p>\n&nbsp;\n<h6 style=""font-weight: 300;"">REGISTRO SANITARIO:</h6>\n<p style=""font-weight: 300;"">NN-28853/2014</p>","Delta > Comprimidos\, Cápsulas\, Sobres\, Tabletas",,,,no,yes,yes,,no,,,,no,,no,default,default,default,,,,
,"PREDNISONA 5mg","<b><strong>COMPRIMIDOS</strong></b>\nCorticoide sistémico","<h6>FORMA FARMACÉUTICA Y FORMULACIÓN:</h6>\n<table style=""font-weight: 400;"">\n<tbody>\n<tr>\n<td colspan=""2"">Cada comprimido ranurado contiene:</td>\n</tr>\n<tr>\n<td>Prednisona</td>\n<td>5 mg</td>\n</tr>\n<tr>\n<td>Prednisona</td>\n<td>20 mg</td>\n</tr>\n<tr>\n<td>Excipientes</td>\n<td>c.s.</td>\n</tr>\n</tbody>\n</table>\n&nbsp;\n<h6>DESCRIPCIÓN:</h6>\nCorticoide para uso sistémico.\n\n&nbsp;\n<h6>INDICACIONES TERAPÉUTICAS:</h6>\nPrednisona es un corticosteroide sistémico indicado en casos de insuficiencia suprarrenal crónica, síndrome adrenogenital, cuadros alérgicos e inflamatorios, inmunosupresión, enfermedades del tejido conectivo y carditis reumática.\n\n&nbsp;\n<h6>CONTRAINDICACIONES:</h6>\nEn pacientes con úlcera péptica activa, infecciones micóticas severas, hipersensibilidad al medicamento, herpes ocular.\n\n&nbsp;\n<h6>PRECAUCIONES GENERALES:</h6>\nSu empleo por periodos prolongados puede inducir alteraciones del eje hipófisis-hipotálamo-suprarrenal por lo que se debe discontinuar el medicamento en forma progresiva.\nLa administración deberá ser cautelosa en casos de: embarazo, lactancia, insuficiencia cardiaca congestiva, diabetes mellitas, hipertensión arterial, SIDA, tuberculosis, glaucoma, herpes zoster o genital.\n\n&nbsp;\n<h6>REACCIONES SECUNDARIAS Y ADVERSAS:</h6>\nPodría presentar: glaucoma, catarata, hipertensión arterial, edema, retardo del crecimiento, osteoporosis, necrosis aséptica ósea, miopatía, tromboflebitis, fragilidad capilar.\n\n&nbsp;\n<h6>INTERACCIONES MEDICAMENTOSAS Y DE OTRO GENERO:</h6>\nPrednisona interacciona con los siguientes medicamentos: Anfoterecina B, diuréticos que depletan potasio, digitálicos, vacunas virales, antiácidos, warfarina, insulina, INH, fenitoína, fenobarbital, rifampicina, contraceptivos orales, antiinflamatorios no esteroides.\n\n&nbsp;\n<h6>DOSIS Y VÍA DE ADMINISTRACIÓN:</h6>\n<strong>Prednisona 5 mg</strong>:\n<em>Dosis usual del tratamiento adultos</em>: 5 – 60 mg/día, en dosis única o fraccionada en varias tomas.\n<em>Pediátrica</em>: Según prescripción del médico.\n<em>Duración del tratamiento</em>: Según evolución de la patológia.\n<strong>Prednisona 20 mg</strong>:\n<em>Dosis usual del tratamiento adultos</em>: Hasta 60 mg/día, en dosis única o fraccionada en varias tomas.\n<em>Pediátrica</em>: Según prescripción del médico.\n<em>Duración del tratamiento</em>: Según evolución de la patología.\n\n&nbsp;\n<h6>PRESENTACIONES:</h6>\nCaja por 100 comprimidos.\n\n&nbsp;\n<h6>REGISTRO SANITARIO:</h6>\nNN-28853/2014","Delta > Comprimidos\, Cápsulas\, Sobres\, Tabletas",,,,no,yes,yes,,no,,,,no,,no,default,default,default,,,,
,PUNACAP,"<strong>Comprimidos Recubiertos  </strong>","<h6 class=""subtitulo""><a name=""composicion""></a>COMPOSICIÓN</h6>\nCada comprimido recubierto contiene:\n\nParacetamol                                         450 mg.\n\nAcetazolamida                                      250 mg.\n\nCafeína                                                    30 mg.\n\nExcipientes                                               c.s.\n<h6></h6>\n<h6 class=""subtitulo""><a name=""accion terapeutica""></a>ACCIÓN TERAPÉUTICA</h6>\nContra el mal de altura.\n\n&nbsp;\n<h6 class=""subtitulo""><a name=""dosis""></a>DOSIS</h6>\nDosis Adultos: Un comprimido cada seis horas.\n\nDosis Pediátrica:              Según criterio del médico\n\n&nbsp;\n<h6><a name=""indicaciones""></a>INDICACIONES</h6>\nPara aliviar la sintomatología aguda del mal de altura..\n\n&nbsp;\n<h6 class=""subtitulo""><a name=""uso en embarazo y lactancia""></a>USO EN EMBARAZO Y LACTANCIA</h6>\nEn mujeres embarazadas se deben evitar tratamientos de dosis altas y por tiempos prolongados.\n\nEn mujeres en período de lactancia, los antihistamínicos pueden causar excitación o irritabilidad en el infante amamantado.\n\n&nbsp;\n<h6><a name=""contraindicaciones""></a>CONTRAINDICACIONES</h6>\nPacientes en las que el nivel de sodio o potasio del plasma sanguíneo están disminuidos, en casos de insuficiencia renal o hepática. No administrar por períodos mayores a cuatro días, caso contrario deberá consultarse al médico. No debe ser utilizado en mujeres embarazadas durante el primer trimestre, salvo indicación médica. Pacientes con tratamiento de dosis elevadas de salicilatos no deben tomar PUNACAP por el riesgo de intoxicación.\n\n&nbsp;\n<h6 class=""subtitulo""><a name=""precauciones""></a>PRECAUCIONES</h6>\nEn caso de presentar: anafilaxis, fiebre, rash cutáneo, cristalurea, trombocitopenia purpúrea, anemia hemolítica, leucopenia y agranulositosis es aconsejable discontinuar el tratamiento.\n\n&nbsp;\n<h6 class=""subtitulos""><a name=""efectos adversos""></a>EFECTOS ADVERSOS</h6>\nCon tratamientos cortos del medicamento no se observan efectos secundarios, si se presentan algunos pueden ser: temblor de extremidades, pérdida de apetito, mareos y confusión en cuyo caso debe discontinuarse el tratamiento.\n\n&nbsp;\n<h6 class=""subtitulo""><a name=""interacciones medicamentosas""></a>INTERACCIONES  MEDICAMENTOSAS E INCOMPATIBILIDADES</h6>\nNo administrar conjuntamente con alcohol, medicamentos hepatotóxidos, idantoína, aloperidol, glucósidos digitálicos, bloqueantes betaadrenérgicos, disulfirán, suplementos de hierro y litio.\n\n&nbsp;\n<h6 class=""subtitulo""><a name=""intoxicacion sintomas tratamiento""></a>INTOXICACION, SINTOMAS, TRATAMIENTO DE URGENCIA Y ANTIDOTOS</h6>\nEl peligro de intoxicación por sobredosis se manifiesta a nivel nervioso, digestivo y cardiovascular; puede producir lesión hepática con el uso a largo plazo o a dosis elevadas.\n\nEl tratamiento que se recomienda en caso de intoxicación se debe realizar un vaciado del estómago mediante inducción de la emesis o lavado gástrico e instaurar tratamiento sintomático y otras medidas de mantenimiento si es necesario.\n\n&nbsp;\n<h6 class=""subtitulo""><a name=""presentacion""></a>PRESENTACIÓN</h6>\nPUNACAP se presenta en blister PVC-Aluminio x 10 comprimidos. Caja x 100 comprimidos.","Delta > Comprimidos\, Cápsulas\, Sobres\, Tabletas",,https://laboratoriosdelta.net/wp-content/uploads/2022/03/Punacap-x-100-comprimidos-copia.jpg,,no,yes,yes,,no,,,,no,,no,default,default,default,default,default,default,set
,"RANITIDINA 150mg","<b><strong>COMPRIMIDOS</strong></b>\nAntiulceroso","<h6 style=""font-weight: 300;""><strong>FORMA FARMACÉUTICA Y FORMULACIÓN:</strong></h6>\n<table style=""font-weight: 400;"">\n<tbody>\n<tr>\n<td colspan=""2"">\n<p style=""font-weight: 300;"">Cada comprimido contiene:</p>\n</td>\n</tr>\n<tr>\n<td>\n<p style=""font-weight: 300;"">Ranitidina base</p>\n</td>\n<td>\n<p style=""font-weight: 300;"">150 mg</p>\n</td>\n</tr>\n<tr>\n<td>\n<p style=""font-weight: 300;"">Ranitidina base</p>\n</td>\n<td>\n<p style=""font-weight: 300;"">300 mg</p>\n</td>\n</tr>\n<tr>\n<td>\n<p style=""font-weight: 300;"">Excipientes</p>\n</td>\n<td>\n<p style=""font-weight: 300;"">c.s.</p>\n</td>\n</tr>\n</tbody>\n</table>\n&nbsp;\n<h6 style=""font-weight: 300;""><strong>DESCRIPCIÓN:</strong></h6>\n<p style=""font-weight: 300;"">Antiácido. Antiulceroso.</p>\n&nbsp;\n<h6 style=""font-weight: 300;""><strong>INDICACIONES TERAPÉUTICAS:</strong></h6>\n<p style=""font-weight: 300;"">El uso clínico de ranitidina se centra en aquellos casos que involucran diferentes tipos de úlcera y problemas hipersecretorios en general como ser: úlcera péptica, gastritis aguda severa, reflujo gastroesofágico, Síndrome de Zollinger-Ellison, hemorragia digestiva alta y profilaxis de úlcera de stress.</p>\n&nbsp;\n<h6 style=""font-weight: 300;""><strong>CONTRAINDICACIONES:</strong></h6>\n<p style=""font-weight: 300;"">Durante el embarazo é hipersensibilidad al medicamento.</p>\n&nbsp;\n<h6 style=""font-weight: 300;""><strong>PRECAUCIONES GENERALES:</strong></h6>\n<p style=""font-weight: 300;"">Debe emplearse con mucho cuidado en casos de insuficiencia renal é insuficiencia hepática grave.</p>\n&nbsp;\n<h6 style=""font-weight: 300;""><strong>REACCIONES SECUNDARIAS Y ADVERSAS:</strong></h6>\n<p style=""font-weight: 300;"">Podría presentar diarrea o estreñimiento, cefalea, vértigo, dolor muscular, hiperprolactinemia.</p>\n&nbsp;\n<h6 style=""font-weight: 300;""><strong>INTERACCIONES MEDICAMENTOSAS Y DE OTRO GENERO:</strong></h6>\n<p style=""font-weight: 300;"">Ketoconazol, warfarina, fenitoína, antiácidos, xantinas, nifedipina, depresores de la médula ósea.</p>\n&nbsp;\n<h6 style=""font-weight: 300;""><strong>DOSIS Y VÍA DE ADMINISTRACIÓN:</strong></h6>\n<p style=""font-weight: 300;""><strong>Ranitidina 150 mg</strong>:\n<em>Dosis Adultos</em>: Un comprimido cada doce horas o dos comprimidos por la noche.\n<strong>Ranitidina 300 mg</strong>:\n<em>Dosis Adultos</em>: 150 mg cada doce horas o 300 mg por la noche.\n<em>Dosis Pediátrica</em>: 4 – 8 mg/kg peso/día, fraccionada cada doce horas.\n<em>Dosis máxima</em>: 300 mg por día.</p>\n&nbsp;\n<h6 style=""font-weight: 300;""><strong>PRESENTACIONES:</strong></h6>\n<p style=""font-weight: 300;"">Caja por 100 comprimidos.</p>\n&nbsp;\n<h6 style=""font-weight: 300;""><strong>REGISTRO SANITARIO:</strong></h6>\n<p style=""font-weight: 300;"">NN-21128/2010</p>\n&nbsp;\n<blockquote>\n<h2><a href=""https://laboratoriosdelta.net/wp-content/uploads/2023/03/ranitidina-150mg-comp.pdf""><span style=""color: #ff6600;""><strong>Descargar PDF</strong></span></a></h2>\n</blockquote>","Delta > Comprimidos\, Cápsulas\, Sobres\, Tabletas",,,,no,yes,yes,,no,,,,no,,no,default,default,default,,,,
,"SAL INGLESA","<b><strong>GRANULADO</strong></b>\nLaxante","<h6 style=""font-weight: 400;"">FORMA FARMACÉUTICA Y FORMULACIÓN:</h6>\n<table style=""font-weight: 400;"">\n<tbody>\n<tr>\n<td colspan=""2"">Cada sobre x 20 gramos contiene:</td>\n</tr>\n<tr>\n<td>Sulfato de magnesio</td>\n<td>20 g</td>\n</tr>\n</tbody>\n</table>\n&nbsp;\n<h6 style=""font-weight: 400;"">DESCRIPCIÓN:</h6>\n<p style=""font-weight: 400;"">Laxante.</p>\n&nbsp;\n<h6 style=""font-weight: 400;"">INDICACIONES TERAPÉUTICAS:</h6>\n<p style=""font-weight: 400;"">El sulfato de magnesio por vía oral se lo emplea en los casos de constipación por su efecto de laxante salino.\nSi se disuelve en agua helada disminuye su sabor que es muy perceptible cuando se usa agua a temperatura ambiente por lo que también puede ingerir con jugo de naranja para mejorar el sabor.</p>\n&nbsp;\n<h6 style=""font-weight: 400;"">CONTRAINDICACIONES:</h6>\n<p style=""font-weight: 400;"">Si la función del riñón es normal, la eliminación es tan rápida que no puede detectarse variación en el nivel sanguíneo. En pacientes con fallas renales puede llegarse a concentraciones toxicas del ión.\nEstá contraindicado en pacientes con edema o problemas cardiacos.</p>\n&nbsp;\n<h6 style=""font-weight: 400;"">PRECAUCIONES GENERALES:</h6>\n<p style=""font-weight: 400;"">Su empleo por periodos prolongados o uso crónico de Sal Inglesa puede llevar a una deshidratación excesiva.</p>\n&nbsp;\n<h6 style=""font-weight: 400;"">REACCIONES SECUNDARIAS Y ADVERSAS:</h6>\n<p style=""font-weight: 400;"">Su empleo por periodos prolongados o uso crónico de Sal Inglesa puede llevar a una reducción de electrolitos y líquidos.</p>\n&nbsp;\n<h6 style=""font-weight: 400;"">INTERACCIONES MEDICAMENTOSAS Y DE OTRO GENERO:</h6>\n<p style=""font-weight: 400;"">Las asociaciones con cualesquiera de los siguientes medicamentos, depende de la cantidad presente para que pueda interaccionar con esta medicación: Bario (los efectos estimulantes musculares de la toxicidad por bario se reducen cuando se usa bario simultáneamente con el sulfato de magnesio).</p>\n&nbsp;\n<h6 style=""font-weight: 400;"">DOSIS Y VÍA DE ADMINISTRACIÓN:</h6>\n<p style=""font-weight: 400;"">Un sobre de Sal Inglesa x 20 gramos en un vaso de agua o jugo de naranja al acostarse.</p>\n&nbsp;\n<h6 style=""font-weight: 400;"">PRESENTACIONES:</h6>\n<p style=""font-weight: 400;"">Caja por 20 sobres.</p>\n&nbsp;\n<h6 style=""font-weight: 400;"">REGISTRO SANITARIO:</h6>\n<p style=""font-weight: 400;"">NN-18268/2010</p>\n&nbsp;\n\n<a href=""https://laboratoriosdelta.net/wp-content/uploads/2023/03/sal-inglesa-granulado.pdf""><strong><span style=""color: #ff6600;"">MÁS INFORMACIÓN</span></strong></a>","Delta > Comprimidos\, Cápsulas\, Sobres\, Tabletas",,,,no,yes,yes,,no,,,,no,,no,default,default,default,,,,
,"SALBUTAMOL 4mg","<b><strong>COMPRIMIDOS</strong></b>\nAntibacteriano sistémico","<h6 style=""font-weight: 300;"">FORMA FARMACÉUTICA Y FORMULACIÓN:</h6>\n<table style=""font-weight: 400;"">\n<tbody>\n<tr>\n<td colspan=""2"">\n<p style=""font-weight: 300;"">Cada comprimido contiene:</p>\n</td>\n</tr>\n<tr>\n<td>\n<p style=""font-weight: 300;"">Salbutamol</p>\n</td>\n<td>\n<p style=""font-weight: 300;"">4 mg</p>\n</td>\n</tr>\n<tr>\n<td>\n<p style=""font-weight: 300;"">Excipientes</p>\n</td>\n<td>\n<p style=""font-weight: 300;"">c.s.</p>\n</td>\n</tr>\n</tbody>\n</table>\n<h6 style=""font-weight: 300;"">DESCRIPCIÓN:</h6>\n<p style=""font-weight: 300;"">Antibacteriano para uso sistémico.</p>\n\n<h6 style=""font-weight: 300;"">INDICACIONES TERAPÉUTICAS:</h6>\n<p style=""font-weight: 300;"">Para el tratamiento de infecciones de las vías respiratorias altas: otitis medias, sinusitis, faringitis; infecciones de las vías respiratorias bajas: bronquitis, neumonía, infecciones de la piel y tejidos blandos é infecciones uretrales.</p>\n\n<h6 style=""font-weight: 300;"">CONTRAINDICACIONES:</h6>\n<p style=""font-weight: 300;"">El uso de este producto está contraindicado en pacientes con antecedentes de reacciones alérgicas a la azitromicina o a cualquier antibiótico del grupo de los macrólidos y en casos de insuficiencia hepática grave.</p>\n\n<h6 style=""font-weight: 300;"">PRECAUCIONES GENERALES:</h6>\n<p style=""font-weight: 300;"">Debido a que azitromicina se elimina principalmente por el hígado, se deberá tener precaución al administrarse a pacientes con disfunción hepática. De igual manera, se deberá administrar con precaución en pacientes con insuficiencia renal. Pacientes tratados con derivados de la Ergotamina, durante el embarazo y la lactancia.\nAzitromicina puede enmascarar o retardar la aparición de los síntomas de gonorrea y sífilis, por lo que se recomienda realizar pruebas de sensibilidad antes de iniciar el tratamiento.</p>\n\n<h6 style=""font-weight: 300;"">REACCIONES SECUNDARIAS Y ADVERSAS:</h6>\n<p style=""font-weight: 300;"">Podría presentar molestias gástricas como ser diarreas, heces fecales blandas, trastornos abdominales (dolor abdominal, cólicos náuseas, vómitos, flatulencia) ocasionalmente elevaciones reversibles de las transaminasas, reducción leve de neutrófilos.</p>\n\n<h6 style=""font-weight: 300;"">DOSIS Y VÍA DE ADMINISTRACIÓN:</h6>\n<p style=""font-weight: 300;""><strong>Adultos</strong>: Un comprimido al día durante tres días consecutivos.\n<strong>Pediátrica</strong>: Según prescripción del médico.</p>\n\n<h6 style=""font-weight: 300;"">PRESENTACIONES:</h6>\n<p style=""font-weight: 300;"">Caja por 50 comprimidos.</p>\n\n<h6 style=""font-weight: 300;"">REGISTRO SANITARIO:</h6>\n<p style=""font-weight: 300;"">NN-41574/2010</p>\n\n<blockquote>\n<h2 style=""padding-left: 120px;""><em><span style=""color: #ff6600;""><a style=""color: #ff6600;"" href=""https://laboratoriosdelta.net/wp-content/uploads/2023/03/salbutamol-4mg-comp.pdf"">Descargar PDF</a></span></em></h2>\n</blockquote>\n&nbsp;","Delta > Comprimidos\, Cápsulas\, Sobres\, Tabletas",,,,no,yes,yes,,no,,,,no,,no,default,default,default,,,,
,"SILDENAFIL 50mg","<b><strong>COMPRIMIDOS</strong></b>\nTratamiento de la disfunción eréctil","<h6 style=""font-weight: 300;"">FORMA FARMACÉUTICA Y FORMULACIÓN:</h6>\n<table style=""font-weight: 400;"">\n<tbody>\n<tr>\n<td colspan=""2"">\n<p style=""font-weight: 300;"">Cada comprimido contiene:</p>\n</td>\n</tr>\n<tr>\n<td>\n<p style=""font-weight: 300;"">Sildenafil basel</p>\n</td>\n<td>\n<p style=""font-weight: 300;"">50 mg</p>\n</td>\n</tr>\n<tr>\n<td>\n<p style=""font-weight: 300;"">Excipientes</p>\n</td>\n<td>\n<p style=""font-weight: 300;"">c.s.</p>\n</td>\n</tr>\n</tbody>\n</table>\n&nbsp;\n<h6 style=""font-weight: 300;"">DESCRIPCIÓN:</h6>\n<p style=""font-weight: 300;"">Para la Disfunción eréctil.</p>\n&nbsp;\n<h6 style=""font-weight: 300;"">INDICACIONES TERAPÉUTICAS:</h6>\n<p style=""font-weight: 300;"">Para el tratamiento de la disfunción eréctil.</p>\n&nbsp;\n<h6 style=""font-weight: 300;"">CONTRAINDICACIONES:</h6>\n<p style=""font-weight: 300;"">Pacientes que están usando nitratos orgánicos en forma regular o esporádicamente y en enfermedades cardiovasculares pre-existentes.</p>\n&nbsp;\n<h6 style=""font-weight: 300;"">PRECAUCIONES GENERALES:</h6>\n<p style=""font-weight: 300;"">Pacientes que han sufrido infarto de miocardio, ataque fulminante o arritmia durante los últimos seis meses, hipotensión en estado de reposo o hipertensión arterial, deficiencia cardiaca o enfermedad arterocoronaria que le cause angina inestable o esporádica, rinitis pigmentosa y deformaciones anatómicas del pene. Consulte a su médico si se presentan algunos de los siguientes síntomas: erección prolongada, priapismo, ansiedad, algunas veces hematuria, diplopía, perdida temporal de la visión, disminución de la visión, enrojecimiento de los ojos o apariencia de hemorragia, ardor en los ojos, presión o inflamación ocular, presión intraocular creciente, enfermedad vascular retinal o hemorragia, desprendimiento o tracción del vitreo.</p>\n&nbsp;\n<h6 style=""font-weight: 300;"">REACCIONES SECUNDARIAS Y ADVERSAS:</h6>\n<p style=""font-weight: 300;"">Consulte a su médico si se presentan algunos de los siguientes síntomas: erección prolongada, priapismo, ansiedad, algunas veces hematuria, diplopía, perdida temporal de la visión, disminución de la visión, enrojecimiento de los ojos o apariencia de hemorragia, ardor en los ojos, presión o inflamación ocular, presión intraocular creciente, enfermedad vascular retinal o hemorragia, desprendimiento o tracción del vítreo.</p>\n&nbsp;\n<h6 style=""font-weight: 300;"">INTERACCIONES MEDICAMENTOSAS Y DE OTRO GENERO:</h6>\n<p style=""font-weight: 300;"">Sildenafil está contraindicado en pacientes que siguen un tratamiento con nitratos orgánicos debido a que su interacción causa hipotensión grave. Sildenafil es metabolizado por la enzima citocromo P450 y en particular por la CYP3A4, al seguir un tratamiento con medicamentos que inhiben estas enzimas como la cimetidina y la eritromicina causan un aumento de la concentración de sildenafil en plasma causando efectos indeseados. Por otro lado la rifampicina disminuye la concentración plasmática del sildenafil. Diuréticos de asa y ahorradores de potasio, bloqueantes adrenérgicos beta no específicos aumentan el AUC del metabolito activo N-desmetil sildenafil.\nPor ejemplo, la cimetidina causa un aumento del 56% en la concentración del sildenafil en el plasma y la eritromicina del 182%.</p>\n&nbsp;\n<h6 style=""font-weight: 300;"">DOSIS Y VÍA DE ADMINISTRACIÓN:</h6>\n<p style=""font-weight: 300;""><strong>Dosis Adultos</strong>: Un comprimido de media a cuatro horas antes de la actividad sexual.\n<strong>Dosis diaria máxima</strong>: Dos comprimidos.</p>\n&nbsp;\n<h6 style=""font-weight: 300;"">PRESENTACIONES:</h6>\n<p style=""font-weight: 300;"">Caja por 10 comprimidos.</p>","Delta > Comprimidos\, Cápsulas\, Sobres\, Tabletas",,,,no,yes,yes,,no,,,,no,,no,default,default,default,,,,
,"TETRACICLINA 500mg","<b><strong>CÁPSULAS</strong></b>\nAntibacteriano sistémico","<h6 style=""font-weight: 300;"">FORMA FARMACÉUTICA Y FORMULACIÓN:</h6>\n<table style=""font-weight: 400;"">\n<tbody>\n<tr>\n<td colspan=""2"">\n<p style=""font-weight: 300;"">Cada cápsula contiene:</p>\n</td>\n</tr>\n<tr>\n<td>\n<p style=""font-weight: 300;"">Tetraciclina clorhidrato</p>\n</td>\n<td>\n<p style=""font-weight: 300;"">500 mg</p>\n</td>\n</tr>\n<tr>\n<td>\n<p style=""font-weight: 300;"">Excipientes</p>\n</td>\n<td>\n<p style=""font-weight: 300;"">c.s.</p>\n</td>\n</tr>\n</tbody>\n</table>\n<h6></h6>\n<h6 style=""font-weight: 300;"">DESCRIPCIÓN:</h6>\n<p style=""font-weight: 300;"">Antibacteriano para usos sistémico.</p>\n\n<h6></h6>\n<h6 style=""font-weight: 300;"">INDICACIONES TERAPÉUTICAS:</h6>\n<p style=""font-weight: 300;"">Tetraciclina está indicado en casos de infecciones producidas por especies sensibles de actinomices israelí, bacillus anthracis, neisseria gonorrhoeae, micoplasmas, fusobacterium fusiformis, shigella, acinetobacter, clamydia, klebsiella, clostridios, rickettsias, haemophilus influezae, borrelia recurrentes, treponema pallidum, yersinia pestis, vibrio cholerae, francisella tularensis, excherichia coli, lysteria monocytógenes, propionibacterium acné.</p>\n&nbsp;\n<h6 style=""font-weight: 300;"">CONTRAINDICACIONES:</h6>\n<p style=""font-weight: 300;"">Está contraindicado en niños menores de ocho años, durante el embarazo, insuficiencia renal o hepática grave é hipersensibilidad a las tetraciclinas.</p>\n&nbsp;\n<h6 style=""font-weight: 300;"">PRECAUCIONES GENERALES:</h6>\n<p style=""font-weight: 300;"">Durante la lactancia.</p>\n&nbsp;\n<h6 style=""font-weight: 300;"">REACCIONES SECUNDARIAS Y ADVERSAS:</h6>\n<p style=""font-weight: 300;"">Puede presentar náuseas, vómitos, dolor epigástrico, decoloración permanente de los dientes, diarrea, hepatotoxicidad, fotosensibilización, superinfección o Síndrome de Tony Fanconi (en caso de tetraciclinas vencidas).</p>\n&nbsp;\n<h6 style=""font-weight: 300;"">INTERACCIONES MEDICAMENTOSAS Y DE OTRO GENERO:</h6>\n<p style=""font-weight: 300;"">Antiácidos, lácteos, suplemento de calcio, hierro, magnesio, penicilinas, bicarbonato de sodio, anticonceptivos orales y heparina.</p>\n&nbsp;\n<h6 style=""font-weight: 300;"">DOSIS Y VÍA DE ADMINISTRACIÓN:</h6>\n<p style=""font-weight: 300;""><strong>Dosis Adultos</strong>: Una cápsula cada seis horas.\n<strong>Dosis pediátrica</strong>: Según criterio médico.</p>\n&nbsp;\n<h6 style=""font-weight: 300;"">PRESENTACIONES:</h6>\n<p style=""font-weight: 300;"">Caja por 250 capsulas.</p>\n&nbsp;\n<h6 style=""font-weight: 300;"">REGISTRO SANITARIO:</h6>\n<p style=""font-weight: 300;"">NN-21545/2010</p>","Delta > Comprimidos\, Cápsulas\, Sobres\, Tabletas",,,,no,yes,yes,,no,,,,no,,no,default,default,default,,,,
,"VITAMINA B1 300mg","<b><strong>COMPRIMIDOS</strong></b>\nVitamina B1","<h6 style=""font-weight: 300;"">FORMA FARMACÉUTICA Y FORMULACIÓN:</h6>\n<table style=""font-weight: 400;"">\n<tbody>\n<tr>\n<td colspan=""2"">\n<p style=""font-weight: 300;"">Cada comprimido contiene:</p>\n</td>\n</tr>\n<tr>\n<td>\n<p style=""font-weight: 300;"">Tiamina</p>\n</td>\n<td>\n<p style=""font-weight: 300;"">300 mg</p>\n</td>\n</tr>\n<tr>\n<td>\n<p style=""font-weight: 300;"">Excipientes</p>\n</td>\n<td>\n<p style=""font-weight: 300;"">c.s.</p>\n</td>\n</tr>\n</tbody>\n</table>\n&nbsp;\n<h6 style=""font-weight: 300;"">DESCRIPCIÓN:</h6>\n<p style=""font-weight: 300;"">Vitamina.</p>\n&nbsp;\n<h6 style=""font-weight: 300;"">INDICACIONES TERAPÉUTICAS:</h6>\n<p style=""font-weight: 300;"">Para el tratamiento de beriberi clásico o deficiencia grave de tiamina: en este caso el uso de la vitamina B1 ha revolucionado el tratamiento, los pacientes curan rápidamente y los resultados son espectaculares tanto en la forma neurítica, la cardiopatía de origen dietético, como con la cerebral o síndrome de Wernicke.\nEn casos de polineuritis y polineuropatía, la llamada polineuritis alcohólica, la del embarazo y la neuritis de la pelagra, que obedecen todas a la misma causa, los resultados obtenidos con la tiamina son excelentes.</p>\n&nbsp;\n<h6 style=""font-weight: 300;"">CONTRAINDICACIONES:</h6>\n<p style=""font-weight: 300;"">Hipersensibilidad a la tiamina y en pacientes que reciben levodopa.</p>\n&nbsp;\n<h6 style=""font-weight: 300;"">PRECAUCIONES GENERALES:</h6>\n<p style=""font-weight: 300;"">Durante el embarazo.</p>\n&nbsp;\n<h6 style=""font-weight: 300;"">REACCIONES SECUNDARIAS Y ADVERSAS:</h6>\n<p style=""font-weight: 300;"">Podría presentar reacciones de hipersensibilidad.</p>\n&nbsp;\n<h6 style=""font-weight: 300;"">INTERACCIONES MEDICAMENTOSAS Y DE OTRO GENERO:</h6>\n<p style=""font-weight: 300;"">Inestabilidad en soluciones neutras o alcalinas, carbonatos, cítricos y barbitúricos.</p>\n&nbsp;\n<h6 style=""font-weight: 300;"">DOSIS Y VÍA DE ADMINISTRACIÓN:</h6>\n<p style=""font-weight: 300;""><strong>Dosis Adultos</strong>: Un comprimido de media a cuatro horas antes de la actividad sexual.\n<strong>Dosis diaria máxima</strong>: Dos comprimidos.</p>\n&nbsp;\n<h6 style=""font-weight: 300;"">PRESENTACIONES:</h6>\n<p style=""font-weight: 300;"">Caja por 30 comprimidos.</p>\n&nbsp;\n<h6 style=""font-weight: 300;"">REGISTRO SANITARIO:</h6>\n<p style=""font-weight: 300;"">NN-20290/2010</p>","Delta > Comprimidos\, Cápsulas\, Sobres\, Tabletas",,https://laboratoriosdelta.net/wp-content/uploads/2022/03/Vitamina-B1-comprimidos-copia.jpg,,no,yes,yes,,no,,,,no,,no,default,default,default,default,default,default,set
,"VITAMINA C 500 mg",,"<h6 style=""font-weight: 300;"">FORMA FARMACÉUTICA Y FORMULACIÓN:</h6>\n<table style=""font-weight: 400;"">\n<tbody>\n<tr>\n<td colspan=""2"">\n<p style=""font-weight: 300;"">Cada sobre de 10 g contiene:</p>\n</td>\n</tr>\n<tr>\n<td>\n<p style=""font-weight: 300;"">Ácido ascórbico</p>\n</td>\n<td>\n<p style=""font-weight: 300;"">500 mg</p>\n</td>\n</tr>\n<tr>\n<td>\n<p style=""font-weight: 300;"">Ascorbato de sodio</p>\n</td>\n<td>\n<p style=""font-weight: 300;"">(equivalente a 500 mg de ácido ascórbico)</p>\n</td>\n</tr>\n<tr>\n<td colspan=""2"">\n<p style=""font-weight: 300;""></p>\n</td>\n</tr>\n<tr>\n<td>\n<p style=""font-weight: 300;"">Ácido ascórbico</p>\n</td>\n<td>\n<p style=""font-weight: 300;"">1000 mg</p>\n</td>\n</tr>\n<tr>\n<td>\n<p style=""font-weight: 300;"">Ascorbato de sodio</p>\n</td>\n<td>\n<p style=""font-weight: 300;"">(equivalente a 1000 mg de ácido ascórbico)</p>\n</td>\n</tr>\n<tr>\n<td>\n<p style=""font-weight: 300;"">Excipientes</p>\n</td>\n<td>\n<p style=""font-weight: 300;"">c.s.</p>\n</td>\n</tr>\n</tbody>\n</table>\n&nbsp;\n<h6 style=""font-weight: 300;"">DESCRIPCIÓN:</h6>\n<p style=""font-weight: 300;"">Vitamina C.</p>\n&nbsp;\n<h6 style=""font-weight: 300;"">INDICACIONES TERAPÉUTICAS:</h6>\n<p style=""font-weight: 300;"">En casos de: Escorbuto, metahemoglobinemia y como profilaxis para el tratamiento de estados carenciales de vitamina C.\nLas vitaminas no son sustitutos de una alimentación normal</p>\n&nbsp;\n<h6 style=""font-weight: 300;"">CONTRAINDICACIONES:</h6>\n<p style=""font-weight: 300;"">Pacientes en estado de hemocromatosis, talasemia y anemia siderobástica.</p>\n&nbsp;\n<h6 style=""font-weight: 300;"">PRECAUCIONES GENERALES:</h6>\n<p style=""font-weight: 300;"">No administrar en casos de acidosis diabética, o insuficiencia renay y en casos de embarazo no superar la dosis de 1 g/día.</p>\n&nbsp;\n<h6 style=""font-weight: 300;"">REACCIONES SECUNDARIAS Y ADVERSAS:</h6>\n<p style=""font-weight: 300;"">Trastornos gastrointestinales como diarrea; litiasis urinaria con cálculos de oxalato, aumento de diuresis.</p>\n&nbsp;\n<h6 style=""font-weight: 300;"">INTERACCIONES MEDICAMENTOSAS Y DE OTRO GENERO:</h6>\n<p style=""font-weight: 300;"">Se deben tomar en cuenta las siguientes asociaciones en función de su posible importancia clínica:\nBarbitúricos o Primidona: el uso simultaneo puede aumentar la excreción de ácido ascórbico en la orina; Fosfato de celulosa y sodio: puede dar lugar a que el ácido ascórbico se metabolice a oxalato; Disulfiram: puede interferir con la interacción disulfiram-alcohol.</p>\n&nbsp;\n<h6 style=""font-weight: 300;"">DOSIS Y VÍA DE ADMINISTRACIÓN:</h6>\n<p style=""font-weight: 300;"">Vitamina C 500 mg.\nDosis Adultos:  Dos comprimidos al día.</p>\n&nbsp;\n<h6 style=""font-weight: 300;"">PRESENTACIONES:</h6>\n<p style=""font-weight: 300;"">Caja por 150 comprimidos.</p>\n&nbsp;\n<h6 style=""font-weight: 300;"">REGISTRO SANITARIO:</h6>\n<p style=""font-weight: 300;"">VITAMINA C 1 gr: NN-30891/2010\nVITAMINA C 2 gr: NN-20479/2010</p>","Delta > Comprimidos\, Cápsulas\, Sobres\, Tabletas",,https://laboratoriosdelta.net/wp-content/uploads/2022/03/Vitamina-C-comprimidos-masticables-copia-1.jpg,,no,yes,yes,,no,,,,no,,no,default,default,default,default,default,default,set
,"VITAMINA C 100 mg. Comprimidos Masticables","<b><strong>COMPRIMIDOS MASTICABLES</strong></b>\nVitamina C","<h6 style=""font-weight: 300;"">FORMA FARMACÉUTICA Y FORMULACIÓN:</h6>\n<table style=""font-weight: 400;"">\n<tbody>\n<tr>\n<td colspan=""2"">\n<p style=""font-weight: 300;"">Cada comprimido masticable contiene:</p>\n</td>\n</tr>\n<tr>\n<td>\n<p style=""font-weight: 300;"">Ácido Ascórbico</p>\n</td>\n<td>\n<p style=""font-weight: 300;"">50 mg</p>\n</td>\n</tr>\n<tr>\n<td colspan=""2"">\n<p style=""font-weight: 300;"">Ascorbato de sodio</p>\n<p style=""font-weight: 300;"">(equivalente a 50 mg de ácido ascórbico)</p>\n</td>\n</tr>\n<tr>\n<td colspan=""2"">\n<p style=""font-weight: 300;""></p>\n</td>\n</tr>\n<tr>\n<td>\n<p style=""font-weight: 300;"">Ácido Ascórbico</p>\n</td>\n<td>\n<p style=""font-weight: 300;"">220 mg</p>\n</td>\n</tr>\n<tr>\n<td colspan=""2"">\n<p style=""font-weight: 300;"">Ascorbato de sodio</p>\n<p style=""font-weight: 300;"">(equivalente a 280 mg de ácido ascórbico)</p>\n</td>\n</tr>\n<tr>\n<td>\n<p style=""font-weight: 300;"">Excipientes</p>\n</td>\n<td>\n<p style=""font-weight: 300;"">c.s.</p>\n</td>\n</tr>\n</tbody>\n</table>\n&nbsp;\n<h6 style=""font-weight: 300;"">DESCRIPCIÓN:</h6>\n<p style=""font-weight: 300;"">Vitamina.</p>\n&nbsp;\n<h6 style=""font-weight: 300;"">INDICACIONES TERAPÉUTICAS:</h6>\n<p style=""font-weight: 300;"">En casos de escorbuto, metahemoglobinemia y como profilaxis para el tratamiento de estados carenciales de vitamina C.\nLas vitaminas no son sustitutos de una alimentación normal.</p>\n&nbsp;\n<h6 style=""font-weight: 300;"">CONTRAINDICACIONES:</h6>\n<p style=""font-weight: 300;"">Pacientes en estado de hemocromatosis, talasemia y anemia siderobástica.</p>\n&nbsp;\n<h6 style=""font-weight: 300;"">PRECAUCIONES GENERALES:</h6>\n<p style=""font-weight: 300;"">No administrar en casos de acidosis diabética, o insuficiencia renal y en casos de embarazo no superar la dosis de 1 g/día.</p>\n&nbsp;\n<h6 style=""font-weight: 300;"">REACCIONES SECUNDARIAS Y ADVERSAS:</h6>\n<p style=""font-weight: 300;"">Trastornos gastrointestinales como diarrea; litiasis urinaria con cálculos de oxalato, aumento de diuresis.</p>\n&nbsp;\n<h6 style=""font-weight: 300;"">INTERACCIONES MEDICAMENTOSAS Y DE OTRO GENERO:</h6>\n<p style=""font-weight: 300;"">Se deben tomar en cuenta las siguientes asociaciones en función de su posible importancia clínica:\nBarbitúricos o Primidona: el uso simultaneo puede aumentar la excreción de ácido ascórbico en la orina; Fosfato de celulosa y sodio: puede dar lugar a que el ácido ascórbico se metabolice a oxalato; Disulfiram: puede interferir con la interacción disulfiram-alcohol.</p>\n&nbsp;\n<h6 style=""font-weight: 300;"">DOSIS Y VÍA DE ADMINISTRACIÓN:</h6>\n<p style=""font-weight: 300;""><strong>Vitamina C 100 mg</strong>: Diluir en la boca uno o hasta cinco comprimidos al día.\n<strong>Vitamina C 500 mg</strong>:\n<em>Máxima diaria</em>:\nAdultos: Uno a dos comprimidos al día.\nNiños: Medio a un comprimido al día.</p>\n&nbsp;\n<h6 style=""font-weight: 300;"">PRESENTACIONES:</h6>\n<p style=""font-weight: 300;"">Caja por 150 y 400 comprimidos.</p>\n&nbsp;\n<h6 style=""font-weight: 300;"">REGISTRO SANITARIO:</h6>\n<p style=""font-weight: 300;"">NN-22183/2012</p>","Delta > Comprimidos\, Cápsulas\, Sobres\, Tabletas",,https://laboratoriosdelta.net/wp-content/uploads/2022/03/Vitamina-C-100-mg-comprimidos-masticables-copia.jpg,,no,yes,yes,,no,,,,no,,no,default,default,default,default,default,default,set
,"PARACETAMOL 250mg INFANTIL","<b><strong>SUPOSITORIOS</strong></b>\nAnalgésico antipirético","<h6 style=""text-align: center;"">PARACETAMOL 250mg INFANTIL</h6>\n&nbsp;\n<h6 style=""font-weight: 300;"">FORMA FARMACÉUTICA Y FORMULACIÓN:</h6>\n<table style=""font-weight: 400;"">\n<tbody>\n<tr>\n<td colspan=""2"">\n<p style=""font-weight: 300;"">Cada supositorio contiene:</p>\n</td>\n</tr>\n<tr>\n<td>\n<p style=""font-weight: 300;"">Paracetamol</p>\n</td>\n<td>\n<p style=""font-weight: 300;"">250 mg</p>\n</td>\n</tr>\n<tr>\n<td>\n<p style=""font-weight: 300;"">Excipientes</p>\n</td>\n<td>\n<p style=""font-weight: 300;"">c.s.</p>\n</td>\n</tr>\n</tbody>\n</table>\n&nbsp;\n<h6 style=""font-weight: 300;"">DESCRIPCIÓN:</h6>\n<p style=""font-weight: 300;"">Analgésico. Antipirético.</p>\n&nbsp;\n<h6 style=""font-weight: 300;"">INDICACIONES TERAPÉUTICAS:</h6>\n<p style=""font-weight: 300;"">Paracetamol calma el dolor y baja la fiebre en procesos donde existen molestias, reacciones dolorosas y febriles debidas a vacunación, dentición, cefaleas, neuralgias, odontalgias y dolores traumáticos no intensos, dolores post parto.</p>\n&nbsp;\n<h6 style=""font-weight: 300;"">CONTRAINDICACIONES:</h6>\n<p style=""font-weight: 300;"">Hipersensibilidad al medicamento.</p>\n&nbsp;\n<h6 style=""font-weight: 300;"">PRECAUCIONES GENERALES:</h6>\n<p style=""font-weight: 300;"">Consultar a su médico en casos de embarazo, lactancia, alcoholismo, insuficiencia renal y/o hepática. En niños menores de dos años debe usarse bajo vigilancia médica debido al riesgo de daño hepático.</p>\n&nbsp;\n<h6 style=""font-weight: 300;"">REACCIONES SECUNDARIAS Y ADVERSAS:</h6>\n<p style=""font-weight: 300;"">Con mayor frecuencia puede producir somnolencia, cólico renal, nerviosismo, euforia, hepatotoxicidad, mareos, erupciones cutáneas; menos frecuentes: náuseas, vómitos, agranulocitosis, anemia hemolítica, metahemoglobinemia, necrosis papilar renal, encefalopatía hepática.</p>\n&nbsp;\n<h6 style=""font-weight: 300;"">INTERACCIONES MEDICAMENTOSAS Y DE OTRO GENERO:</h6>\n<p style=""font-weight: 300;"">No administrar conjuntamente con alcohol, medicamentos hepatotóxidos, idantoína, aloperidol, glucósidos digitálicos, bloqueantes betaadrenérgicos, disulfirán, suplementos de hierro y litio.</p>\n&nbsp;\n<h6 style=""font-weight: 300;"">DOSIS Y VÍA DE ADMINISTRACIÓN:</h6>\n<p style=""font-weight: 300;""><strong>Niños</strong>: Un supositorio cada 4 a 6 horas.</p>\n&nbsp;\n<h6 style=""font-weight: 300;"">PRESENTACIONES:</h6>\n<p style=""font-weight: 300;"">Caja por 50 supositorios.</p>\n&nbsp;\n<h6 style=""font-weight: 300;"">REGISTRO SANITARIO:</h6>\n<p style=""font-weight: 300;"">NN-22347/2011</p>","Delta > Supositorios",,https://laboratoriosdelta.net/wp-content/uploads/2026/02/proximo-lanzamiento-02-scaled.png,,no,yes,yes,,no,,,,no,,no,default,default,default,default,default,default,set
,"GLICERINA ADULTO","SUPOSITORIOS\nLaxante","<h6 style=""font-weight: 300;"">FORMA FARMACÉUTICA Y FORMULACIÓN:</h6>\n<table style=""font-weight: 400;"">\n<tbody>\n<tr>\n<td colspan=""2"">\n<p style=""font-weight: 300;"">Cada supositorio de 2.4 g contiene:</p>\n</td>\n</tr>\n<tr>\n<td>\n<p style=""font-weight: 300;"">Glicerina pura</p>\n</td>\n<td>\n<p style=""font-weight: 300;"">90%</p>\n</td>\n</tr>\n<tr>\n<td>\n<p style=""font-weight: 300;"">Excipientes</p>\n</td>\n<td>\n<p style=""font-weight: 300;"">c.s.</p>\n</td>\n</tr>\n</tbody>\n</table>\n&nbsp;\n<h6 style=""font-weight: 300;"">DESCRIPCIÓN:</h6>\n<p style=""font-weight: 300;"">Laxante.</p>\n&nbsp;\n<h6 style=""font-weight: 300;"">INDICACIONES TERAPÉUTICAS:</h6>\n<p style=""font-weight: 300;"">Está indicado en casos de estreñimiento por reposo prolongado o por dietas carentes de fibra vegetal.</p>\n&nbsp;\n<h6 style=""font-weight: 300;"">CONTRAINDICACIONES:</h6>\n<p style=""font-weight: 300;"">En casos de abdomen agudo.</p>\n&nbsp;\n<h6 style=""font-weight: 300;"">PRECAUCIONES GENERALES:</h6>\n<p style=""font-weight: 300;"">Pacientes con proctitis.\nNo debe utilizarse por tiempo prolongado.</p>\n&nbsp;\n<h6 style=""font-weight: 300;"">INTERACCIONES MEDICAMENTOSAS Y DE OTRO GENERO:</h6>\n<p style=""font-weight: 300;"">Ninguna descrita.</p>\n<p style=""font-weight: 300;"">DOSIS Y VÍA DE ADMINISTRACIÓN:</p>\n<p style=""font-weight: 300;""><strong>Adultos</strong>: Un supositorio al día.</p>\n&nbsp;\n<h6 style=""font-weight: 300;"">PRESENTACIONES:</h6>\n<p style=""font-weight: 300;"">Caja por 50 supositorios.</p>\n&nbsp;\n<h6 style=""font-weight: 300;"">REGISTRO SANITARIO:</h6>\n<p style=""font-weight: 400;"">NN-21438/2011</p>","Delta > Supositorios",,https://laboratoriosdelta.net/wp-content/uploads/2022/03/Supositorio-de-glicerina-Adulto-copia.jpg,,no,yes,yes,,no,,,,no,,no,default,default,default,default,default,default,set
,"SUPOSITORIO LARGO DE GLICERINA","<p style=""font-weight: 300;""><b><strong>SUPOSITORIOS</strong></b>\nLaxante</p>\n<p style=""font-weight: 300;""></p>","<p style=""text-align: center;""><strong>SUPOSITORIO LARGO DE GLICERINA</strong>\nGLICERINA 90\nSupositorio</p>\n<strong>COMPOSICIÓN</strong>\n\nCada supositorio contiene:\n\nGlicerina               90%\n\nExcipientes            c.s.\n\n<strong>ACCIÓN TERAPÉUTICA</strong>\n\nLaxante\n\n<strong>INDICACIONES</strong>\n\nSupositorio Largo de Glicerina está indicado en lactantes y niños para el alivio sintomático del estreñimiento por reposo prolongado, dietas carentes de fibra vegetal, preparaciones para estudios radiográficos de abdomen.\n\n<strong>DOSIS: </strong><em>Vía de administración rectal.</em>\n\n<em><u>Lactantes y niños</u></em><em>:</em> un Supositorio Largo de Glicerina al día.\n\n<em><u>Dosis máxima</u></em><em>:</em> un supositorio por día.\n\n<strong>MODO DE EMPLEO</strong><em>  </em>\n\nAcueste de costado al niño, con la parte inferior de la pierna enderezada y el muslo flexionado hacia el estómago. Introduzca el supositorio. Se recomienda mantener juntos los muslos durante un breve espacio de tiempo.\n\n<strong>PRECAUCIONES</strong>\n\n° Pacientes con padecimientos anorrectales (fisuras anales, fístulas, hemorroides ulcerativas o proctitis), apendicitis aguda, oclusión intestinal, colitis ulcerativa crónica inespecífica.\n\n° El uso prolongado puede dar lugar al síndrome de colon irritado.\n\n<strong>CONTRAINDICACIONES</strong>\n\nEn caso de abdomen agudo.\n\n<strong>REACCIONES ADVERSAS</strong>\n\nPodría presentar con poca frecuencia molestias e irritación rectal, dolor abdominal, tenesmo y flatulencias.\n\n<strong>USO DURANTE EL EMBARAZO Y LA LACTANCIA</strong>\n\nCategoría C en el embarazo según la FDA. No hay estudios adecuados y bien controlados en embarazadas. El glicerol administrado por vía rectal apenas se absorbe y se desconoce si se excreta por la leche materna. El uso de este medicamento solo se acepta en caso de ausencia de alternativas terapéuticas más seguras.\n\n<strong>INTERACCIONES</strong> <strong>MEDICAMENTOSAS</strong>\n\nNinguna descrita.\n\n<strong>SOBREDOSIS</strong>\n\nSi llegare a ocurrir de manera accidental (por ejemplo; una dosis de adultos en niños) no cabe esperar síntomas distintos a los reportados en reacciones adversas, aunque probablemente de mayor intensidad. El tratamiento será sintomático con suspensión de la administración del laxante; además de acudir a un centro de salud.\n\n<strong>CONDICIONES DE ALMACENAMIENTO</strong>\n\nAlmacenar a no más de 25 °C y protegido de la luz solar.\n\n<strong>PRESENTACIÓN</strong>\n\nSupositorio Largo de Glicerina se presenta en folio de aluminio x 5 supositorios. Caja x 50 supositorios + prospecto.","Delta > Supositorios",,https://laboratoriosdelta.net/wp-content/uploads/2022/03/Supositorio-largo-de-glicerina-copia.jpg,,no,yes,yes,,no,,,,no,,no,default,default,default,default,default,default,set
,"ACICLOVIR CREMA 5%","<b><strong>CREMA</strong></b>\nAntiherpético","<h6 style=""font-weight: 300;"">FORMA FARMACÉUTICA Y FORMULACIÓN:</h6>\n<table style=""font-weight: 400;"">\n<tbody>\n<tr>\n<td colspan=""2"">\n<p style=""font-weight: 300;"">Cada 100 g contiene:</p>\n</td>\n</tr>\n<tr>\n<td>\n<p style=""font-weight: 300;"">Aciclovir</p>\n</td>\n<td>\n<p style=""font-weight: 300;"">5 g</p>\n</td>\n</tr>\n<tr>\n<td>\n<p style=""font-weight: 300;"">Excipientes</p>\n</td>\n<td>\n<p style=""font-weight: 300;"">c.s.</p>\n</td>\n</tr>\n</tbody>\n</table>\n<h6 style=""font-weight: 300;"">DESCRIPCIÓN:</h6>\n<p style=""font-weight: 300;"">Antiviral.</p>\n\n<h6 style=""font-weight: 300;"">INDICACIONES TERAPÉUTICAS:</h6>\n<p style=""font-weight: 300;"">Aciclovir está indicado en el tratamiento de infecciones producidas por el virus Herpes muco cutáneo: Herpes simple labial o Herpes genital.</p>\n\n<h6 style=""font-weight: 300;"">CONTRAINDICACIONES:</h6>\n<p style=""font-weight: 300;"">En pacientes con hipersensibilidad al medicamento.</p>\n\n<h6 style=""font-weight: 300;"">PRECAUCIONES GENERALES:</h6>\n<p style=""font-weight: 300;"">Excepcionalmente puede producir un leve y transitorio ardor luego de la aplicación del producto.</p>\n<p style=""font-weight: 300;"">REACCIONES SECUNDARIAS Y ADVERSAS:</p>\n<p style=""font-weight: 300;"">Ninguno concido.</p>\n\n<h6 style=""font-weight: 300;"">INTERACCIONES MEDICAMENTOSAS Y DE OTRO GENERO:</h6>\n<p style=""font-weight: 300;"">Agentes químicos u otros cosméticos.</p>\n\n<h6 style=""font-weight: 300;"">DOSIS Y VÍA DE ADMINISTRACIÓN:</h6>\n<p style=""font-weight: 300;"">Aplicar una capa delgada sobre la zona afectada 5 veces al día a intervalos regulares.</p>\n\n<h6 style=""font-weight: 300;"">PRESENTACIONES:</h6>\n<p style=""font-weight: 300;"">Tubo por 5 gr.</p>\n\n<h6 style=""font-weight: 300;"">REGISTRO SANITARIO:</h6>\n<p style=""font-weight: 300;"">NN-30236/2010</p>","Delta > Cremas\, Pomadas\, Ungüentos",,https://laboratoriosdelta.net/wp-content/uploads/2022/03/Aciclovir-Crema.jpg,,no,yes,yes,,no,,,,no,,no,default,default,default,,,,
,"DEXAMETASONA CREMA DÉRMICA 0,1%","<b><strong>CREMA</strong></b>\nAntiinflamatorio tópico","<h6 style=""font-weight: 300;"">FORMA FARMACÉUTICA Y FORMULACIÓN:</h6>\n<table style=""font-weight: 400;"">\n<tbody>\n<tr>\n<td colspan=""2"">\n<p style=""font-weight: 300;"">Cada 100 g contiene:</p>\n</td>\n</tr>\n<tr>\n<td>\n<p style=""font-weight: 300;"">Dexametasona sodio fosfato</p>\n</td>\n<td>\n<p style=""font-weight: 300;"">0.1 g</p>\n</td>\n</tr>\n<tr>\n<td>\n<p style=""font-weight: 300;"">Excipientes</p>\n</td>\n<td>\n<p style=""font-weight: 300;"">c.s.</p>\n</td>\n</tr>\n</tbody>\n</table>\n&nbsp;\n<h6 style=""font-weight: 300;"">DESCRIPCIÓN:</h6>\n<p style=""font-weight: 300;"">Antiinflamatorio.</p>\n&nbsp;\n<h6 style=""font-weight: 300;"">INDICACIONES TERAPÉUTICAS:</h6>\n<p style=""font-weight: 300;"">Para el tratamiento tópico de la inflamación de la piel.</p>\n&nbsp;\n<h6 style=""font-weight: 300;"">CONTRAINDICACIONES:</h6>\n<p style=""font-weight: 300;"">Hipersensibilidad al medicamento, infecciones de l a piel producidas por bacterias, virus u hongos no susceptibles al principio activo.</p>\n&nbsp;\n<h6 style=""font-weight: 300;"">PRECAUCIONES GENERALES:</h6>\n<p style=""font-weight: 300;"">Evitar el uso prolongado en superficies expuestas principalmente en infantes y niños, atrofias de la piel preexistentes. Solo para uso externo, no utilizar vendajes oclusivos y mantener estricta higiene de la piel.</p>\n&nbsp;\n<h6 style=""font-weight: 300;"">REACCIONES SECUNDARIAS Y ADVERSAS:</h6>\n<p style=""font-weight: 300;"">Reacciones de hipersensibilidad, prurito, ardor, edema, prurito cutáneo. En uso prolongado de corticoides causa acné en el lugar de la aplicación, atrofia de la piel púrpura, estrías atróficas, fragilidad capilar, telengiectasias, despigmentación cutánea.</p>\n&nbsp;\n<h6 style=""font-weight: 300;"">INTERACCIONES MEDICAMENTOSAS Y DE OTRO GENERO:</h6>\n<p style=""font-weight: 300;"">No descritas.</p>\n&nbsp;\n<h6 style=""font-weight: 300;"">DOSIS Y VÍA DE ADMINISTRACIÓN:</h6>\n<p style=""font-weight: 300;""><strong>Adultos</strong>: Aplicar una capa fina de crema sobre la superficie afectada dos a tres veces al día.\n<strong>Pediátrica</strong>: Una a dos veces al día o según prescripción médica.</p>\n&nbsp;\n<h6 style=""font-weight: 300;"">PRESENTACIONES:</h6>\n<p style=""font-weight: 300;"">Tubo por 10 gr.</p>","Delta > Cremas\, Pomadas\, Ungüentos",,,,no,yes,yes,,no,,,,no,,no,default,default,default,,,,
,"DIFENHIDRAMINA POMADA 2%","<p style=""font-weight: 300;""><b><strong>POMADA</strong></b>\nAntialérgico antipruriginoso</p>\n<p style=""font-weight: 400;""></p>","<h6 style=""font-weight: 300;"">FORMA FARMACÉUTICA Y FORMULACIÓN:</h6>\n<table style=""font-weight: 400;"">\n<tbody>\n<tr>\n<td colspan=""2"">\n<p style=""font-weight: 300;"">Cada 100 g contiene:</p>\n</td>\n</tr>\n<tr>\n<td>\n<p style=""font-weight: 300;"">Difenhidramina clorhidrato</p>\n</td>\n<td>\n<p style=""font-weight: 300;"">2 gr.</p>\n</td>\n</tr>\n<tr>\n<td>\n<p style=""font-weight: 300;"">Excipientes</p>\n</td>\n<td>\n<p style=""font-weight: 300;"">c.s.</p>\n</td>\n</tr>\n</tbody>\n</table>\n&nbsp;\n<h6 style=""font-weight: 300;"">INDICACIONES TERAPÉUTICAS:</h6>\n<p style=""font-weight: 300;"">Difenhidramina es una pomada antihistamínica, antialérgica, antipruriginosa que alivia rápidamente el escozor y ardor dérmico en general, está indicado en procesos alérgicos causados por dermatitis atópica, dermatitis por contacto y para el tratamiento sintomático de picaduras por insectos.</p>\n&nbsp;\n<h6 style=""font-weight: 300;"">CONTRAINDICACIONES:</h6>\n<p style=""font-weight: 300;"">En pacientes con hipersensibilidad al principio activo y demás componentes.</p>\n&nbsp;\n<h6 style=""font-weight: 300;"">PRECAUCIONES GENERALES:</h6>\n<p style=""font-weight: 300;"">Hipersensibilidad a los componentes del preparado.</p>\n&nbsp;\n<h6 style=""font-weight: 300;"">REACCIONES SECUNDARIAS Y ADVERSAS:</h6>\n<p style=""font-weight: 300;"">Podría producir fenómenos de sensibilidad y erupciones cutáneas.</p>\n&nbsp;\n<h6 style=""font-weight: 300;"">INTERACCIONES MEDICAMENTOSAS Y DE OTRO GENERO:</h6>\n<p style=""font-weight: 300;"">Las siguientes interacciones con medicamentos y/o problemas asociados se han seleccionado en función de su posible importancia clínica: Alcohol, antidepresivos tricíclicos o antihipertensivos con efectos depresores sobre el SNC, antimuscarínicos, medicamentos ototóxicos.</p>\n&nbsp;\n<h6 style=""font-weight: 300;"">DOSIS Y VÍA DE ADMINISTRACIÓN:</h6>\n<p style=""font-weight: 300;"">Aplicar una capa delgada sobre la superficie afectada de la piel tres a cuatro veces al día.</p>\n&nbsp;\n<h6 style=""font-weight: 300;"">PRESENTACIONES:</h6>\n<p style=""font-weight: 300;"">Tubo por 15 gr.</p>\n&nbsp;\n<h6 style=""font-weight: 300;"">REGISTRO SANITARIO:</h6>\n<p style=""font-weight: 300;"">NN-30235/2010</p>","Delta > Cremas\, Pomadas\, Ungüentos",,,,no,yes,yes,,no,,,,no,,no,default,default,default,,,,
,"HIDROCORTISONA CREMA 1%","<b><strong>CREMA</strong></b>\nAntiinflamatorio","<h6 style=""font-weight: 300;"">FORMA FARMACÉUTICA Y FORMULACIÓN:</h6>\n<table style=""font-weight: 400;"">\n<tbody>\n<tr>\n<td colspan=""2"">\n<p style=""font-weight: 300;"">Cada 100 g contiene:</p>\n</td>\n</tr>\n<tr>\n<td>\n<p style=""font-weight: 300;"">Hidrocortisona acetato</p>\n</td>\n<td>\n<p style=""font-weight: 300;"">1 g</p>\n</td>\n</tr>\n<tr>\n<td>\n<p style=""font-weight: 300;"">Excipientes</p>\n</td>\n<td>\n<p style=""font-weight: 300;"">c.s.</p>\n</td>\n</tr>\n</tbody>\n</table>\n&nbsp;\n<h6 style=""font-weight: 300;"">DESCRIPCION:</h6>\n<p style=""font-weight: 300;"">Antiinflamatorio corticoide.</p>\n&nbsp;\n<h6 style=""font-weight: 300;"">INDICACIONES TERAPÉUTICAS:</h6>\n<p style=""font-weight: 300;"">Hidrocortisona en crema está indicado para procesos inflamatorios de la piel: dermatitis atípica, de contacto, macular, seborreica. En casos de lupus eritematoso discoide, erupción polimorfa, psoriasis, xerosis (fase inflamatoria), liquen, pénfigo.\nPuede utilizarse en dermatitis infecciosa o micótica asociando antibióticos o fungicidas.</p>\n&nbsp;\n<h6 style=""font-weight: 300;"">CONTRAINDICACIONES:</h6>\n<p style=""font-weight: 300;"">En casos de hipersensibilidad a los componentes del medicamento o en pacientes con infecciones de la piel producidas por bacterias, hongos o virus.</p>\n&nbsp;\n<h6 style=""font-weight: 300;"">PRECAUCIONES GENERALES:</h6>\n<p style=""font-weight: 300;"">Evitar el uso prolongado de hidrocortisona o su aplicación en superficies extensas, principalmente en infantes y niños. No utilizar vendajes oclusivos.</p>\n&nbsp;\n<h6 style=""font-weight: 300;"">REACCIONES SECUNDARIAS Y ADVERSAS:</h6>\n<p style=""font-weight: 300;"">Podría presentar agravamiento de infecciones, acné en el lugar de la aplicación, atrofia de piel, fragilidad capilar, reacciones de hipersensibilidad.</p>\n&nbsp;\n<h6 style=""font-weight: 300;"">INTERACCIONES MEDICAMENTOSAS Y DE OTRO GENERO:</h6>\n<p style=""font-weight: 300;"">No descritas.</p>\n&nbsp;\n<h6 style=""font-weight: 300;"">DOSIS Y VÍA DE ADMINISTRACIÓN:</h6>\n<p style=""font-weight: 300;"">Aplicar una capa delgada sobre la supeficie afectada de la piel una a cuatro veces al día. No se recomienda a menores de dos años.</p>\n&nbsp;\n<h6 style=""font-weight: 300;"">PRESENTACIONES:</h6>\n<p style=""font-weight: 300;"">Tubo por 10 gr.</p>\n&nbsp;\n<h6 style=""font-weight: 300;"">REGISTRO SANITARIO:</h6>\n<p style=""font-weight: 300;"">NN-30243/2010</p>","Delta > Cremas\, Pomadas\, Ungüentos",,,,no,yes,yes,,no,,,,no,,no,default,default,default,,,,
,"NISTATINA CREMA DÉRMICA 100.000 UI/g","<b><strong>CREMA</strong></b>\nAntimicótico","<h6 style=""font-weight: 300;"">FORMA FARMACÉUTICA Y FORMULACIÓN:</h6>\n<table style=""font-weight: 400;"">\n<tbody>\n<tr>\n<td colspan=""2"">\n<p style=""font-weight: 300;"">Cada g contiene:</p>\n</td>\n</tr>\n<tr>\n<td>\n<p style=""font-weight: 300;"">Nistatina</p>\n</td>\n<td>\n<p style=""font-weight: 300;"">100.000 UI</p>\n</td>\n</tr>\n<tr>\n<td>\n<p style=""font-weight: 300;"">Excipientes</p>\n</td>\n<td>\n<p style=""font-weight: 300;"">c.s.</p>\n</td>\n</tr>\n</tbody>\n</table>\n&nbsp;\n<h6 style=""font-weight: 300;"">DESCRIPCIÓN:</h6>\n<p style=""font-weight: 300;"">Antimicótico.</p>\n&nbsp;\n<h6 style=""font-weight: 300;"">INDICACIONES TERAPÉUTICAS:</h6>\n<p style=""font-weight: 300;"">Nistatina es un antimicótico utilizado sobre todo para el tratamiento de Candidiasis no sistémica y para el tratamiento de las dermatomicosis.\nDurante el tratamiento con Nistatina crema, evitar vestimentas oclusivas (pañales ajustados u otros) que favorecen el crecimiento de la levadura y la liberación de su endotoxina irritante.</p>\n&nbsp;\n<h6 style=""font-weight: 300;"">CONTRAINDICACIONES:</h6>\n<p style=""font-weight: 300;"">Hipersensibilidad al medicamento.</p>\n&nbsp;\n<h6 style=""font-weight: 300;"">PRECAUCIONES GENERALES:</h6>\n<p style=""font-weight: 300;"">Ninguna descrita.</p>\n&nbsp;\n<h6 style=""font-weight: 300;"">REACCIONES SECUNDARIAS Y ADVERSAS:</h6>\n<p style=""font-weight: 300;"">Podría presentar irritación cutánea.</p>\n&nbsp;\n<h6 style=""font-weight: 300;"">INTERACCIONES MEDICAMENTOSAS Y DE OTRO GENERO:</h6>\n<p style=""font-weight: 300;"">No descritas.</p>\n&nbsp;\n<h6 style=""font-weight: 300;"">DOSIS Y VÍA DE ADMINISTRACIÓN:</h6>\n<p style=""font-weight: 300;"">Aplicar una capa fina de crema sobre la superficie afectada dos a tres veces al día.\nEl tratamiento dura según la evolución de la patología, sin embargo debe continuarse el tratamiento hasta 48 horas después de la curación clínica.</p>\n&nbsp;\n<h6 style=""font-weight: 300;"">PRESENTACIONES:</h6>\n<p style=""font-weight: 300;"">Tubo por 100 grs.</p>","Delta > Cremas\, Pomadas\, Ungüentos",,,,no,yes,yes,,no,,,,no,,no,default,default,default,,,,
,"YODOPOVIDONA CREMA 10%","<strong>CREMA</strong>\nAntiséptico y desinfectante de uso tópico","<h6 class=""subtitulo""><a name=""formula""></a>FORMA FARMACÉUTICA Y FORMULACIÓN:</h6>\n<p class=""subtitulo2"">Cada 100 g contiene:\nPovidona Yodada 10 g (Equivalente a 1 g de Yodo metálico).</p>\n&nbsp;\n<h6 class=""subtitulo""><a name=""descripcion""></a>DESCRIPCIÓN:</h6>\n<p class=""subtitulo2"">Antiséptico – Desinfectante.</p>\n&nbsp;\n<h6 class=""subtitulo""><a name=""indicaciones""></a>INDICACIONES TERAPÉUTICAS:</h6>\n<p class=""subtitulo2"">Yodopovidona está indicado para el tratamiento externo de quemaduras (primer, segundo o tercer grado); heridas cortantes y contusas, laceraciones de la piel, ulceras por decúbito, úlceras varicosas, lesiones herpeticas, piodermitis bacterianas o micóticas, así como dermatitis muy infectadas. También se lo utiliza para la preparación y desinfección del tejido para transplantes de piel.</p>\n&nbsp;\n<h6 class=""subtitulo""><a name=""contraindicaciones""></a>CONTRAINDICACIONES:</h6>\n<p class=""subtitulo2"">No aplicar a pacientes alérgicos al Yodo puede producir reacción, en tratamientos prolongados y en superficies muy extensas, descartar la posibilidad de enfermedades de la tiroides antes de usar el producto, en recién nacidos hasta el sexto mes de vida no usar el producto y en mujeres en estado gestacional utilizar con mucha precaución.</p>\n&nbsp;\n<h6 class=""subtitulo""><a name=""precauciones""></a>PRECAUCIONES GENERALES:</h6>\n<p class=""subtitulo2"">En caso de irritación local suspender su uso. En tratamientos prolongados y sobre superficies muy extensas. Descartar la posibilidad de enfermedades de la tiroides antes de su uso. Usar con precaución en recién nacidos hasta el sexto mes y en mujeres embarazadas. En general es un medicamento muy bien tolerado.</p>\n&nbsp;\n<h6 class=""subtitulo""><a name=""reacciones""></a>REACCIONES SECUNDARIAS Y ADVERSAS:</h6>\n<p class=""subtitulo2"">Puede producirse irritación local que desaparece una vez suspendido el uso del producto.</p>\n&nbsp;\n<h6 class=""subtitulo""><a name=""interacciones""></a>INTERACCIONES MEDICAMENTOSAS Y DE OTRO GENERO:</h6>\n<p class=""subtitulo2"">No descritas.</p>\n&nbsp;\n<h6 class=""subtitulo""><a name=""dosis""></a>DOSIS Y VÍA DE ADMINISTRACIÓN:</h6>\n<p class=""subtitulo2"">Según modo de empleo.</p>\n&nbsp;\n<h6 class=""subtitulo""><a name=""presentaciones""></a>PRESENTACIONES:</h6>\n<p class=""subtitulo2"">Tubo por 10 gr.</p>\n&nbsp;\n<h6 class=""subtitulo""><a name=""ippa""></a>REGISTRO SANITARIO:</h6>\n<p class=""subtitulo2"">NN-28469/2015</p>","Delta > Cremas\, Pomadas\, Ungüentos",,,,no,yes,yes,,no,,,,no,,no,default,default,default,,,,
,"AMBROXOL JARABE 30mg/5ml","<p style=""font-weight: 300;""><b><strong>JARABE</strong></b>\nMucolítico</p>\n<p style=""font-weight: 300;""></p>","<h6 style=""font-weight: 300;"">FORMA FARMACÉUTICA Y FORMULACIÓN:</h6>\n<table style=""font-weight: 400;"">\n<tbody>\n<tr>\n<td colspan=""2"">\n<p style=""font-weight: 300;""><strong>Ambroxol Adulto</strong></p>\n</td>\n</tr>\n<tr>\n<td colspan=""2"">\n<p style=""font-weight: 300;"">Cada 5 ml contiene:</p>\n</td>\n</tr>\n<tr>\n<td>\n<p style=""font-weight: 300;"">Ambroxol</p>\n</td>\n<td>\n<p style=""font-weight: 300;"">30 mg</p>\n</td>\n</tr>\n<tr>\n<td>\n<p style=""font-weight: 300;"">Excipientes</p>\n</td>\n<td>\n<p style=""font-weight: 300;"">c.s.</p>\n</td>\n</tr>\n<tr>\n<td colspan=""2"">\n<p style=""font-weight: 300;""></p>\n</td>\n</tr>\n<tr>\n<td colspan=""2"">\n<p style=""font-weight: 300;""><strong>Ambroxol Infantil</strong></p>\n</td>\n</tr>\n<tr>\n<td colspan=""2"">\n<p style=""font-weight: 300;"">Cada 5 ml contiene:</p>\n</td>\n</tr>\n<tr>\n<td>\n<p style=""font-weight: 300;"">Ambroxol</p>\n</td>\n<td>\n<p style=""font-weight: 300;"">15 mg</p>\n</td>\n</tr>\n<tr>\n<td>\n<p style=""font-weight: 300;"">Excipientes</p>\n</td>\n<td>\n<p style=""font-weight: 300;"">c.s.</p>\n</td>\n</tr>\n</tbody>\n</table>\n<h6 style=""font-weight: 300;"">DESCRIPCIÓN:</h6>\n<p style=""font-weight: 300;"">Mucolítico.</p>\n\n<h6 style=""font-weight: 300;"">INDICACIONES TERAPÉUTICAS:</h6>\n<p style=""font-weight: 300;"">Ambroxol es un mucolítico, expectorante adecuado para tratar enfermedades agudas y crónicas de las vías respiratorias que se acompañan de alteraciones patológicas en la formación de secreción bronquial, en especial bronquitis aguda y crónica, traqueo-bronquitis, bronquitis asmática, neumonía y bronconeumonía, tos del fumador, laringitis, sinusitis y rinitis seca.</p>\n\n<h6 style=""font-weight: 300;"">CONTRAINDICACIONES:</h6>\n<p style=""font-weight: 300;"">En pacientes con hipersensibilidad al principio activo.</p>\n\n<h6 style=""font-weight: 300;"">PRECAUCIONES GENERALES:</h6>\n<p style=""font-weight: 300;"">Durante el embarazo o cuando se sospeche de su existencia, lactancia, pacientes con antecedentes convulsivos y niños menores de dos años.</p>\n\n<h6 style=""font-weight: 300;"">REACCIONES SECUNDARIAS Y ADVERSAS:</h6>\n<p style=""font-weight: 300;"">Se han reportado leves trastornos gastrointestinales como ser diarrea, náuseas y vómitos; rara vez vértigo, somnolencia o agitación.</p>\n\n<h6 style=""font-weight: 300;"">INTERACCIONES MEDICAMENTOSAS Y DE OTRO GENERO:</h6>\n<p style=""font-weight: 300;"">Ambroxol puede asociarse con antibióticos, broncodilatadores, glucósidos cardiacos o corticosteroides; no presentando interacciones medicamentosas.</p>\n\n<h6 style=""font-weight: 300;"">DOSIS Y VÍA DE ADMINISTRACIÓN:</h6>\n<p style=""font-weight: 300;""><strong>Adultos y mayores de 12 años</strong>: 5 ml cada ocho horas.\n<strong>Niños de 5 a 12 años</strong>: 2.5 ml cada ocho horas.</p>\n\n<h6 style=""font-weight: 300;"">PRESENTACIONES:</h6>\n<p style=""font-weight: 300;"">Frasco por 100 ml.</p>\n\n<h6 style=""font-weight: 300;"">REGISTRO SANITARIO:</h6>\n<p style=""font-weight: 300;"">Ambroxol Adulto: NN-35066/2015\nAmbroxol Infantil: NN-49366/2013</p>\n<p style=""font-weight: 400;""></p>","Delta > Suspensiones\, Jarabes y Gotas",,https://laboratoriosdelta.net/wp-content/uploads/2022/03/Ambroxol-30-mg-1-1.jpg,,no,yes,yes,,no,,,,no,,no,default,default,default,,,,
,"AMBROXOL JARABE 15mg/5ml","<b><strong>JARABE</strong></b>\nMucolítico","<h6 style=""font-weight: 300;"">FORMA FARMACÉUTICA Y FORMULACIÓN:</h6>\n<table style=""font-weight: 400;"">\n<tbody>\n<tr>\n<td colspan=""2"">\n<p style=""font-weight: 300;""><strong>Ambroxol Adulto</strong></p>\n</td>\n</tr>\n<tr>\n<td colspan=""2"">\n<p style=""font-weight: 300;"">Cada 5 ml contiene:</p>\n</td>\n</tr>\n<tr>\n<td>\n<p style=""font-weight: 300;"">Ambroxol</p>\n</td>\n<td>\n<p style=""font-weight: 300;"">30 mg</p>\n</td>\n</tr>\n<tr>\n<td>\n<p style=""font-weight: 300;"">Excipientes</p>\n</td>\n<td>\n<p style=""font-weight: 300;"">c.s.</p>\n</td>\n</tr>\n<tr>\n<td colspan=""2"">\n<p style=""font-weight: 300;""></p>\n</td>\n</tr>\n<tr>\n<td colspan=""2"">\n<p style=""font-weight: 300;""><strong>Ambroxol Infantil</strong></p>\n</td>\n</tr>\n<tr>\n<td colspan=""2"">\n<p style=""font-weight: 300;"">Cada 5 ml contiene:</p>\n</td>\n</tr>\n<tr>\n<td>\n<p style=""font-weight: 300;"">Ambroxol</p>\n</td>\n<td>\n<p style=""font-weight: 300;"">15 mg</p>\n</td>\n</tr>\n<tr>\n<td>\n<p style=""font-weight: 300;"">Excipientes</p>\n</td>\n<td>\n<p style=""font-weight: 300;"">c.s.</p>\n</td>\n</tr>\n</tbody>\n</table>\n<h6 style=""font-weight: 300;"">DESCRIPCIÓN:</h6>\n<p style=""font-weight: 300;"">Mucolítico.</p>\n\n<h6 style=""font-weight: 300;"">INDICACIONES TERAPÉUTICAS:</h6>\n<p style=""font-weight: 300;"">Ambroxol es un mucolítico, expectorante adecuado para tratar enfermedades agudas y crónicas de las vías respiratorias que se acompañan de alteraciones patológicas en la formación de secreción bronquial, en especial bronquitis aguda y crónica, traqueo-bronquitis, bronquitis asmática, neumonía y bronconeumonía, tos del fumador, laringitis, sinusitis y rinitis seca.</p>\n\n<h6 style=""font-weight: 300;"">CONTRAINDICACIONES:</h6>\n<p style=""font-weight: 300;"">En pacientes con hipersensibilidad al principio activo.</p>\n\n<h6 style=""font-weight: 300;"">PRECAUCIONES GENERALES:</h6>\n<p style=""font-weight: 300;"">Durante el embarazo o cuando se sospeche de su existencia, lactancia, pacientes con antecedentes convulsivos y niños menores de dos años.</p>\n\n<h6 style=""font-weight: 300;"">REACCIONES SECUNDARIAS Y ADVERSAS:</h6>\n<p style=""font-weight: 300;"">Se han reportado leves trastornos gastrointestinales como ser diarrea, náuseas y vómitos; rara vez vértigo, somnolencia o agitación.</p>\n\n<h6 style=""font-weight: 300;"">INTERACCIONES MEDICAMENTOSAS Y DE OTRO GENERO:</h6>\n<p style=""font-weight: 300;"">Ambroxol puede asociarse con antibióticos, broncodilatadores, glucósidos cardiacos o corticosteroides; no presentando interacciones medicamentosas.</p>\n\n<h6 style=""font-weight: 300;"">DOSIS Y VÍA DE ADMINISTRACIÓN:</h6>\n<p style=""font-weight: 300;""><strong>Adultos y mayores de 12 años</strong>: 5 ml cada ocho horas.\n<strong>Niños de 5 a 12 años</strong>: 2.5 ml cada ocho horas.</p>\n\n<h6 style=""font-weight: 300;"">PRESENTACIONES:</h6>\n<p style=""font-weight: 300;"">Frasco por 100 ml.</p>\n\n<h6 style=""font-weight: 300;"">REGISTRO SANITARIO:</h6>\n<p style=""font-weight: 300;"">Ambroxol Adulto: NN-35066/2015\nAmbroxol Infantil: NN-49366/2013</p>","Delta > Suspensiones\, Jarabes y Gotas",,https://laboratoriosdelta.net/wp-content/uploads/2022/03/Ambroxol-15-mg-1-1.jpg,,no,yes,yes,,no,,,,no,,no,default,default,default,,,,
,"AMOXICILINA SUSPENSION 250mg/5ml","<b><strong>SUSPENSIÓN</strong></b>\nAntibiótico bactericida de amplio espectro","<h6 style=""font-weight: 300;"">FORMA FARMACÉUTICA Y FORMULACIÓN:</h6>\n<table style=""font-weight: 400;"">\n<tbody>\n<tr>\n<td colspan=""2"">\n<p style=""font-weight: 300;"">Cada 5 ml de suspensión reconstituidacontiene:</p>\n</td>\n</tr>\n<tr>\n<td>\n<p style=""font-weight: 300;"">Amoxicilina base</p>\n</td>\n<td>\n<p style=""font-weight: 300;"">125 mg</p>\n</td>\n</tr>\n<tr>\n<td>\n<p style=""font-weight: 300;"">Amoxicilina base</p>\n</td>\n<td>\n<p style=""font-weight: 300;"">250 mg</p>\n</td>\n</tr>\n<tr>\n<td>\n<p style=""font-weight: 300;"">Amoxicilina base</p>\n</td>\n<td>\n<p style=""font-weight: 300;"">500 mg</p>\n</td>\n</tr>\n<tr>\n<td>\n<p style=""font-weight: 300;"">Excipientes</p>\n</td>\n<td>\n<p style=""font-weight: 300;"">c.s.</p>\n</td>\n</tr>\n</tbody>\n</table>\n<h6 style=""font-weight: 300;"">DESCRIPCIÓN:</h6>\n<p style=""font-weight: 300;"">Antiinfeccioso para uso sistémico.</p>\n\n<h6 style=""font-weight: 300;"">INDICACIONES TERAPÉUTICAS:</h6>\n<p style=""font-weight: 300;"">Para el tratamiento de infecciones del tracto genitourinario digestivo, otitis media aguda, faringitis o sinusitis bacteriana, bronquitis, infecciones de la piel o tejidos blandos.</p>\n\n<h6 style=""font-weight: 300;"">CONTRAINDICACIONES:</h6>\n<p style=""font-weight: 300;"">Hipersensibilidad a los betalactámicos.</p>\n\n<h6 style=""font-weight: 300;"">PRECAUCIONES GENERALES:</h6>\n<p style=""font-weight: 300;"">Amoxicilina 125 y 250 mg: En pacientes con historia de alergias en general, colitis ulcerativa, enteritis regional, colitis asociada a antibióticos, mononucleosis infecciosa, durante el embarazo y la lactancia, insuficiencia renal y no utilizar en infecciones severas.\nAmoxicilina 500 mg: En pacientes con historia de alergias en general, colitis ulcerativa, enteritis regional, colitis asociada a antibióticos, mononucleosis infecciosa, insuficiencia renal y no utilizar en infecciones severas. El uso de Penicilinas en madres lactantes puede dar lugar a sensibilización, diarrea, candidiasis, rash cutáneo en el lactante.</p>\n\n<h6 style=""font-weight: 300;"">REACCIONES SECUNDARIAS Y ADVERSAS:</h6>\n<p style=""font-weight: 300;"">Podría presentar náuseas, vómitos, dolor abdominal y reacciones de hipersensibilidad.</p>\n\n<h6 style=""font-weight: 300;"">INTERACCIONES MEDICAMENTOSAS Y DE OTRO GENERO:</h6>\n<p style=""font-weight: 300;"">Alopurinol, antibióticos bacteriostáticos.</p>\n\n<h6 style=""font-weight: 300;"">DOSIS Y VÍA DE ADMINISTRACIÓN:</h6>\n<p style=""font-weight: 300;""><strong>Amoxicilina 125 mg</strong>:\n<em>Adultos</em>: Dos a cuatro cucharillas cada ocho horas.\n<em>Pediátrica</em>: Según prescripción del médico.\n<strong>Amoxicilina 250 mg</strong>:\n<em>Adultos</em>: Una cucharillas cada ocho horas.\n<em>Pediátrica</em>: 20 – 40 mg/Kg peso/día, fraccionada cada ocho horas o según prescripción del médico.\n<strong>Amoxicilina 500 mg</strong>:\n<em>Adultos</em>: 750 mg-1500 mg/día, fraccionada cada ocho horas.\n<em>Pediátrica</em>: 20 mg-40 mg/kg de peso/día, fraccionada cada ocho horas.</p>\n\n<h6 style=""font-weight: 300;"">PRESENTACIONES:</h6>\n<p style=""font-weight: 300;"">Frasco por 60 y 100 ml.</p>\n\n<h6 style=""font-weight: 300;"">REGISTRO SANITARIO:</h6>\n<p style=""font-weight: 300;"">NN-21805/2012</p>","Delta > Suspensiones\, Jarabes y Gotas",,https://laboratoriosdelta.net/wp-content/uploads/2022/03/Amoxicilina-250-mL-1.jpg,,no,yes,yes,,no,,,,no,,no,default,default,default,,,,
,"AMOXICILINA SUSPENSION 100ml 250mg/5ml","<b><strong>SUSPENSIÓN</strong></b>\nAntibiótico bactericida de amplio espectro","<p style=""font-weight: 300;"">FORMA FARMACÉUTICA Y FORMULACIÓN:</p>\n\n<table style=""font-weight: 400;"">\n<tbody>\n<tr>\n<td colspan=""2"">\n<p style=""font-weight: 300;"">Cada 5 ml de suspensión reconstituidacontiene:</p>\n</td>\n</tr>\n<tr>\n<td>\n<p style=""font-weight: 300;"">Amoxicilina base</p>\n</td>\n<td>\n<p style=""font-weight: 300;"">125 mg</p>\n</td>\n</tr>\n<tr>\n<td>\n<p style=""font-weight: 300;"">Amoxicilina base</p>\n</td>\n<td>\n<p style=""font-weight: 300;"">250 mg</p>\n</td>\n</tr>\n<tr>\n<td>\n<p style=""font-weight: 300;"">Amoxicilina base</p>\n</td>\n<td>\n<p style=""font-weight: 300;"">500 mg</p>\n</td>\n</tr>\n<tr>\n<td>\n<p style=""font-weight: 300;"">Excipientes</p>\n</td>\n<td>\n<p style=""font-weight: 300;"">c.s.</p>\n</td>\n</tr>\n</tbody>\n</table>\n<p style=""font-weight: 300;"">DESCRIPCIÓN:</p>\n<p style=""font-weight: 300;"">Antiinfeccioso para uso sistémico.</p>\n<p style=""font-weight: 300;"">INDICACIONES TERAPÉUTICAS:</p>\n<p style=""font-weight: 300;"">Para el tratamiento de infecciones del tracto genitourinario digestivo, otitis media aguda, faringitis o sinusitis bacteriana, bronquitis, infecciones de la piel o tejidos blandos.</p>\n<p style=""font-weight: 300;"">CONTRAINDICACIONES:</p>\n<p style=""font-weight: 300;"">Hipersensibilidad a los betalactámicos.</p>\n<p style=""font-weight: 300;"">PRECAUCIONES GENERALES:</p>\n<p style=""font-weight: 300;"">Amoxicilina 125 y 250 mg: En pacientes con historia de alergias en general, colitis ulcerativa, enteritis regional, colitis asociada a antibióticos, mononucleosis infecciosa, durante el embarazo y la lactancia, insuficiencia renal y no utilizar en infecciones severas.\nAmoxicilina 500 mg: En pacientes con historia de alergias en general, colitis ulcerativa, enteritis regional, colitis asociada a antibióticos, mononucleosis infecciosa, insuficiencia renal y no utilizar en infecciones severas. El uso de Penicilinas en madres lactantes puede dar lugar a sensibilización, diarrea, candidiasis, rash cutáneo en el lactante.</p>\n<p style=""font-weight: 300;"">REACCIONES SECUNDARIAS Y ADVERSAS:</p>\n<p style=""font-weight: 300;"">Podría presentar náuseas, vómitos, dolor abdominal y reacciones de hipersensibilidad.</p>\n<p style=""font-weight: 300;"">INTERACCIONES MEDICAMENTOSAS Y DE OTRO GENERO:</p>\n<p style=""font-weight: 300;"">Alopurinol, antibióticos bacteriostáticos.</p>\n<p style=""font-weight: 300;"">DOSIS Y VÍA DE ADMINISTRACIÓN:</p>\n<p style=""font-weight: 300;""><strong>Amoxicilina 125 mg</strong>:\n<em>Adultos</em>: Dos a cuatro cucharillas cada ocho horas.\n<em>Pediátrica</em>: Según prescripción del médico.\n<strong>Amoxicilina 250 mg</strong>:\n<em>Adultos</em>: Una cucharillas cada ocho horas.\n<em>Pediátrica</em>: 20 – 40 mg/Kg peso/día, fraccionada cada ocho horas o según prescripción del médico.\n<strong>Amoxicilina 500 mg</strong>:\n<em>Adultos</em>: 750 mg-1500 mg/día, fraccionada cada ocho horas.\n<em>Pediátrica</em>: 20 mg-40 mg/kg de peso/día, fraccionada cada ocho horas.</p>\n<p style=""font-weight: 300;"">PRESENTACIONES:</p>\n<p style=""font-weight: 300;"">Frasco por 60 y 100 ml.</p>\n<p style=""font-weight: 300;"">REGISTRO SANITARIO:</p>\n<p style=""font-weight: 300;"">NN-21805/2012</p>","Delta > Suspensiones\, Jarabes y Gotas",,https://laboratoriosdelta.net/wp-content/uploads/2022/03/Amoxicilina-500mg-Sus.-small.jpg,,no,yes,yes,,no,,,,no,,no,default,default,default,,,,
,"AMOXICILINA SUSPENSION 500mg/5ml","<p style=""font-weight: 300;""><b><strong>SUSPENSIÓN</strong></b>\nAntibiótico bactericida de amplio espectro</p>\n<p style=""font-weight: 400;""></p>","<h6>FORMA FARMACÉUTICA Y FORMULACIÓN:</h6>\n<table style=""font-weight: 400;"">\n<tbody>\n<tr>\n<td colspan=""2"">\n<p style=""font-weight: 300;"">Cada 5 ml de suspensión reconstituida</p>\n<p style=""font-weight: 300;"">contiene:</p>\n</td>\n</tr>\n<tr>\n<td>\n<p style=""font-weight: 300;"">Amoxicilina base</p>\n</td>\n<td>\n<p style=""font-weight: 300;"">125 mg</p>\n</td>\n</tr>\n<tr>\n<td>\n<p style=""font-weight: 300;"">Amoxicilina base</p>\n</td>\n<td>\n<p style=""font-weight: 300;"">250 mg</p>\n</td>\n</tr>\n<tr>\n<td>\n<p style=""font-weight: 300;"">Amoxicilina base</p>\n</td>\n<td>\n<p style=""font-weight: 300;"">500 mg</p>\n</td>\n</tr>\n<tr>\n<td>\n<p style=""font-weight: 300;"">Excipientes</p>\n</td>\n<td>\n<p style=""font-weight: 300;"">c.s.</p>\n</td>\n</tr>\n</tbody>\n</table>\n<h6>DESCRIPCIÓN:</h6>\n<h6 style=""font-weight: 300;"">Antiinfeccioso para uso sistémico.</h6>\n&nbsp;\n<h6>INDICACIONES TERAPÉUTICAS:</h6>\n<p style=""font-weight: 300;"">Para el tratamiento de infecciones del tracto genitourinario digestivo, otitis media aguda, faringitis o sinusitis bacteriana, bronquitis, infecciones de la piel o tejidos blandos.</p>\n\n<h6>CONTRAINDICACIONES:</h6>\n<h6 style=""font-weight: 300;"">Hipersensibilidad a los betalactámicos.</h6>\n<h6>PRECAUCIONES GENERALES:</h6>\n<p style=""font-weight: 300;"">Amoxicilina 125 y 250 mg: En pacientes con historia de alergias en general, colitis ulcerativa, enteritis regional, colitis asociada a antibióticos, mononucleosis infecciosa, durante el embarazo y la lactancia, insuficiencia renal y no utilizar en infecciones severas.\nAmoxicilina 500 mg: En pacientes con historia de alergias en general, colitis ulcerativa, enteritis regional, colitis asociada a antibióticos, mononucleosis infecciosa, insuficiencia renal y no utilizar en infecciones severas. El uso de Penicilinas en madres lactantes puede dar lugar a sensibilización, diarrea, candidiasis, rash cutáneo en el lactante.</p>\n\n<h6>REACCIONES SECUNDARIAS Y ADVERSAS:</h6>\n<p style=""font-weight: 300;"">Podría presentar náuseas, vómitos, dolor abdominal y reacciones de hipersensibilidad.</p>\n\n<h6>INTERACCIONES MEDICAMENTOSAS Y DE OTRO GENERO:</h6>\n<p style=""font-weight: 300;"">Alopurinol, antibióticos bacteriostáticos.</p>\n\n<h6>DOSIS Y VÍA DE ADMINISTRACIÓN:</h6>\n<p style=""font-weight: 300;""><strong>Amoxicilina 125 mg</strong>:\n<em>Adultos</em>: Dos a cuatro cucharillas cada ocho horas.\n<em>Pediátrica</em>: Según prescripción del médico.\n<strong>Amoxicilina 250 mg</strong>:\n<em>Adultos</em>: Una cucharillas cada ocho horas.\n<em>Pediátrica</em>: 20 – 40 mg/Kg peso/día, fraccionada cada ocho horas o según prescripción del médico.\n<strong>Amoxicilina 500 mg</strong>:\n<em>Adultos</em>: 750 mg-1500 mg/día, fraccionada cada ocho horas.\n<em>Pediátrica</em>: 20 mg-40 mg/kg de peso/día, fraccionada cada ocho horas.</p>\n\n<h6>PRESENTACIONES:</h6>\n<p style=""font-weight: 300;"">Frasco por 60 y 100 ml.</p>\n\n<h6>REGISTRO SANITARIO:</h6>\n<p style=""font-weight: 300;"">NN-21805/2012</p>","Delta > Suspensiones\, Jarabes y Gotas",,https://laboratoriosdelta.net/wp-content/uploads/2022/03/Amoxicilina-500-mL.jpg,,no,yes,yes,,no,,,,no,,no,default,default,default,,,,
,"AZITROMICINA SUSPENSION 200mg/ml","<strong>SUSPENSIÓN ORAL</strong>\n\n&nbsp;","<h6 class=""subtitulo""><a name=""accion terapeutica""></a>ACCIÓN TERAPÉUTICA:</h6>\nAntibacteriano para uso sistémico.\n\n&nbsp;\n<h6 class=""subtitulo""><a name=""lugar y mecanismo de accion""></a>LUGAR Y MECANISMO DE ACCIÓN:</h6>\nEjercen su actividad antimicrobiana al obstaculizar la síntesis de proteínas en la bacteria a nivel ribosómico, se fijan a la unidad 50 S del mismo, e impiden la reacción de translocación en la cual la cadena de péptido en crecimiento se desplaza del sitio aceptor al donador, por esta particularidad se proscribe su combinación con otras drogas que compiten con un sitio similar de fijación en el ribosoma como serían la clindamicina y el cloranfenicol.\n\nSu efecto bactericida o bacteriostático depende de su concentración, del microorganismo, del inóculo, su sensibilidad, y de la fase de proliferación en que se encuentren.\n\n&nbsp;\n<h6 class=""subtitulo""><a name=""propiedades""></a>PROPIEDADES FARMACODINÁMICAS Y FARMACOCINETICAS:</h6>\nDespués de su administración por vía oral, azitromicina se distribuye ampliamente en el organismo, la biodisponibilidad es aproximadamente de 43 a 50% y el Tmáx es de 2 a 3 horas aproximadamente (0.3-0.63 µg/ml), su volumen de distribución es de 31 l/kg; se alcanzan concentraciones más altas dentro de las células incluso en fagocitos, que en plasma. Se han demostrado niveles de azitromicina mucho más elevados en los tejidos, hasta 50 veces la concentración máxima observada en el plasma, lo que indica que posee alta afinidad por los tejidos. Después de una dosis de 500 mg, las concentraciones en los tejidos blancos como pulmón, amígdala y próstata, sobrepasan las CIM90 requerida para los probables patógenos en dichos tejidos. Su unión a proteínas es baja, alrededor de 51% y parece depender de la concentración. La vida media de eliminación es aproximadamente de 68 horas debido a su extensa distribución y se excreta por vía renal en un 6.5%. La vía principal de excreción es a través de la bilis. En hígado se forman algunos metabolitos inactivos que no juegan ningún papel en la actividad microbiológica de la azitromicina. La administración de azitromicina junto con la dieta de contenido habitual en grasas no modifica el ABC del fármaco. El mecanismo de acción de la azitromicina al igual que el de los demás macrólidos, es la inhibición de la síntesis de proteínas mediante la unión reversible a la subunidad ribo¬somal 50S bacteriana, induciendo un cambio confor¬ma¬¬cional que evita la translocación de péptidos. La azitromicina ha demostrado su actividad in vitro en contra de una amplia variedad de bacterias, algunas aerobias (grampositivas y gramnegativas) y anaerobias, Chlamydia trachomatis, Treponema palli¬dum, Neisseria gonorrhoeae y Haemophilus ducreyi.\n\n&nbsp;\n<h6 class=""subtitulo""><a name=""dosis recomendad""></a>DOSIS RECOMENDADA:</h6>\nAdultos: 500 mg/día. Duración del tratamiento: 3 días.\n\nPediátrica: 10 mg/Kg peso, en una sola toma diaria por 3 días.\n\nPara niños con peso corporal más de 45 Kg la dosis es igual que para adultos.\n<h6></h6>\n<h6 class=""subtitulo""><a name=""indicaciones""></a>INDICACIONES:</h6>\nPara el tratamiento de infecciones de las vías respiratorias altas: otitis medias, sinusitis, faringitis; infecciones de las vías respiratorias bajas: bronquitis, neumonía, infecciones de la piel y tejidos blandos é infecciones uretrales.\n\n&nbsp;\n<h6 class=""subtitulo""><a name=""uso en embarazo""></a>USO EN EMBARAZO Y LACTANCIA:</h6>\nLos estudios de reproducción animal han demostrado que la azitromicina atraviesa la placenta, pero no revelaron evidencia de daño al feto. No existen datos acerca de la secreción en la leche. No se ha establecido la seguridad para su uso durante el embarazo y la lactancia. Sólo deberá utilizarse en mujer embarazada o durante la lactancia cuando no existan alternativas adecuadas disponibles.\n\n&nbsp;\n<h6 class=""subtitulo""><a name=""contraindicaciones""></a>CONTRAINDICACIONES:</h6>\nEl uso de este producto está contraindicado en pacientes con antecedentes de reacciones alérgicas a la azitromicina o a cualquier antibiótico del grupo de los macrólidos y en casos de insuficiencia hepática grave.\n\n&nbsp;\n<h6 class=""subtitulo""><a name=""precauciones""></a>PRECAUCIONES:</h6>\nDebido a que azi¬tro¬micina se elimina principalmente por el hígado, se deberá tener precaución al administrarse a pacientes con disfunción hepática. De igual manera, se deberá administrar con precaución en pacientes con insuficiencia renal. Pacientes tratados con derivados de la Ergotamina, durante el embarazo y la lactancia.\n\nAzitromicina puede enmascarar o retardar la aparición de los síntomas de gonorrea y sífilis, por lo que se recomienda realizar pruebas de sensibilidad antes de iniciar el tratamiento.\n\n&nbsp;\n<h6 class=""subtitulo""><a name=""efectos adversos""></a>EFECTOS ADVERSOS:</h6>\nPodría presentar molestias gástricas como ser diarreas, heces fecales blandas, trastornos abdominales (dolor abdominal, cólicos náuseas, vómitos, flatulencia) ocasionalmente elevaciones reversibles de las transaminasas, reducción leve de neutrófilos.\n\n&nbsp;\n<h6 class=""subtitulo""><a name=""interacciones medicamentosas""></a>INTERACCIONES  MEDICAMENTOSAS E INCOMPATIBILIDADES</h6>\nTeofilina: No hay evidencia de interacción farmacocinética cuando se administran en forma conjunta azitromicina y teofilina a voluntarios sanos. Sin embargo, la co administración de macrólidos y teofilina eleva las concentraciones de ésta. Warfarina: En un estudio de interacción farmacocinética, la azitromicina no modificó el efecto anticoagulante de una dosis única de 15 mg de warfarina cuando se administró a voluntarios sanos; sin embargo, en la clínica la administración concomitante de azitromicina y warfarina ha incrementado el efecto anticoagulante de ésta, por lo que se debe vigilar el tiempo de protrombina. Carbamazepina: En un estudio de interacción farmaco¬cinética en voluntarios sanos, no se observó efecto significativo en los niveles plasmáticos de carbamazepina o su metabolito activo en pacientes que recibían azitromicina en forma concomitante. Ergotamina: La posibilidad teórica de ergotismo contraindica el uso concomitante de azitromicina con los derivados de la ergotamina. Ciclosporina: En ausencia de datos concluyentes de estudios farmacocinéticas o clínicos relativos al potencial de interacción entre azitromicina y ciclosporina, debe tenerse precaución antes de la co administración de estas drogas. Si es necesaria la co administración, deberán vigilarse los niveles de ciclosporina y ajustarse la dosis de acuerdo a las necesidades. Digoxina: Se han reportado que algunos antibióticos macrólidos alteran el metabolismo microbiano de la digo¬xina en el intestino en ciertos\n\npacientes. Se deben monitorear los niveles de digoxina en caso de co admi¬nistración con azitromicina ante la posibilidad de concentraciones elevadas de digoxina. Antiácidos: No se ha observado ningún efecto sobre la biodisponibilidad como tal, aunque la Cmáx de azitromicina se redujo hasta en un 30%. Cimetidina: En un estudio de farmacocinética que investigó los efectos de una dosis única de cimetidina, administrada 2 horas antes que la azitromicina, no se observó ninguna alteración en la farmacocinética de esta última. Metilprednisolona: En un estudio de farmacocinética llevado a cabo en voluntarios sanos, la azitromicina no tuvo efectos significativos en la farmacocinética de la metil¬prednisolona. Zidovudina: En un estudio preliminar de la tolerancia y farmacocinética de azitromicina en pacientes HIV positivos tratados con zidovudina, los pacientes recibieron 1 g de azitromicina cada semana durante cinco semanas y no se encontró ningún efecto estadísticamente significativo en los parámetros farmacocinéticos de zido¬vudina y su metabolito glucurónido siendo la única diferencia estadísticamente significativa en la farmacocinética de azitromicina, la reducción de la Tmáx cuando se compararon los niveles del primero y último días. Terfenadina: Azitromicina no afectó la farmacocinética de terfenadina cuando se administró a la dosis recomendada de 60 mg cada 12 horas, la adición de azitromicina no produjo cambios significativos en la repolarización cardiaca (segmento QTc) cuando éste se midió en el estado de equilibrio de terfenadina.\n<h6></h6>\n<h6 class=""subtitulo""><a name=""intoxicacion, sintomas, tratamiento""></a>INTOXICACION, SINTOMAS, TRATAMIENTO DE URGENCIA Y ANTIDOTO:</h6>\nLos síntomas de sobredosificación se manifiestan principalmente por una exacerbación de las reacciones adversas\n\nNo hay experiencia en casos de sobredosis de Azitromicina. Los síntomas típicos de sobredosis con antibióticos Macrólidos se manifiestan principalmente por la exacerbación de las reacciones adversas, incluyen principalmente náuseas, vómitos, diarrea y trastornos de la audición. No obstante, para tal eventualidad están indicados lavados gástricos y tratamiento sintomático.\n\nAnte la eventualidad de una sobre dosificación, concurrir al hospital más cercano o consultar a los centros toxicológicos.\n<h6></h6>\n<h6 class=""subtitulo""><a name=""presentacion""></a>PRESENTACIÓN :</h6>\nFrasco de 15 ml.","Delta > Suspensiones\, Jarabes y Gotas",,,,no,yes,yes,,no,,,,no,,no,default,default,default,,,,
,"CLORANFENICOL SUSPENSION 250mg/5ml","<strong>SUSPENSIÓN</strong>\nAntibiótico","<h6 class=""subtitulo""><a name=""formula""></a>FORMA FARMACÉUTICA Y FORMULACIÓN:</h6>\n<table>\n<tbody>\n<tr>\n<td colspan=""2"">Cada 5 ml contiene:</td>\n</tr>\n<tr>\n<td>Cloranfenicol base</td>\n<td>250 mg</td>\n</tr>\n<tr>\n<td>Excipientes</td>\n<td>c.s.</td>\n</tr>\n</tbody>\n</table>\n&nbsp;\n<h6 class=""subtitulo""><a name=""formula""></a>DESCRIPCIÓN:</h6>\nAntiinfeccioso para uso sistémico.\n\n&nbsp;\n<h6 class=""subtitulo""><a name=""formula""></a>INDICACIONES TERAPÉUTICAS:</h6>\nPara el tratamiento de la fiebre tifoidea, septicemia, producidas por Salmonella tiphy; Meningitis, septicemia y epiglotitis producidas por Haemophilus influenzae. Infecciones producidas por anaerobios.\n\n&nbsp;\n<h6 class=""subtitulo""><a name=""formula""></a>CONTRAINDICACIONES:</h6>\nHipersensibilidad o reacción tóxica al medicamento, insuficiencia renal y/o hepática.\n\n&nbsp;\n<h6 class=""subtitulo""><a name=""formula""></a>PRECAUCIONES GENERALES:</h6>\nDepresión de médula ósea, terapia con drogas citotóxicas o radioterapia; embarazo y lactancia.\n\n&nbsp;\n<h6 class=""subtitulo""><a name=""formula""></a>REACCIONES SECUNDARIAS Y ADVERSAS:</h6>\nMielodepresión reversible, aplasia medular irreversible idiosincrásica, hemólisis (por déficit de G6FD), síndrome gris en neonatos, reacciones de hipersensibilidad, náuseas, vómitos, diarrea.\n\n&nbsp;\n<h6 class=""subtitulo""><a name=""formula""></a>INTERACCIONES MEDICAMENTOSAS:</h6>\nHidantoína, otros medicamentos que producen discrasias sanguíneas, depresores de la médula ósea, radioterapia, hipoglucemiantes orales, contraceptivos orales que contienen estrógenos, eritromicina, penicilinas, fenobarbital, warfarina.\n\n&nbsp;\n<h6 class=""subtitulo""><a name=""formula""></a>DOSIS Y VÍA DE ADMINISTRACIÓN:</h6>\n<b><strong>Cloranfenicol 250 mg</strong></b>:\n<i><em>Adultos</em></i>: Dos cucharillas (10 ml) cada seis horas.\nDosis máxima: 4 g/día.\n<i><em>Pediátrica</em></i>: Según prescripción del médico.\nDosis máxima: 14 días.\n\n&nbsp;\n<h6 class=""subtitulo""><a name=""formula""></a>PRESENTACIONES:</h6>\nFrasco por 60 ml.\n<h6 class=""subtitulo""><a name=""formula""></a>REGISTRO SANITARIO:</h6>\nNN-23612/2013","Delta > Suspensiones\, Jarabes y Gotas",,,,no,yes,yes,,no,,,,no,,no,default,default,default,,,,
,"CLORFENIRAMINA JARABE 2mg","<strong>JARABE</strong>\nAntihistamínico","<h6 class=""subtitulo""><a name=""formula""></a>FORMA FARMACÉUTICA Y FORMULACIÓN:</h6>\n<table>\n<tbody>\n<tr>\n<td colspan=""2"">Cada 5 ml contiene:</td>\n</tr>\n<tr>\n<td>Clorfeniramina maleato</td>\n<td>2 mg.</td>\n</tr>\n<tr>\n<td>Excipientes</td>\n<td>c.s.</td>\n</tr>\n</tbody>\n</table>\n&nbsp;\n<h6 class=""subtitulo""><a name=""formula""></a>DESCRIPCIÓN:</h6>\nAntihistamínico.\n\n&nbsp;\n<h6 class=""subtitulo""><a name=""formula""></a>INDICACIONES TERAPÉUTICAS:</h6>\nClorfeniramina es un antialérgico (antihistamínico) que se utiliza en el tratamiento sintomático de la rinitis alérgica perenne y estacional; conjuntivitis alérgica, prurito asociado a reacciones alérgicas y manifestaciones cutáneas alérgicas no complicadas, urticaria; para el alivio de los estornudos y de la rinorrea asociados al resfriado común.\n\n&nbsp;\n<h6 class=""subtitulo""><a name=""formula""></a>CONTRAINDICACIONES:</h6>\nEn pacientes que son hipersensibles a los antihistamínicos, durante el tratamiento con inhibidores de la MAO, durante la lactancia y el embarazo.\nNo administrar a niños menores de 6 años.\n\n&nbsp;\n<h6 class=""subtitulo""><a name=""formula""></a>PRECAUCIONES GENERALES:</h6>\nPacientes que desempeñan actividades que requieren un estado de alerta debido a que produce somnolencia, pacientes con predisposición a la retención urinaria, crisis asmática, glaucoma, hipertrofia prostática, estenosis pilórica y ancianos.\nEl uso de clorfeniramina puede producir somnolencia. Evitar la ingestión de bebidas alcohólicas durante su tratamiento.\n\n&nbsp;\n<h6 class=""subtitulo""><a name=""formula""></a>REACCIONES SECUNDARIAS Y ADVERSAS:</h6>\nPodría presentar somnolencia, mareos, fatiga, irritabilidad, cefalea, molestias epigástricas y disminución de las secreciones.\n\n&nbsp;\n<h6 class=""subtitulo""><a name=""formula""></a>INTERACCIONES MEDICAMENTOSAS Y DE OTRO GENERO:</h6>\nAlcohol y otros depresores del SNC, ototóxicos, anticolinérgicos, anticoagulantes, fotosensibilizantes, antidepresivos tricíclicos, haloperidol.\n\n&nbsp;\n<h6 class=""subtitulo""><a name=""formula""></a>DOSIS Y VÍA DE ADMINISTRACIÓN:</h6>\n<b><strong>Adultos</strong></b>: 10 ml cada cuatro a seis horas.\n<b><strong>Pediátrica</strong></b>:\n<i><em>Niños mayores de 12 años</em></i>: 5 ml cada seis horas.\n<h6></h6>\n<h6 class=""subtitulo""><a name=""formula""></a>PRESENTACIONES:</h6>\nFrasco por 100 ml.\n\n&nbsp;\n<h6 class=""subtitulo""><a name=""formula""></a>REGISTRO SANITARIO:</h6>\nNN-25629/2013","Delta > Suspensiones\, Jarabes y Gotas",,,,no,yes,yes,,no,,,,no,,no,default,default,default,,,,
,"COTRIMOXAZOL SUSPENSION 200/40/5ml","<p class=""subtitulo""><a name=""formula""></a>ACCIÓN TERAPÉUTICA:</p>\n<p class=""subtitulo3"">Antibáctereano.</p>","<h6 class=""subtitulo"">FORMA FARMACÉUTICA Y FORMULACIÓN:</h6>\n<table>\n<tbody>\n<tr>\n<td colspan=""2"">Cada 5 ml contiene:</td>\n</tr>\n<tr>\n<td>Sulfametoxazol</td>\n<td>200 mg</td>\n</tr>\n<tr>\n<td>Trimetoprima</td>\n<td>40 mg</td>\n</tr>\n<tr>\n<td>Excipientes</td>\n<td>c.s.</td>\n</tr>\n</tbody>\n</table>\n&nbsp;\n<h6 class=""subtitulo""><a name=""accion terapeutica""></a>ACCIÓN TERAPÉUTICA:</h6>\nAntiinfeccioso-Antibacteriano para uso sistémico.\n\n&nbsp;\n<h6 class=""subtitulo""><a name=""propiedades farmacodinamicas""></a>PROPIEDADES FARMACODINÁMICAS Y FARMACOCINETICAS:</h6>\n<p class=""subtitulo3"">Absorción y Distribución</p>\nLa Trimetoprima y el Sulfametoxazol se absorben fácilmente después de una administración oral y las concentraciones plasmáticas se mantienen a niveles mayores que la MIC de todos los organismos patógenos por lo menos 6 a 8 horas.\n\nAproximadamente el 45% de Trimetoprima y el 65% de Sulfametoxazol se ligan a las proteínas del plasma.\n\nDespués de una administración de 160 mg de Trimetoprima y 800 mg de Sulfametoxazol las concentraciones plasmáticas son de 1.5 mcg/ml y 50 mcg/ml respectivamente. Esta concentración de Trimetoprima y Sulfametoxazol en la proporción de 1 a 33 es la proporción óptima para un sinergismo in vitro, no obstante que la droga ha sido administrada en la proporción de 1 a 5.\n\nYa que los dos componentes son bien absorbidos y tienen una vida media similar de 10 a 12 horas, la proporción encontrada en la sangre refleja una diferencia en el volumen de distribución.\n\nComo consecuencia de sus propiedades lipofílicas la Trimetoprima se concentra más en los tejidos incluyendo el riñón el hígado y los pulmones. También se distribuye en el esputo, secreciones vaginales, uretrales y fluidos prostáticos. Esta distribución puede ser un factor importante para la eficacia de la Trimetoprima en la bronquitis, uretritis y prostatitis.\n\nLa concentración de Sulfametoxazol en los tejidos es menor que la concentración en el suero y como resultado la concentración proporcional de Trimetoprima y Sulfametoxazol en los tejidos es del orden de 1 a 8.\n\nExcreción.-\n\nAmbos fármacos son excretadas principalmente por el riñón, Dentro de las 96 horas después de una dosis de 16/800 el 80% de Trimetoprima y más del 95% de Sulfametoxazol. Se recupera en la orina como fármaco intacto, metabolitos o glucoronidos conjugados. La mayoría de Trimetoprima excretada es como fármaco intacto, su clearence depende de la función renal., La vida media plasmática de Trimetoprima se incremente si es que existe daño renal y la dosis debe ser ajustada de acuerdo con el cuadro, sea administrada sola o combinada con Sulfametoxazol.\n\nEl Sulfametoxazol se metaboliza más extensamente que la Trimetoprima. Solo el 20% de Sulfametoxazol se elimina en forma de fármaco entero por la orina, el resto se elimina como acetilados o glucorónidos conjugados.\n\nLas concentraciones de Trimetoprima y Sulfametoxazol como fármacos enteros en la orina 12 horas después de una dosis de 160/800 mg son del orden de 80 a 100 mcg/ml, concentración considerablemente mayor que MIC de la mayoría de las bacterias patógenas del tracto urinario. Estas altas concentraciones en la orina resultan efectivas en el tratamiento de infecciones urinarias no complicadas.\n\n&nbsp;\n<h6 class=""subtitulo""><a name=""dosis recomendada""></a>DOSIS RECOMENDADA:</h6>\nAdultos: Dos cucharillas cada seis horas.\n\nPediátrica: Menores de 40 Kg de peso: 40 mg de Sulfametoxazol y 8 mg de Trimetoprima/Kg peso/día, fraccionada cada 12 horas. Mayores de 40 Kg: dosis igual que para adultos o según prescripción del médico.\n\n&nbsp;\n<h6 class=""subtitulo""><a name=""indicaciones""></a>INDICACIONES:</h6>\nPara el tratamiento de infecciones de los tractos respiratorio, digestivo y urinario, producidas por cepas sensibles de: Haemophilus influenzae, estreptococos pneumoniae, pneumocystis carini, escherichia coli, vibrio cholerae, especies de shigella, salmonella, klebsiella, proteus, enterobacter.\n\n&nbsp;\n<h6 class=""subtitulo""><a name=""uso en embarazo y lactancia""></a>USO EN EMBARAZO Y LACTANCIA:</h6>\nSu administración está contraindicado en lactancia y debe administrarse bajo control médico durante el embarazo.\n\n&nbsp;\n<h6 class=""subtitulo""><a name=""contraindicaciones""></a>CONTRAINDICACIONES:</h6>\nLactancia, niños menores de 2 meses, hipersensibilidad a los componentes del medicamento.\n\n&nbsp;\n<h6 class=""subtitulo""><a name=""precauciones""></a>PRECAUCIONES:</h6>\nAncianos, discracias sanguíneas, trastornos renales y hepáticos, deficiencias de ácido fólico o G6FD, Porfirio, embarazol\n\n&nbsp;\n<h6 class=""subtitulo""><a name=""efectos adversos""></a>EFECTOS ADVERSOS:</h6>\nFotosensibilidad, sídrome de Stevens Jonson, fiebre, hepatitis, diarrea, vómitos, mareos, cefalea, aplasia medular, nefrotoxicidad, reacciones de hipersensibilidad, necrolisis tóxica epidérmica, metahemoglobinemia.\n\n&nbsp;\n<h6 class=""subtitulo""><a name=""interacciones medicamentosas e incompatibles""></a>INTERACCIONES  MEDICAMENTOSAS E INCOMPATIBILIDADES:</h6>\nWarfarina, anticonvulsivantes, hipoglucemiantes orales, depresores de la médula ósea, anticonceptivos orales, medicamentos hepatotóxicos, ciclosporina, antagonistas del ácido fólico, dapsona, firampicina.\n\n&nbsp;\n<h6 class=""subtitulo""><a name=""intoxicacion sintomas tratamiento""></a>INTOXICACION, SINTOMAS, TRATAMIENTO DE URGENCIA Y ANTIDOTOS:</h6>\nCotrimoxazol es un preparado muy poco tóxico, teniendo en cuenta que la potenciación que se consigue en la acción antimicrobiana no ocurre con los fenómenos tóxicos. Se calcula que la frecuencia de las reacciones adversas es de alrededor de 5.2%.\n\nSu toxicidad podríamos enumerarlas como manifestaciones gastrointestinales, trastornos hepáticos, trastornos hematológicos y fenómenos alérgicos, los mismos que desaparecen al suspender la medicación.","Delta > Suspensiones\, Jarabes y Gotas",,,,no,yes,yes,,no,,,,no,,no,default,default,default,,,,
,"DELTAGEL NF","Suspensión\n<p class=""subtitulo3"">Antiácido.</p>","<h6></h6>\n<h6 class=""subtitulo""><a name=""formula""></a>FORMA FARMACÉUTICA Y FORMULACIÓN:</h6>\n<table>\n<tbody>\n<tr>\n<td colspan=""2""><strong>Cada 5 ml contiene:</strong></td>\n</tr>\n<tr>\n<td>Hidróxido de Aluminio</td>\n<td>200 mg.</td>\n</tr>\n<tr>\n<td>Hidróxido de Magnesio</td>\n<td>200 mg.</td>\n</tr>\n<tr>\n<td>Óxido de silicio</td>\n<td></td>\n</tr>\n<tr>\n<td>Propilenglicol</td>\n<td></td>\n</tr>\n<tr>\n<td>Ciclamato de Sodio</td>\n<td></td>\n</tr>\n<tr>\n<td>Alcohol etílico</td>\n<td></td>\n</tr>\n<tr>\n<td>Esencia de menta</td>\n<td></td>\n</tr>\n<tr>\n<td>Metil Parabeno</td>\n<td></td>\n</tr>\n<tr>\n<td>Propil Parabeno</td>\n<td></td>\n</tr>\n<tr>\n<td>Mentol cristal</td>\n<td></td>\n</tr>\n<tr>\n<td>Agua destilada</td>\n<td></td>\n</tr>\n</tbody>\n</table>\n&nbsp;\n<h6 class=""subtitulo""><a name=""formula""></a>INDICACIONES TERAPÉUTICAS:</h6>\nEs un antiácido utilizado para aliviar la acidez o calor estomacal, la indigestión ácida y los malestares estomacales. Pueden utilizarse para tratar estos síntomas en los pacientes con úlcera péptica, gastritis, esofagitis, hernia hiatal o hiperacidez gástrica.\n\n&nbsp;\n<h6 class=""subtitulo""><a name=""formula""></a>USO EN EMBARAZO Y LACTANCIA:</h6>\nEn general, los antiácidos se consideran seguros siempre que se eviten dosis crónicas elevadas.\n\nNo se han realizado estudios adecuados y bien controlados en animales ni en humanos, sin embargo, se ha descrito que los antiácidos causan efectos adversos tales como hipercalcemia, hipomagnesemia, hipermagnesemia y aumento de los reflejos tendinosos en los fetos y/o en los neonatos cuyas madres toman de forma crónica antiácidos que contienen aluminio, calcio o magnesio, especialmente en dosis elevadas.\n\nTampoco se han descrito problemas en humanos por la lactancia, aunque en la leche materna se puede excretar cierta cantidad de aluminio, calcio y magnesio la concentración no es lo suficientemente grande como para producir efectos en el neonato.\n\n&nbsp;\n<h6 class=""subtitulo""><a name=""formula""></a>CONTRAINDICACIONES:</h6>\nNo administrar en casos de hipersensibilidad a los componentes de la fórmula.\n\n&nbsp;\n<h6 class=""subtitulo""><a name=""formula""></a>PRECAUCIONES GENERALES:</h6>\nEn casos de insuficiencia renal, apendicitis y depresión del SNC.\n\nDurante el embarazo y la lactancia consultar al médico la dosificación.\n\n&nbsp;\n<h6 class=""subtitulo""><a name=""formula""></a>REACCIONES SECUNDARIAS Y ADVERSAS:</h6>\nEl uso prolongado de este medicamento podría ocasionar nefrolitiasis, cálculos urinarios, constipación, obstrucción intestinal.\n\n&nbsp;\n<h6 class=""subtitulo""><a name=""formula""></a>INTERACCIONES MEDICAMENTOSAS Y DE OTRO GENERO:</h6>\nTetraciclina.\n\n&nbsp;\n<h6 class=""subtitulo""><a name=""formula""></a>DOSIS:</h6>\nAdultos: 10 ml a 20 ml una hora después de cada alimento y al acostarse. No superar las seis tomas en 24 horas.\n\n&nbsp;\n<h6><a name=""formula""></a>ADVERTENCIAS:</h6>\nSi los síntomas empeoran o si a pesar del tratamiento persisten por más de siete días o son recurrentes, debe realizarse un examen clínico para descartar el riesgo de una enfermedad subyacente grave.\n\n&nbsp;\n<h6 class=""subtitulo""><a name=""formula""></a>PRESENTACIÓN:</h6>\n<p class=""subtitulo"">Frasco de 100 ml.</p>","Delta > Suspensiones\, Jarabes y Gotas",,https://laboratoriosdelta.net/wp-content/uploads/2022/03/Deltagel-copia.jpg,,no,yes,yes,,no,,,,no,,no,default,default,default,default,default,default,set
,"DEXTROFEN JARABE","<strong>JARABE</strong>\nAntihistamínico, antitusivo no narcótico y expectorante\n\n&nbsp;","<h6 class=""subtitulo""><a name=""formula""></a>FORMA FARMACÉUTICA Y FORMULACIÓN:</h6>\n<table>\n<tbody>\n<tr>\n<td colspan=""2"">Cada 5 ml contiene:</td>\n</tr>\n<tr>\n<td>Dextrometorfano bromhidrato</td>\n<td>10 mg</td>\n</tr>\n<tr>\n<td>Difenhidramina</td>\n<td>8 mg</td>\n</tr>\n<tr>\n<td>Excipientes</td>\n<td>c.s.</td>\n</tr>\n</tbody>\n</table>\n<h6></h6>\n<h6 class=""subtitulo""><a name=""formula""></a>DESCRIPCIÓN:</h6>\nAntitusivo de acción central y Antihistamínico.\n\n&nbsp;\n<h6 class=""subtitulo""><a name=""formula""></a>INDICACIONES TERAPÉUTICAS:</h6>\nEstá indicado en el tratamiento sintomático de la tos no productiva o tos seca, debido a enfriamiento o a procesos alérgicos.\n\n&nbsp;\n<h6 class=""subtitulo""><a name=""formula""></a>CONTRAINDICACIONES:</h6>\nHipersensibilidad a alguno de sus componentes, tos productiva, en casos graves de glaucoma y en tratamientos con inhibidores de la MAO.\n\n&nbsp;\n<h6 class=""subtitulo""><a name=""formula""></a>PRECAUCIONES GENERALES:</h6>\nPacientes que requieren un estado de alerta, pacientes con problemas de glaucoma y crisis asmática, pacientes con insuficiencia hepática y pacientes con predisposición a la retención urinaria.\n\n&nbsp;\n<h6 class=""subtitulo""><a name=""formula""></a>REACCIONES SECUNDARIAS Y ADVERSAS:</h6>\nA dosis elevadas o durante tratamientos prolongados puede llevar a somnolencia, confusión mental y mareos, temblor, nerviosismo, excitación paradójica (especialmente en los niños y ancianos), fotosensibilidad, erupciones cutáneas, incoordinación motora, náuseas, vómitos, malestar epigástrico, discrasias sanguíneas y pancitopenia.\n\n&nbsp;\n<h6 class=""subtitulo""><a name=""formula""></a>INTERACCIONES MEDICAMENTOSAS Y DE OTRO GENERO:</h6>\nMedicamentos depresores del SNC.\n\n&nbsp;\n<h6 class=""subtitulo""><a name=""formula""></a>DOSIS Y VÍA DE ADMINISTRACIÓN:</h6>\n<b><strong>Niños hasta dos años</strong></b>: NO se recomienda su administración.\n<b><strong>Niños de dos a seis años</strong></b>: Cuarta a media cucharilla cada cuatro horas.\n<b><strong>Niños de seis a doce años</strong></b>: 2.5 a 5 ml cada cuatro horas.\n<b><strong>Adultos</strong></b>: 5 a 10 ml cada cuatro horas.\n\n&nbsp;\n<h6 class=""subtitulo""><a name=""formula""></a>PRESENTACIONES:</h6>\nFrasco por 100 ml.","Delta > Suspensiones\, Jarabes y Gotas",,https://laboratoriosdelta.net/wp-content/uploads/2022/03/Dextrofen-Jarabe-copia.jpg,,no,yes,yes,,no,,,,no,,no,default,default,default,default,default,default,set
,"DEXTROMETORFANO JARABE 10mg/5ml","<strong>JARABE</strong>\nAntitusivo","<p class=""subtitulo""><a name=""formula""></a>FORMA FARMACÉUTICA Y FORMULACIÓN:</p>\n\n<table>\n<tbody>\n<tr>\n<td colspan=""2"">Cada 5 ml contiene:</td>\n</tr>\n<tr>\n<td>Dextrometorfano bromhidrato</td>\n<td>10 mg</td>\n</tr>\n<tr>\n<td>Excipientes</td>\n<td>c.s.</td>\n</tr>\n</tbody>\n</table>\n&nbsp;\n<p class=""subtitulo""><a name=""formula""></a>DESCRIPCIÓN:</p>\nAntitusivo.\n\n&nbsp;\n<p class=""subtitulo""><a name=""formula""></a>INDICACIONES TERAPÉUTICAS:</p>\nEl bromhidrato de dextrometorfano es un compuesto que suprime el reflejo de la tos calmándola, de esta manera constituye una ventaja frente a los alcaloides del opio ya que no produce farmacodependencia.\nEstá indicado para el alivio sintomático de la tos no productiva o tos seca, debido a afecciones de las vías respiratorias como irritaciones leves de la garganta y bronquitis que aparecen con los resfriados o la inhalación de irritantes.\n\n&nbsp;\n<p class=""subtitulo""><a name=""formula""></a>CONTRAINDICACIONES:</p>\nHipersensibilidad al principio activo y tos productiva.\n\n&nbsp;\n<p class=""subtitulo""><a name=""formula""></a>PRECAUCIONES GENERALES:</p>\nPacientes con insuficiencia hepática.\n\n&nbsp;\n<p class=""subtitulo""><a name=""formula""></a>REACCIONES SECUNDARIAS Y ADVERSAS:</p>\nA dosis elevadas o durante tratamientos prolongados puede llevar a confusión mental, excitación psíquica, nerviosismo, inquietud, irritabilidad, somnolencia.\nMenos frecuentes o raros son mareos, náuseas, vómitos, dolor de estómago.\n\n&nbsp;\n<p class=""subtitulo""><a name=""formula""></a>INTERACCIONES MEDICAMENTOSAS Y DE OTRO GENERO:</p>\nMedicamentos depresores del SNC.\n\n&nbsp;\n<p class=""subtitulo""><a name=""formula""></a>DOSIS Y VIA DE ADMINISTRACIÓN:</p>\n<b><strong>Niños hasta dos años</strong></b>: NO se recomienda su administración.\n<b><strong>Niños de dos a seis años</strong></b>: 2.5 ml cada cuatro horas.\n<b><strong>Niños de seis a doce años</strong></b>: 5 ml cada cuatro horas.\n<b><strong>Adultos</strong></b>: 5 a 10 ml cada cuatro horas.\n\n&nbsp;\n<p class=""subtitulo""><a name=""formula""></a>PRESENTACIONES:</p>\nFrasco por 100 ml.\n\n&nbsp;\n<p class=""subtitulo""><a name=""formula""></a>REGISTRO SANITARIO:</p>\nNN-27999/2014","Delta > Suspensiones\, Jarabes y Gotas",,,,no,yes,yes,,no,,,,no,,no,default,default,default,,,,
,"ERITROMICINA SUSPENSION 250mg","<strong>SUSPENSIÓN</strong>\nAntibiótico","<h6 class=""subtitulo"">FORMA FARMACÉUTICA Y FORMULACIÓN:</h6>\n<table>\n<tbody>\n<tr>\n<td colspan=""2"">Cada 5 ml de suspensión reconstituida contiene:</td>\n</tr>\n<tr>\n<td>Eritromicina etil succinato</td>\n<td>250 mg</td>\n</tr>\n<tr>\n<td>Excipientes</td>\n<td>c.s.</td>\n</tr>\n</tbody>\n</table>\n<h6></h6>\n<h6 class=""subtitulo""><a name=""formula""></a>DESCRIPCIÓN:</h6>\nAntiinfeccioso para uso sistémico.\n\n&nbsp;\n<h6 class=""subtitulo""><a name=""formula""></a>INDICACIONES TERAPÉUTICAS:</h6>\nEs un antibiótico de acción sistémica utilizado para el tratamiento de infecciones del tracto respiratorio superior é inferior, infecciones genitourinarias, gangrena gaseosa y como profilaxis de la fiebre reumática.\nEspectro Antimicrobiano:\nGrampositivos: Es activo contra cepas de <i><em>Streptococcus</em></i>, aunque pueden existir resistencias. Puede ser activo contra <i><em>Staphylococcus</em></i>, pero a concentraciones muy altas, difíciles de alcanzar por períodos prolongados. <i><em>Corynebacterium, bacillus, Actinomyces</em></i>, también son sensibles.\nGramnegativos: <i><em>Neisseria, Moraxella, Bordetella, Haemophilus</em></i>.\nOtros: Bacteroidesfragilis, Micoplasma, <i><em>Chlamydia, Legionella</em></i>, Ureaplasma.\n\n&nbsp;\n<h6 class=""subtitulo""><a name=""formula""></a>CONTRAINDICACIONES:</h6>\nPacientes hipersensibles a la eritromicina.\n\n&nbsp;\n<h6 class=""subtitulo""><a name=""formula""></a>PRECAUCIONES GENERALES:</h6>\n<b><strong>Eritromicina etil succinato 250 mg</strong></b>:\nEn pacientes con insuficiencia hepática y trastornos de la audición.\n\n&nbsp;\n<h6 class=""subtitulo""><a name=""formula""></a>REACCIONES SECUNDARIAS Y ADVERSAS:</h6>\nTrastornos gastrointestinales como molestias epigástricas, náuseas, vómitos, diarrea. Reacciones de hipersensibilidad que se manifiestan con exantema, fiebre y eosinofilia. Colitis pseudomembranosa.\n\n&nbsp;\n<h6 class=""subtitulo""><a name=""formula""></a>INTERACCIONES MEDICAMENTOSAS Y DE OTRO GENERO:</h6>\nCarbamazepina, cloranfenicol, ciclosporina, digoxina, ergotamina, medicamentos hepatotóxicos y ototóxicos, penicilinas, warfarina y xantinas.\n\n&nbsp;\n<h6 class=""subtitulo""><a name=""formula""></a>DOSIS Y VÍA DE ADMINISTRACIÓN:</h6>\n<b><strong>Eritromicina etil succinato 250 mg</strong></b>:\n<i><em>Adultos</em></i>: Una a dos cucharillas cada 6 horas.\n<i><em>Pediátrica</em></i>: Según prescripción del médico.\nDuración del tratamiento: 10 a 14 días.\n\n&nbsp;\n<h6 class=""subtitulo""><a name=""formula""></a>PRESENTACIONES:</h6>\nFrasco por 60 ml.\n\n&nbsp;\n<h6 class=""subtitulo""><a name=""formula""></a>REGISTRO SANITARIO:</h6>\nNN-23879/2012","Delta > Suspensiones\, Jarabes y Gotas",,,,no,yes,yes,,no,,,,no,,no,default,default,default,,,,
,"FLUDELTA GOTAS","<strong>GOTAS</strong>\n\nAntigripal","<h6 class=""subtitulo"">FORMA FARMACÉUTICA Y FORMULACIÓN:</h6>\n<table>\n<tbody>\n<tr>\n<td colspan=""2"">Cada ml contiene:</td>\n</tr>\n<tr>\n<td>Salicilato de sodio</td>\n<td>80 mg</td>\n</tr>\n<tr>\n<td>Clorfeniramina maleato</td>\n<td>0.75 mg</td>\n</tr>\n<tr>\n<td>Excipientes</td>\n<td>c.s.</td>\n</tr>\n</tbody>\n</table>\n<h6></h6>\n<h6 class=""subtitulo""><a name=""formula""></a>DESCRIPCIÓN:</h6>\nAtigripal.\n\n&nbsp;\n<h6 class=""subtitulo""><a name=""formula""></a>INDICACIONES TERAPÉUTICAS:</h6>\nFLUDELTA por los componentes que posee está indicado para el tratamiento sintomático del resfrío común en bebés y niños de corta edad.\n\n&nbsp;\n<h6 class=""subtitulo""><a name=""formula""></a>CONTRAINDICACIONES:</h6>\nEn caso de hipersensibilidad a alguno de los componentes.\n\n&nbsp;\n<h6 class=""subtitulo""><a name=""formula""></a>PRECAUCIONES GENERALES:</h6>\nSi la fiebre persiste se debe buscar la ayuda de un profesional médico.\n\n&nbsp;\n<h6 class=""subtitulo""><a name=""formula""></a>REACCIONES SECUNDARIAS Y ADVERSAS:</h6>\nA dosis elevadas puede provocar sedación y somnolencia.\n\n&nbsp;\n<h6 class=""subtitulo""><a name=""formula""></a>INTERACCIONES MEDICAMENTOSAS Y DE OTRO GENERO:</h6>\nNo se debe administrar FLUDELTA gotas simultáneamente con paracetamol, ibuprofeno y otros analgésicos antiinflamatorios no esteroides, tampoco con ácido ascórbico.\n\n&nbsp;\n<h6 class=""subtitulo""><a name=""formula""></a>DOSIS Y VIA DE ADMINISTRACIÓN:</h6>\n<b><strong>Niños de 1 a 3 años</strong></b>: 40 gotas cada cuatro horas.\n<b><strong>Niños de 6 a 12 meses</strong></b>: 20 gotas cada cuatro horas.\n<b><strong>Lactantes</strong></b>: 15 gotas cada cuatro horas.\n\n&nbsp;\n<h6 class=""subtitulo""><a name=""formula""></a>PRESENTACINES:</h6>\nFrasco por 30 ml.\n\n&nbsp;\n<h6 class=""subtitulo""><a name=""formula""></a>REGISTRO SANITARIO:</h6>\nNN-18003/2009","Delta > Suspensiones\, Jarabes y Gotas",,,,no,yes,yes,,no,,,,no,,no,default,default,default,,,,
,"FLUDELTA NF GOTAS","<strong>GOTAS </strong>\n\nAntigripal Infantil","<h6 class=""subtitulo"">ACCIÓN TERAPÉUTICA:</h6>\nAnalgésico, antipirético, descongestionante.\n\n&nbsp;\n<h6 class=""subtitulo""><a name=""propiedades farmacodinamicas""></a>PROPIEDADES FARMACODINAMICAS, FARMACOCINETICAS Y TOXICOLOGICAS:</h6>\n1.- Paracetamol\n\nAbsorción y distribución:\n\nSe absorbe por todas las vías, incluyendo la digestiva, siendo bases muy débiles se absorben algo en el estómago y muy rápidamente en el intestino. Una vez absorbido pasa a la sangre donde alcanza una concentración plasmática máxima a la hora a dos horas después de la ingestión. El 10% se combina con proteínas plasmáticas y el volumen de distribución es de alrededor de 1l/kg, es decir, que se distribuye especialmente en los líquidos extra é intracelulares. Su rápida biotransformación hace que los niveles plasmáticos desciendan por dosis repetidas.\n\nBiotransformación y excreción:\n\nEl paracetamol se transforma especialmente en los microsomas hepáticos. Aparece en la orina, libre en un 5% y conjugado con ácidos glucorónicos cerca al 85%. Una pequeña parte se transforma en p-aminofenol, sustancia responsable de la producción de meta hemoglobinemia, pues se transforma en quinonimia que forma con aquella sustancia un sistema de óxido-reducción en forma tal que el oxigeno implicado oxida la hemoglobina. Por otra parte el paracetamol puede oxidarse por el citocromo P450 y dar lugar a una hidroxilamina que es la responsable de la necrosis hepática a dosis tóxicas. La biotransformación y excreción urinaria de metabolitos son rápidas y pueden impartir a la orina un color rojo parduzco.\n\nLa vida media del paracetamol es de 2.5 horas.\n\n2.- Clorfeniramina Maleato\n\nAbsorción y distribución:\n\nSe absorbe fácilmente en el tracto gastrointestinal vía bucal y rectal y esto se demuestra al observar la respuesta a los 20 a 30 minutos después de la administración. Una vez absorbido se distribuye en todos los órganos: su biotransformación no ha sido bien estudiada pero se sabe que se destruye casi totalmente en el organismo principalmente en el hígado.\n\nEliminación:\n\nLos metabolitos no bien identificados así como una porción no transformada, se excretan en la orina, pasan algo a la leche materna y pueden producir sedación en el niño.\n\n3.- Pseudoefedrina Clorhidrato\n\nAbsorción y distribución:\n\nSe absorbe rápida y completamente después de la administración oral. Su volumen de distribución es de 2 a 3 l/kg de peso corporal.\n\nEliminación:\n\nCerda del 55 al 75% de una dosis se excreta inalterada a nivel renal. La velocidad de excreción aumenta en la orina ácida.\n\n&nbsp;\n<h6 class=""subtitulo""><a name=""mecanismo""></a>MECANISMO DE ACCIÓN:</h6>\n1.- Paracetamol\n\nAnalgésico:\n\nPuede actuar predominantemente inhibiendo la síntesis de prostaglandinas a nivel del SNC y en menor grado bloqueando la generación del impulso doloroso a nivel periférico. La acción periférica puede deberse también a la inhibición de la síntesis o de la acción de otras sustancias que sensibilizan los nocireceptores ante estímulos mecánicos o químicos.\n\nAntipirético:\n\nProbablemente produce la antipiresis actuando a nivel central sobre el centro hipotalámico regulador de la temperatura para producir una vasodilatación periférica que da lugar a un aumento de flujo de sangre en la piel, de sudoración y de pérdida de calor.\n\nLa acción a nivel central probablemente está relacionada con la inhibición de la síntesis de prostaglandinas en el hipotálamo.\n\n2.- Clorfeniramina Maleato\n\nLos efectos pueden reflejar el antagonismo de la histamina endógena liberada por neuronas histaminérgicas centrales. Los fármacos se unen con gran afinidad a receptores histamínicos H1 en el cerebro, impidiendo de esta manera la unión de ellos con el agonista, bloqueando así las respuestas de las células efectoras.\n\n3.- Pseudoefedrina Clorhidrato\n\nActúa sobre los receptores alfa-adrenérgicos de la mucosa del tracto respiratorio, produciendo vasoconstricción.\n\nEl medicamento contrae las membranas mucosas nasales inflamadas, reduce la hiperemia tisular, el edema y la congestión nasal y aumenta la permeabilidad de las vías respiratorias nasales. También puede aumentar el drenaje de las secreciones de los senos y abrir los conductos obstruidos de las trompas de Eustaquio.\n\n&nbsp;\n<h6 class=""subtitulo""><a name=""dosis""></a>DOSIS:</h6>\nNiños de 1 a 6 años: 15 gotas dos veces al día.\n\nNiños de 6 a 12 años: Cuarta cucharilla dos veces al día.\n\n&nbsp;\n<h6 class=""subtitulo""><a name=""indicaciones""></a>INDICACIONES:</h6>\nFludelta NF es un medicamento adecuado para el tratamiento de los síntomas del resfrío común, congestión nasal y la congestión simusoidal. En su fórmula contiene un antihistamínico, un descongestionante y un analgésico, los cuales están indicados para el alivio temporal de síntomas como la congestión nasal o sinusoidal, dolores de cabeza, mal estar general debido a resfriados, influenza o alergias.\n\n&nbsp;\n<h6 class=""subtitulo""><a name=""uso en embarazo y lactancia""></a>USO EN EMBARAZO Y LACTANCIA:</h6>\nEn mujeres embarazadas se deben evitar tratamientos de dosis altas y por tiempos prolongados.\n\nEn mujeres en período de lactancia, los antihistamínicos pueden causar excitación o irritabilidad en el infante amamantado.\n\n&nbsp;\n<h6 class=""subtitulo""><a name=""contraindicaciones""></a>CONTRAINDICACIONES:</h6>\nNo administrar a pacientes con antecedentes previos a hipersensibilidad a cualquiera de sus principis activos.\n\nNo administrar durante el embarzo y la lactancia.\n\n&nbsp;\n<h6 class=""subtitulo""><a name=""precauciones""></a>PRECAUCIONES:</h6>\nEvitar su uso prolongado e interrumpido, no administrarse con fármacos depresores centrales o estimulantes del SNC. Debe administrarse con precaución a pacientes con insuficiencia cardiaca o coronaria, diabetes e hipertensión arterial severa, se debe evitar el uso concomitante de bebidas alcohólicas durante el tratamiento.\n\n&nbsp;\n<h6 class=""subtitulo""><a name=""efectos adversos""></a>EFECTOS ADVERSOS:</h6>\nPuede producirse fenómenos de hipersensibilidad caraterizado por agranulocitosis, erupciones cutáneas y somnolencia; con menos frecuencia puede producir náuseas, vómitos y cefaleas; en algunos pacientes y en forma aislada se ha observado una suave sedación.\n\n&nbsp;\n<h6 class=""subtitulo""><a name=""interacciones medicamentosas""></a>INTERACCIONES  MEDICAMENTOSAS E INCOMPATIBILIDADES:</h6>\nNo administrar conjuntamente con alcohol, medicamentos hepatotóxidos, idantoína, aloperidol, glucósidos digitálicos, bloqueantes betaadrenérgicos, disulfirán, suplementos de hierro y litio.\n\n&nbsp;\n<h6 class=""subtitulo""><a name=""intoxicacion sintomas""></a>INTOXICACIÓN, SINTOMAS, TRATAMIENTO DE URGENCIA Y ANTIDOTOS:</h6>\n• Medidas generales: En caso de ingesta accidental deberán tomarse medidas generales de apoyo. El tratamiento consiste en inducir el vómito administrando jarabe de ipecacuana y/o la administración de carbón activado. Si no se puede inducir el vómito podrá hacerse lavado gástrico y administrar catárticos salinos a fin de diluir el contenido intestinal y favorecer la eliminación de los principios activos no absorbidos.\n\n• Tratamiento específico:\n\nClorfenamina: Si se presenta hipotensión administrar vasopresores, no usar adrenalina dado que puede producir mayor disminución de la presión sanguínea.\n\nAdministrar oxígeno y fluidos intravenosos.\n\nTener precaución con el uso de estimulantes (agentes analépticos) ya que pueden ocasionar convulsiones.\n\n• Cuando los síntomas son fundamentalmente referidos a intoxicación por pseudoefedrina HCl:\n\n- Administrar diazepam I.V. si se presenta delirio o convulsiones.\n\n- Monitorizar el corazón y efectuar mediciones de electrólitos séricos. Si aparecen signos de cardiotoxicidad, está indicada la administración de propranolol I.V.\n\n• De ocurrir hipocaliemia, ésta puede ser tratada, de ser necesario, con una infusión lenta de una solución de cloruro de potasio diluido, monitorizando simultáneamente las concentraciones séricas de potasio durante y por algunas horas después de la administración de cloruro de potasio.\n\n&nbsp;\n<h6 class=""subtitulo""><a name=""presentacion""></a>PRESENTACIÓN:</h6>\nFrasco por 30 ml.\n\nNota: Pacientes en los que se sospecha autosobredosificación intencional deberán ser derivados para asesoría psiquiátrica.","Delta > Suspensiones\, Jarabes y Gotas",,https://laboratoriosdelta.net/wp-content/uploads/2022/03/Fludelta-NF-gotas-copia.jpg,,no,yes,yes,,no,,,,no,,no,default,default,default,default,default,default,set
,"FLUDELTA NF SUSPENSION","<strong>SUSPENSIÓN</strong>\n\nAntigripal Infantil","<h6 class=""subtitulo"">ACCIÓN TERAPÉUTICA:</h6>\nAnalgésico, antipirético, descongestionante.\n\n&nbsp;\n<h6 class=""subtitulo""><a name=""propiedades farmacodinamicas""></a>PROPIEDADES FARMACODINAMICAS, FARMACOCINETICAS Y TOXICOLOGICAS:</h6>\n1.- Paracetamol\n\nAbsorción y distribución:\n\nSe absorbe por todas las vías, incluyendo la digestiva, siendo bases muy débiles se absorben algo en el estómago y muy rápidamente en el intestino. Una vez absorbido pasa a la sangre donde alcanza una concentración plasmática máxima a la hora a dos horas después de la ingestión. El 10% se combina con proteínas plasmáticas y el volumen de distribución es de alrededor de 1l/kg, es decir, que se distribuye especialmente en los líquidos extra é intracelulares. Su rápida biotransformación hace que los niveles plasmáticos desciendan por dosis repetidas.\n\nBiotransformación y excreción:\n\nEl paracetamol se transforma especialmente en los microsomas hepáticos. Aparece en la orina, libre en un 5% y conjugado con ácidos glucorónicos cerca al 85%. Una pequeña parte se transforma en p-aminofenol, sustancia responsable de la producción de meta hemoglobinemia, pues se transforma en quinonimia que forma con aquella sustancia un sistema de óxido-reducción en forma tal que el oxigeno implicado oxida la hemoglobina. Por otra parte el paracetamol puede oxidarse por el citocromo P450 y dar lugar a una hidroxilamina que es la responsable de la necrosis hepática a dosis tóxicas. La biotransformación y excreción urinaria de metabolitos son rápidas y pueden impartir a la orina un color rojo parduzco.\n\nLa vida media del paracetamol es de 2.5 horas.\n\n2.- Clorfeniramina Maleato\n\nAbsorción y distribución:\n\nSe absorbe fácilmente en el tracto gastrointestinal vía bucal y rectal y esto se demuestra al observar la respuesta a los 20 a 30 minutos después de la administración. Una vez absorbido se distribuye en todos los órganos: su biotransformación no ha sido bien estudiada pero se sabe que se destruye casi totalmente en el organismo principalmente en el hígado.\n\nEliminación:\n\nLos metabolitos no bien identificados así como una porción no transformada, se excretan en la orina, pasan algo a la leche materna y pueden producir sedación en el niño.\n\n3.- Pseudoefedrina Clorhidrato\n\nAbsorción y distribución:\n\nSe absorbe rápida y completamente después de la administración oral. Su volumen de distribución es de 2 a 3 l/kg de peso corporal.\n\nEliminación:\n\nCerda del 55 al 75% de una dosis se excreta inalterada a nivel renal. La velocidad de excreción aumenta en la orina ácida.\n\n&nbsp;\n<h6 class=""subtitulo""><a name=""mecanismo""></a>MECANISMO DE ACCIÓN:</h6>\n1.- Paracetamol\n\nAnalgésico:\n\nPuede actuar predominantemente inhibiendo la síntesis de prostaglandinas a nivel del SNC y en menor grado bloqueando la generación del impulso doloroso a nivel periférico. La acción periférica puede deberse también a la inhibición de la síntesis o de la acción de otras sustancias que sensibilizan los nocireceptores ante estímulos mecánicos o químicos.\n\nAntipirético:\n\nProbablemente produce la antipiresis actuando a nivel central sobre el centro hipotalámico regulador de la temperatura para producir una vasodilatación periférica que da lugar a un aumento de flujo de sangre en la piel, de sudoración y de pérdida de calor.\n\nLa acción a nivel central probablemente está relacionada con la inhibición de la síntesis de prostaglandinas en el hipotálamo.\n\n2.- Clorfeniramina Maleato\n\nLos efectos pueden reflejar el antagonismo de la histamina endógena liberada por neuronas histaminérgicas centrales. Los fármacos se unen con gran afinidad a receptores histamínicos H1 en el cerebro, impidiendo de esta manera la unión de ellos con el agonista, bloqueando así las respuestas de las células efectoras.\n\n3.- Pseudoefedrina Clorhidrato\n\nActúa sobre los receptores alfa-adrenérgicos de la mucosa del tracto respiratorio, produciendo vasoconstricción.\n\nEl medicamento contrae las membranas mucosas nasales inflamadas, reduce la hiperemia tisular, el edema y la congestión nasal y aumenta la permeabilidad de las vías respiratorias nasales. También puede aumentar el drenaje de las secreciones de los senos y abrir los conductos obstruidos de las trompas de Eustaquio.\n<h6></h6>\n<h6 class=""subtitulo""><a name=""dosis""></a>DOSIS:</h6>\nNiños de 1 a 6 años: 15 gotas dos veces al día.\n\nNiños de 6 a 12 años: Cuarta cucharilla dos veces al día.\n\n&nbsp;\n<h6 class=""subtitulo""><a name=""indicaciones""></a>INDICACIONES:</h6>\nFludelta NF es un medicamento adecuado para el tratamiento de los síntomas del resfrío común, congestión nasal y la congestión simusoidal. En su fórmula contiene un antihistamínico, un descongestionante y un analgésico, los cuales están indicados para el alivio temporal de síntomas como la congestión nasal o sinusoidal, dolores de cabeza, mal estar general debido a resfriados, influenza o alergias.\n\n&nbsp;\n<h6 class=""subtitulo""><a name=""uso en embarazo y lactancia""></a>USO EN EMBARAZO Y LACTANCIA:</h6>\nEn mujeres embarazadas se deben evitar tratamientos de dosis altas y por tiempos prolongados.\n\nEn mujeres en período de lactancia, los antihistamínicos pueden causar excitación o irritabilidad en el infante amamantado.\n\n&nbsp;\n<h6 class=""subtitulo""><a name=""contraindicaciones""></a>CONTRAINDICACIONES:</h6>\nNo administrar a pacientes con antecedentes previos a hipersensibilidad a cualquiera de sus principis activos.\n\nNo administrar durante el embarzo y la lactancia.\n\n&nbsp;\n<h6 class=""subtitulo""><a name=""precauciones""></a>PRECAUCIONES:</h6>\nEvitar su uso prolongado e interrumpido, no administrarse con fármacos depresores centrales o estimulantes del SNC. Debe administrarse con precaución a pacientes con insuficiencia cardiaca o coronaria, diabetes e hipertensión arterial severa, se debe evitar el uso concomitante de bebidas alcohólicas durante el tratamiento.\n\n&nbsp;\n<h6 class=""subtitulo""><a name=""efectos adversos""></a>EFECTOS ADVERSOS:</h6>\nPuede producirse fenómenos de hipersensibilidad caraterizado por agranulocitosis, erupciones cutáneas y somnolencia; con menos frecuencia puede producir náuseas, vómitos y cefaleas; en algunos pacientes y en forma aislada se ha observado una suave sedación.\n\n&nbsp;\n<h6 class=""subtitulo""><a name=""interacciones medicamentosas""></a>INTERACCIONES  MEDICAMENTOSAS E INCOMPATIBILIDADES:</h6>\nNo administrar conjuntamente con alcohol, medicamentos hepatotóxidos, idantoína, aloperidol, glucósidos digitálicos, bloqueantes betaadrenérgicos, disulfirán, suplementos de hierro y litio.\n\n&nbsp;\n<h6 class=""subtitulo""><a name=""intoxicacion sintomas""></a>INTOXICACIÓN, SINTOMAS, TRATAMIENTO DE URGENCIA Y ANTIDOTOS:</h6>\n• Medidas generales: En caso de ingesta accidental deberán tomarse medidas generales de apoyo. El tratamiento consiste en inducir el vómito administrando jarabe de ipecacuana y/o la administración de carbón activado. Si no se puede inducir el vómito podrá hacerse lavado gástrico y administrar catárticos salinos a fin de diluir el contenido intestinal y favorecer la eliminación de los principios activos no absorbidos.\n\n• Tratamiento específico:\n\nClorfenamina: Si se presenta hipotensión administrar vasopresores, no usar adrenalina dado que puede producir mayor disminución de la presión sanguínea.\n\nAdministrar oxígeno y fluidos intravenosos.\n\nTener precaución con el uso de estimulantes (agentes analépticos) ya que pueden ocasionar convulsiones.\n\n• Cuando los síntomas son fundamentalmente referidos a intoxicación por pseudoefedrina HCl:\n\n- Administrar diazepam I.V. si se presenta delirio o convulsiones.\n\n- Monitorizar el corazón y efectuar mediciones de electrólitos séricos. Si aparecen signos de cardiotoxicidad, está indicada la administración de propranolol I.V.\n\n• De ocurrir hipocaliemia, ésta puede ser tratada, de ser necesario, con una infusión lenta de una solución de cloruro de potasio diluido, monitorizando simultáneamente las concentraciones séricas de potasio durante y por algunas horas después de la administración de cloruro de potasio.\n\n&nbsp;\n<h6 class=""subtitulo""><a name=""presentacion""></a>PRESENTACIÓN:</h6>\nFrasco por 30 ml.\n\nNota: Pacientes en los que se sospecha autosobredosificación intencional deberán ser derivados para asesoría psiquiátrica.","Delta > Suspensiones\, Jarabes y Gotas",,https://laboratoriosdelta.net/wp-content/uploads/2022/03/Fludelta-NF-jarabe-copia.jpg,,no,yes,yes,,no,,,,no,,no,default,default,default,default,default,default,set
,"GUAYDEL JARABE 100mg/5ml","<strong>JARABE</strong>\n\nExpectorante","<h6 class=""subtitulo"">FORMA FARMACÉUTICA Y FORMULACIÓN:</h6>\n<table>\n<tbody>\n<tr>\n<td colspan=""2"">Cada 5 ml contiene:</td>\n</tr>\n<tr>\n<td>Guayacolato de Glicerilo</td>\n<td>100 mg</td>\n</tr>\n<tr>\n<td>Excipientes</td>\n<td>c.s.</td>\n</tr>\n</tbody>\n</table>\n&nbsp;\n<h6 class=""subtitulo""><a name=""formula""></a>DESCRIPCIÓN:</h6>\nExpectorante.\n\n&nbsp;\n<h6 class=""subtitulo""><a name=""formula""></a>INDICACIONES TERAPÉUTICAS:</h6>\nGUAYDEL es un excelente expectorante para el alivio sintomático de la tos.\n\n&nbsp;\n<h6 class=""subtitulo""><a name=""formula""></a>CONTRAINDICACIONES:</h6>\nEn pacientes con hipersensibilidad al principio activo.\n\n&nbsp;\n<h6 class=""subtitulo""><a name=""formula""></a>PRECAUCIONES GENERALES:</h6>\nDurante el embarazo o cuando se sospeche de su existencia, lactancia.\nEn diagnostico puede interferir en los resultados de prueba al determinar el ácido 5-hidroxiindol acético (5-HIAA) en orina aumentando falsamente cuando se usa el reactivo nitroso-naftol debido a la interferencia en el color de los metabolitos de la guaifenesina. También interfiere al determinar el ácido vanilmandelico (VMA) en orina.\n\n&nbsp;\n<h6 class=""subtitulo""><a name=""formula""></a>REACCIONES SECUNDARIAS Y ADVERSAS:</h6>\nPodría presentarse con menor frecuencia: diarrea, somnolencia, náuseas o vómitos, dolor del estómago.\nGUAYDEL es un medicamento muy bien tolerado que no se acumula, no produce hábito y no da origen a reacciones irritativas del tracto digestivo.\nRequiere atención médica solo si persisten o son muy molestos estos síntomas.\n\n&nbsp;\n<h6 class=""subtitulo""><a name=""formula""></a>INTERACCIONES MEDICAMENTOSAS Y DE OTRO GENERO:</h6>\nGUAYDEL puede asociarse con antibióticos, broncodilatadores, glucósidos cardiacos o corticosteroides; no presentando interacciones medicamentosas.\n\n&nbsp;\n<h6 class=""subtitulo""><a name=""formula""></a>DOSIS Y VÍA DE ADMINISTRACIÓN:</h6>\n<b><strong>Dosis</strong></b>:\n<i><em>Adultos</em></i>: Dos a cuatro cucharilas cada cuatro horas.\n<i><em>Niños de 6 a 12 años</em></i>: Una a dos cucharillas cada cuatro horas.\n<i><em>Niños menores de 6 años</em></i>: Media a una cucharilla cada cuatro horas.\n\n&nbsp;\n<h6 class=""subtitulo""><a name=""formula""></a>PRESENTACIONES:</h6>\nFrasco por 100 ml.","Delta > Suspensiones\, Jarabes y Gotas",,https://laboratoriosdelta.net/wp-content/uploads/2022/03/Guaydel-jarabe-copia.jpg,,no,yes,yes,,no,,,,no,,no,default,default,default,default,default,default,set
,"IBUPROFENO SUSPENSION 100mg/5ml","<strong>SUSPENSIÓN</strong>\nAnalgésico, antiinflamatorio y antipirético\n\n&nbsp;","<h6 class=""subtitulo"">FORMA FARMACÉUTICA Y FORMULACIÓN:</h6>\n<table>\n<tbody>\n<tr>\n<td colspan=""2"">Cada 5 ml contiene:</td>\n</tr>\n<tr>\n<td>Ibuprofeno</td>\n<td>100 mg</td>\n</tr>\n<tr>\n<td>Excipientes</td>\n<td>c.s.</td>\n</tr>\n</tbody>\n</table>\n&nbsp;\n<h6 class=""subtitulo""><a name=""formula""></a>DESCRIPCIÓN:</h6>\nAntipirético. Antiinflamatorio.\n\n&nbsp;\n<h6 class=""subtitulo""><a name=""formula""></a>INDICACIONES TERAPÉUTICAS:</h6>\nIbuprofeno está indicado para tratar estados febriles de origen viral, bacteriano u otra etiología en niños desde uno a doce años y por su cómoda administración en adultos para el tratamiento además de: lesiones músculo –esqueléticas agudas, dismenorrea, osteoartritis, espondilitis anquilosante.\n\n&nbsp;\n<h6 class=""subtitulo""><a name=""formula""></a>CONTRAINDICACIONES:</h6>\nPacientes con antecedentes de hipersensibilidad al ibuprofeno, úlcera péptica activa y depresión de la médula ósea.\n\n&nbsp;\n<h6 class=""subtitulo""><a name=""formula""></a>PRECAUCIONES GENERALES:</h6>\nPacientes con diabetes mellitus, trastornos gastrointestinales, insuficiencia hepática y/o renal, embarazo, lactancia y menores de doce meses.\n\n&nbsp;\n<h6 class=""subtitulo""><a name=""formula""></a>REACCIONES SECUNDARIAS Y ADVERSAS:</h6>\nLos efectos adversos más frecuentes son a nivel gastrointestinal: náuseas, dolor epigástrico, diarrea, cólico, constipación y flatulencia.\nOcasionalmente se presenta a nivel del sistema nerviosos central: mareos, cefalea, excitación central (nerviosismo) y a nivel renal: cistitis, poliurea, azotemia o uremia.\n\n&nbsp;\n<h6 class=""subtitulo""><a name=""formula""></a>INTERACCIONES MEDICAMENTOSAS Y DE OTRO GENERO:</h6>\nEl uso de ibuprofeno puede producir hipersensibilida al ácido acetil salicílico o a otros antiinflamatorios no esteroideos como litio, digitálicos y corticoides.\n\n&nbsp;\n<h6 class=""subtitulo""><a name=""formula""></a>DOSIS Y VÍA DE ADMINISTRACIÓN:</h6>\nPara el tratamiento de la fiebre y dolores moderados en niños hasta 12 años se sugiere:\n<b><strong>Fiebre &lt; a 39°C</strong></b>: 5 mg/kg peso, 3 – 4 veces al día.\n<b><strong>Fiebre &gt; a 39°C</strong></b>: 10 mg/kg peso, 3 – 4 veces al día.\n<b><strong>Adultos</strong></b>: 5 ml cada seis hora.\nLa prescripción usual límite para adultos es de 3.200 mg al día.\n\n&nbsp;\n<h6 class=""subtitulo""><a name=""formula""></a>PRESENTACIÓN:</h6>\nFrasco por 100 ml.\n\n&nbsp;\n<h6>REGISTRO SANITARIO:</h6>\nNN-35129/2014","Delta > Suspensiones\, Jarabes y Gotas",,,,no,yes,yes,,no,,,,no,,no,default,default,default,,,,
,"IBUPROFENO SUSPENSION 200mg/5ml","<strong>SUSPENSIÓN</strong>\nAnalgésico, antiinflamatorio y antipirético","<h6 class=""subtitulo"">FORMA FARMACÉUTICA Y FORMULACIÓN:</h6>\n<table>\n<tbody>\n<tr>\n<td colspan=""2"">Cada 5 ml contiene:</td>\n</tr>\n<tr>\n<td>Ibuprofeno</td>\n<td>200 mg</td>\n</tr>\n<tr>\n<td>Excipientes</td>\n<td>c.s.</td>\n</tr>\n</tbody>\n</table>\n<h6></h6>\n<h6 class=""subtitulo""><a name=""formula""></a>DESCRIPCIÓN:</h6>\nAntipirético. Antiinflamatorio.\n\n&nbsp;\n<h6 class=""subtitulo""><a name=""formula""></a>INDICACIONES TERAPÉUTICAS:</h6>\nIbuprofeno está indicado para tratar estados febriles de origen viral, bacteriano u otra etiología en niños desde uno a doce años y por su cómoda administración en adultos para el tratamiento además de: lesiones músculo –esqueléticas agudas, dismenorrea, osteoartritis, espondilitis anquilosante.\n\n&nbsp;\n<h6 class=""subtitulo""><a name=""formula""></a>CONTRAINDICACIONES:</h6>\nPacientes con antecedentes de hipersensibilidad al ibuprofeno, úlcera péptica activa y depresión de la médula ósea.\n\n&nbsp;\n<h6 class=""subtitulo""><a name=""formula""></a>PRECAUCIONES GENERALES:</h6>\nPacientes con diabetes mellitus, trastornos gastrointestinales, insuficiencia hepática y/o renal, embarazo, lactancia y menores de doce meses.\n\n&nbsp;\n<h6 class=""subtitulo""><a name=""formula""></a>REACCIONES SECUNDARIAS Y ADVERSAS:</h6>\nLos efectos adversos más frecuentes son a nivel gastrointestinal: náuseas, dolor epigástrico, diarrea, cólico, constipación y flatulencia.\nOcasionalmente se presenta a nivel del sistema nerviosos central: mareos, cefalea, excitación central (nerviosismo) y a nivel renal: cistitis, poliurea, azotemia o uremia.\n\n&nbsp;\n<h6 class=""subtitulo""><a name=""formula""></a>INTERACCIONES MEDICAMENTOSAS Y DE OTRO GENERO:</h6>\nEl uso de ibuprofeno puede producir hipersensibilidad al ácido acetil salicílico o a otros antiinflamatorios no esteroideos como litio, digitálicos y corticoides.\n\n&nbsp;\n<h6 class=""subtitulo""><a name=""formula""></a>DOSIS Y VÍA DE ADMINISTRACIÓN:</h6>\nPara el tratamiento de la fiebre y dolores moderados en niños hasta 12 años se sugiere:\n<b><strong>Fiebre &lt; a 39°C</strong></b>: 5 mg/kg peso, 3 – 4 veces al día.\n<b><strong>Fiebre &gt; a 39°C</strong></b>: 10 mg/kg peso, 3 – 4 veces al día.\n<b><strong>Adultos</strong></b>: 5 ml cada seis hora.\nLa prescripción usual límite para adultos es de 3.200 mg al día.\n\n&nbsp;\n<h6 class=""subtitulo""><a name=""formula""></a>PRESENTACIONES:</h6>\nFrasco por 100 ml.\n\n&nbsp;\n<h6 class=""subtitulo""><a name=""formula""></a>REGISTRO SANITARIO:</h6>\nNN-35129/2014","Delta > Suspensiones\, Jarabes y Gotas",,https://laboratoriosdelta.net/wp-content/uploads/2022/03/Ibuprofeno-200-mg-2.jpg,,no,yes,yes,,no,,,,no,,no,default,default,default,,,,
,"MEBENDAZOL SUSPENSION 100mg/5ml","<strong>SUSPENSIÓN</strong>\nAntihelmíntico","<h6 class=""subtitulo"">FORMA FARMACÉUTICA Y FORMULACIÓN:</h6>\n<table>\n<tbody>\n<tr>\n<td colspan=""2"">Cada 5 ml contiene:</td>\n</tr>\n<tr>\n<td>Mebendazol</td>\n<td>100 mg</td>\n</tr>\n<tr>\n<td>Excipientes</td>\n<td>c.s.</td>\n</tr>\n</tbody>\n</table>\n&nbsp;\n<h6 class=""subtitulo""><a name=""formula""></a>DESCRIPCIÓN:</h6>\nAntihelmíntico.\n\n&nbsp;\n<h6 class=""subtitulo""><a name=""formula""></a>INDICACIONES TERAPÉUTICAS:</h6>\nMebendazol por ser un antihelmíntico de amplio espectro, está indicado como fármaco de primera elección para el tratamiento de parasitosis intestinal producida por <i><em>Ascaris lumbricoides</em></i> (lombriz común), <i><em>Enterobiasis</em></i> causada por <i><em>Enterobius vermicularis</em></i> (<i><em>Oxiuros vermicularis</em></i>), Tricuriasis causada por <i><em>Trichuris trichiura</em></i> y Uncinariasis causada por <i><em>Ancylostoma duodenale</em></i>.\nMebendazol también está indicado en el tratamiento de infestaciones helmínticas múltiples.\n\n&nbsp;\n<h6 class=""subtitulo""><a name=""formula""></a>CONTRAINDICACIONES:</h6>\nEn pacientes con hipersensibilidad a los benzoimidazoles.\n\n&nbsp;\n<h6 class=""subtitulo""><a name=""formula""></a>PRECAUCIONES GENERALES:</h6>\nDurante el embarazo, lactancia, insuficiencia hepática (el mebendazol se metaboliza principalmente en el hígado; se prolonga la vida media; puede ser hepatotóxico con dosis elevadas) y colitis ulcerativa (puede aumentar la absorción y la toxicidad del mebendazol, especialmente en la terapia a dosis elevadas).\n\n&nbsp;\n<h6 class=""subtitulo""><a name=""formula""></a>REACCIONES SECUNDARIAS Y ADVERSAS:</h6>\nPodría presentar con incidencia menos frecuente o rara: dolor o molestias abdominal, diarrea, mareos, cefalea, fiebre, náuseas o vómitos, rash cutáneo o prurito, reacciones de hipersensibilidad, tinitus.\n\n&nbsp;\n<h6 class=""subtitulo""><a name=""formula""></a>INTERACCIONES MEDICAMENTOSAS Y DE OTRO GENERO:</h6>\nNo administrar Mebendazol simultáneamente con carbamazepina ni fenitoína en pacientes con enfermedad hidatídica ya que se ha demostrado que la carbamazepina disminuye las concentraciones plasmáticas de mebendazol por inducción de las enzimas microsomales hepáticas y que altera la respuesta terapéutica; si la carbamazepina se utiliza para las crisis convulsivas, se recomienda la sustitución con ácido valproico; el tratamiento de los helmintos intestinales como tricocéfalos anquilostomas no parece afectarse por el metabolismo hepático del mebendazol.\n\n&nbsp;\n<h6 class=""subtitulo""><a name=""formula""></a>DOSIS Y VÍA DE ADMINISTRACIÓN:</h6>\n<b><strong>Dosis Adultos y mayores de dos años</strong></b>: Tratamiento de Ascariasis, Trichuriasis o Uncinariasis: Una cucharilla dos veces al día, por la mañana y por la noche durante tres días, se puede repetir la dosis a las dos o tres semanas si fuera necesario.\n<b><strong>Tratamiento de Enterobiasis</strong></b>: Una cucharilla como dosis única, se recomienda en este caso tratar todo el núcleo familiar y repetir el tratamiento luego de dos a tres semanas.\n\n&nbsp;\n<h6 class=""subtitulo""><a name=""formula""></a>PRESENTACIONES:</h6>\nFrasco por 30 ml.","Delta > Suspensiones\, Jarabes y Gotas",,,,no,yes,yes,,no,,,,no,,no,default,default,default,,,,
,"METOCLOPRAMIDA GOTAS 5mg/ml","<strong>GOTAS</strong>\nAntihemético\n\n&nbsp;","<h6 class=""subtitulo"">FORMA FARMACÉUTICA Y FORMULACIÓN:</h6>\n<table>\n<tbody>\n<tr>\n<td colspan=""2"">Cada ml contiene:</td>\n</tr>\n<tr>\n<td>Metoclopramida base</td>\n<td>5 mg</td>\n</tr>\n<tr>\n<td>Excipientes</td>\n<td>c.s.</td>\n</tr>\n</tbody>\n</table>\n<h6></h6>\n<h6 class=""subtitulo""><a name=""formula""></a>DESCRIPCIÓN:</h6>\nAntihemético.\n\n&nbsp;\n<h6 class=""subtitulo""><a name=""formula""></a>INDICACIONES TERAPÉUTICAS:</h6>\nEstá indicado en casos de vómitos y reflujo gastroesofágico.\n\n&nbsp;\n<h6 class=""subtitulo""><a name=""formula""></a>CONTRAINDICACIONES:</h6>\nDurante el embarazo, obstrucción o perforación gastrointestinal, feocromocitoma, durante el embarazo, epilepsia é hipersensibilidad al medicamento.\n\n&nbsp;\n<h6 class=""subtitulo""><a name=""formula""></a>PRECAUCIONES GENERALES:</h6>\nDebe emplearse con sumo cuidado durante la lactancia, asma, hipertensión arterial, insuficiencia hepática, enfermedad de Parkinson, insuficiencia renal crónica severa. Produce somnolencia por lo que se debe evitar conducir vehículos o manejar maquinaria pesada durante el tratamiento.\n\n&nbsp;\n<h6 class=""subtitulo""><a name=""formula""></a>REACCIONES SECUNDARIAS Y ADVERSAS:</h6>\nPodría presentar efectos extrapiramidales, confusión mental, somnolencia, inquietud, hiperprolactinemia, alteraciones menstruales, impotencia, reacciones de hipersensibilidad, diarrea o constipación.\n\n&nbsp;\n<h6 class=""subtitulo""><a name=""formula""></a>INTERACCIONES MEDICAMENTOSAS Y DE OTRO GENERO:</h6>\nLas siguientes interacciones con medicamentos y/o problemas asociados se han seleccionado en función de su posible importancia clínica.\nMetoclopramida interacciona con el alcohol, opiáceos, bromocriptina, depresores del SNC, antimuscarínicos, fármacos que producen reacciones extrapiramidales.\n\n&nbsp;\n<h6 class=""subtitulo""><a name=""formula""></a>DOSIS Y VÍA DE ADMINISTRACIÓN:</h6>\n<b><strong>Dosis Adultos</strong></b>: 50 gotas 15 a 30 minutos antes de cada comida.\n<b><strong>Dosis Pediátrica</strong></b>: 10 a 25 gotas 15 a 30 minutos antes de cada comida.\n\n&nbsp;\n<h6 class=""subtitulo""><a name=""formula""></a>PRESENTACIONES:</h6>\nFrasco por 30 ml.","Delta > Suspensiones\, Jarabes y Gotas",,,,no,yes,yes,,no,,,,no,,no,default,default,default,,,,
,"NISTATINA GOTAS 100.000 UI/ml","<strong>GOTAS</strong>\nAntimicótico","<h6 class=""subtitulo"">FORMA FARMACÉUTICA Y FORMULACIÓN:</h6>\n<table>\n<tbody>\n<tr>\n<td colspan=""2"">Cada 5 ml contiene:</td>\n</tr>\n<tr>\n<td>Nistatina</td>\n<td>500.000 UI</td>\n</tr>\n<tr>\n<td>Excipientes</td>\n<td>c.s.</td>\n</tr>\n</tbody>\n</table>\n<h6></h6>\n<h6 class=""subtitulo""><a name=""formula""></a>DESCRIPCIÓN:</h6>\nAntimicótico.\n\n&nbsp;\n<h6 class=""subtitulo""><a name=""formula""></a>INDICACIONES TERAPÉUTICAS:</h6>\nNistatina es un antimicótico utilizado sobre todo para el tratamiento de Candidiasis no sistémica.\n\n&nbsp;\n<h6 class=""subtitulo""><a name=""formula""></a>CONTRAINDICACIONES:</h6>\nHipersensibilidad al medicamento.\n\n&nbsp;\n<h6 class=""subtitulo""><a name=""formula""></a>PRECAUCIONES GENERALES:</h6>\nNinguna descrita.\n\n&nbsp;\n<h6 class=""subtitulo""><a name=""formula""></a>REACCIONES SECUNDARIAS Y ADVERSAS:</h6>\nPodría presentar: náuseas y vómitos.\n\n&nbsp;\n<h6 class=""subtitulo""><a name=""formula""></a>INTERACCIONES MEDICAMENTOSAS Y DE OTRO GENERO:</h6>\nNo descritas.\n\n&nbsp;\n<h6 class=""subtitulo""><a name=""formula""></a>DOSIS Y VÍA DE ADMINISTRACIÓN:</h6>\n<b><strong>Dosis Adultos</strong></b>: Una cucharilla (5 ml) cada seis horas.\n<b><strong>Lactantes mayores</strong></b>: Dos ml cada seis horas.\n<b><strong>Prematuros</strong></b>: Un ml cada seis horas.\nEl tratamiento dura según la evolución de la patología, sin embargo debe continuarse el tratamiento hasta 48 horas después de la curación clínica.\n\n&nbsp;\n<h6 class=""subtitulo""><a name=""formula""></a>PRESENTACIÓN:</h6>\nFrasco por 30 ml.","Delta > Suspensiones\, Jarabes y Gotas",,,,no,yes,yes,,no,,,,no,,no,default,default,default,,,,
,"NISTATINA SUSPENSION 500.000 UI/5ml","<strong>SUSPENSIÓN</strong>\nAntimicótico\n\n&nbsp;","<h6 class=""subtitulo"">FORMA FARMACÉUTICA Y FORMULACIÓN:</h6>\n<table>\n<tbody>\n<tr>\n<td colspan=""2"">Cada 5 ml contiene:</td>\n</tr>\n<tr>\n<td>Nistatina</td>\n<td>500.000 UI</td>\n</tr>\n<tr>\n<td>Excipientes</td>\n<td>c.s.</td>\n</tr>\n</tbody>\n</table>\n&nbsp;\n<h6 class=""subtitulo""><a name=""formula""></a>DESCRIPCIÓN:</h6>\nAntimicótico.\n\n&nbsp;\n<h6 class=""subtitulo""><a name=""formula""></a>INDICACIONES TERAPÉUTICAS:</h6>\nNistatina es un antimicótico utilizado sobre todo para el tratamiento de Candidiasis no sistémica.\n\n&nbsp;\n<h6 class=""subtitulo""><a name=""formula""></a>CONTRAINDICACIONES:</h6>\nHipersensibilidad al medicamento.\n\n&nbsp;\n<h6 class=""subtitulo""><a name=""formula""></a>PRECAUCIONES GENERALES:</h6>\nNinguna descrita.\n\n&nbsp;\n<h6 class=""subtitulo""><a name=""formula""></a>REACCIONES SECUNDARIAS Y ADVERSAS:</h6>\nPodría presentar: náuseas y vómitos.\n\n&nbsp;\n<h6 class=""subtitulo""><a name=""formula""></a>INTERACCIONES MEDICAMENTOSAS Y DE OTRO GENERO:</h6>\nNo descritas.\n\n&nbsp;\n<h6 class=""subtitulo""><a name=""formula""></a>DOSIS Y VÍA DE ADMINISTRACIÓN:</h6>\n<b><strong>Dosis Adultos</strong></b>: Una cucharilla (5 ml) cada seis horas.\n<b><strong>Lactantes mayores</strong></b>: Dos ml cada seis horas.\n<b><strong>Prematuros</strong></b>: Un ml cada seis horas.\nEl tratamiento dura según la evolución de la patología, sin embargo debe continuarse el tratamiento hasta 48 horas después de la curación clínica.\n\n&nbsp;\n<h6 class=""subtitulo""><a name=""formula""></a>PRESENTACIÓN:</h6>\nFrasco por 60 ml.","Delta > Suspensiones\, Jarabes y Gotas",,,,no,yes,yes,,no,,,,no,,no,default,default,default,,,,
,"PARACETAMOL GOTAS 100mg/ml","<strong>GOTAS</strong>\nAnalgésico antipirético","<h6 class=""subtitulo"">FORMA FARMACÉUTICA Y FORMULACIÓN:</h6>\n<table>\n<tbody>\n<tr>\n<td colspan=""2"">Cada ml contiene:</td>\n</tr>\n<tr>\n<td>Paracetamol</td>\n<td>100 mg</td>\n</tr>\n<tr>\n<td>Excipientes</td>\n<td>c.s.</td>\n</tr>\n</tbody>\n</table>\n<h6></h6>\n<h6 class=""subtitulo""><a name=""formula""></a>DESCRIPCIÓN:</h6>\nAnalgésico Antipirético.\n\n&nbsp;\n<h6 class=""subtitulo""><a name=""formula""></a>INDICACIONES TERAPÉUTICAS:</h6>\nParacetamol calma el dolor y baja la fiebre en procesos sintomáticos donde existen molestias, reacciones dolorosas y febriles debidas a vacunación, dentición, cefaleas, neuralgias, odontalgias y dolores traumáticos no intensos.\n\n&nbsp;\n<h6 class=""subtitulo""><a name=""formula""></a>CONTRAINDICACIONES:</h6>\nHipersensibilidad al medicamento.\n\n&nbsp;\n<h6 class=""subtitulo""><a name=""formula""></a>PRECAUCIONES GENERALES:</h6>\nEn niños menores de dos años debe usarse bajo vigilancia médica debido al riesgo de daño hepático.\n\n&nbsp;\n<h6 class=""subtitulo""><a name=""formula""></a>REACCIONES GENERALES Y ADVERSAS:</h6>\nCon mayor frecuencia puede producir somnolencia, cólico renal, nerviosismo, euforia, hepatotoxicidad, mareos, erupciones cutáneas; menos frecuentes: náuseas, vómitos, agranulocitosis, anemia hemolítica, metahemoglobinemia, necrosis papilar renal, encefalopatía hepática.\n\n&nbsp;\n<h6 class=""subtitulo""><a name=""formula""></a>INTERACCIONES MEDICAMENTOSAS Y DE OTRO GENERO:</h6>\nNo administrar conjuntamente con alcohol, medicamentos hepatotóxidos, idantoína, aloperidol, glucósidos digitálicos, bloqueantes betaadrenérgicos, disulfirán, suplementos de hierro y litio.\n\n&nbsp;\n<h6 class=""subtitulo""><a name=""formula""></a>DOSIS Y VÍA DE ADMINISTRACIÓN:</h6>\n<b><strong>Niños menores de un año y lactantes</strong></b>: 30 gotas cada 4 a 6 horas o según prescripción del médico.\n<b><strong>Niños de uno a tres años</strong></b>: 40 gotas cada 6 horas.\n<b><strong>Niños de tres a cinco años</strong></b>: 50 gotas cada 6 horas.\n\n&nbsp;\n<h6 class=""subtitulo""><a name=""formula""></a>PRESENTACIÓN:</h6>\nFrasco por 15 ml.","Delta > Suspensiones\, Jarabes y Gotas",,,,no,yes,yes,,no,,,,no,,no,default,default,default,,,,
,"PARACETAMOL JARABE 125mg/5ml","<strong>JARABE</strong>\nAnalgésico antipirético","<h6 class=""subtitulo"">FORMA FARMACÉUTICA Y FORMULACIÓN:</h6>\n<table>\n<tbody>\n<tr>\n<td colspan=""2"">Cada 5 ml contiene:</td>\n</tr>\n<tr>\n<td>Paracetamol</td>\n<td>125 mg</td>\n</tr>\n<tr>\n<td>Excipientes</td>\n<td>c.s.</td>\n</tr>\n</tbody>\n</table>\n<h6></h6>\n<h6 class=""subtitulo""><a name=""formula""></a>DESCRIPCIÓN:</h6>\nAnalgésico. Antipirético.\n\n&nbsp;\n<h6 class=""subtitulo""><a name=""formula""></a>INDICACIONES TERAPÉUTICAS:</h6>\nParacetamol calma el dolor y baja la fiebre en procesos donde existen molestias, reacciones dolorosas y febriles debidas a vacunación, dentición, cefaleas, neuralgias, odontalgias y dolores traumáticos no intensos.\n\n&nbsp;\n<h6 class=""subtitulo""><a name=""formula""></a>CONTRAINDICACIONES:</h6>\nHipersensibilidad al medicamento.\n\n&nbsp;\n<h6 class=""subtitulo""><a name=""formula""></a>PRECAUCIONES GENERALES:</h6>\n<b><strong>Paracetamol 125 mg/5 ml</strong></b>: En niños menores de dos años debe usarse bajo vigilancia médica debido al riesgo de daño hepático.<b><strong>\n</strong></b>\n\n&nbsp;\n<h6 class=""subtitulo""><a name=""formula""></a>REACCIONES SECUNDARIAS Y ADVERSAS:</h6>\nCon mayor frecuencia puede producir somnolencia, cólico renal, nerviosismo, euforia, hepatotoxicidad, mareos, erupciones cutáneas; menos frecuentes: náuseas, vómitos, agranulocitosis, anemia hemolítica, metahemoglobinemia, necrosis papilar renal, encefalopatía hepática.\n\n&nbsp;\n<h6 class=""subtitulo""><a name=""formula""></a>INTERACCIONES MEDICAMENTOSAS Y DE OTRO GENERO:</h6>\nNo administrar conjuntamente con alcohol, medicamentos hepatotóxidos, idantoína, aloperidol, glucósidos digitálicos, bloqueantes betaadrenérgicos, disulfirán, suplementos de hierro y litio.\n\n&nbsp;\n<h6 class=""subtitulo""><a name=""formula""></a>DOSIS Y VÍA DE ADMINISTRACIÓN:</h6>\n<b><strong>Paracetamol 125 mg/5 ml</strong></b>:\n<i><em>Niños</em></i>: 30 mg – 40 mg/Kg peso/día fraccionada cada 4 a 6 horas.\n<i><em>Adultos</em></i>: 500 mg cada 4 a 6 horas.<b><strong>\n</strong></b>\n\n&nbsp;\n<h6 class=""subtitulo""><a name=""formula""></a>PRESENTACIÓN:</h6>\nFrasco por 100 ml.\n\n&nbsp;\n<h6 class=""subtitulo""><a name=""formula""></a>REGISTRO SANITARIO:</h6>\nII-54567/2014","Delta > Suspensiones\, Jarabes y Gotas",,,,no,yes,yes,,no,,,,no,,no,default,default,default,,,,
,"PARACETAMOL JARABE 250mg/ml","<strong>JARABE</strong>\nAnalgésico antipirético","<p class=""subtitulo"">FORMA FARMACÉUTICA Y FORMULACIÓN:</p>\n\n<table>\n<tbody>\n<tr>\n<td colspan=""2"">Cada 5 ml contiene:</td>\n</tr>\n<tr>\n<td>Paracetamol</td>\n<td>250 mg</td>\n</tr>\n<tr>\n<td>Excipientes</td>\n<td>c.s.</td>\n</tr>\n</tbody>\n</table>\n&nbsp;\n<p class=""subtitulo""><a name=""formula""></a>DESCRIPCIÓN:</p>\nAnalgésico. Antipirético.\n\n&nbsp;\n<p class=""subtitulo""><a name=""formula""></a>INDICACIONES TERAPÉUTICAS:</p>\nParacetamol calma el dolor y baja la fiebre en procesos donde existen molestias, reacciones dolorosas y febriles debidas a vacunación, dentición, cefaleas, neuralgias, odontalgias y dolores traumáticos no intensos.\n\n&nbsp;\n<p class=""subtitulo""><a name=""formula""></a>CONTRAINDICACIONES:</p>\nHipersensibilidad al medicamento.\n\n&nbsp;\n<p class=""subtitulo""><a name=""formula""></a>PRECAUCIONES GENERALES:</p>\n<b><strong>Paracetamol 250 mg/5 ml</strong></b>: Consultar a su médico en casos de embarazo, lactancia, alcoholismo, insuficiencia renal y/o hepática. En niños menores de dos años debe usarse bajo vigilancia médica debido al riesgo de daño hepático.\n\n&nbsp;\n<p class=""subtitulo""><a name=""formula""></a>REACCIONES SECUNDARIAS Y ADVERSAS:</p>\nCon mayor frecuencia puede producir somnolencia, cólico renal, nerviosismo, euforia, hepatotoxicidad, mareos, erupciones cutáneas; menos frecuentes: náuseas, vómitos, agranulocitosis, anemia hemolítica, metahemoglobinemia, necrosis papilar renal, encefalopatía hepática.\n\n&nbsp;\n<p class=""subtitulo""><a name=""formula""></a>INTERACCIONES MEDICAMENTOSAS Y DE OTRO GENERO:</p>\nNo administrar conjuntamente con alcohol, medicamentos hepatotóxidos, idantoína, aloperidol, glucósidos digitálicos, bloqueantes betaadrenérgicos, disulfirán, suplementos de hierro y litio.\n\n&nbsp;\n<p class=""subtitulo""><a name=""formula""></a>DOSIS Y VIA DE ADMINISTRACIÓN:</p>\n<b><strong>Paracetamol 250 mg/5 ml</strong></b>:\n<i><em>Niños</em></i>: 30 mg – 40 mg/Kg peso/día fraccionada cada 4 a 6 horas.\n<i><em>Adultos</em></i>: Dos cucharillas cada 4 a 6 horas.\n\n&nbsp;\n<p class=""subtitulo""><a name=""formula""></a>PRESENTACIÓN:</p>\nFrasco por 100 ml.\n\n&nbsp;\n<p class=""subtitulo""><a name=""formula""></a>REGISTRO SANITARIO:</p>\nII-54567/2014\n<blockquote>\n<h2><a href=""https://laboratoriosdelta.net/wp-content/uploads/2022/03/paracetamol-250mg-jarabe.pdf"">Descargar PDF</a></h2>\n</blockquote>","Delta > Suspensiones\, Jarabes y Gotas",,https://laboratoriosdelta.net/wp-content/uploads/2022/03/Paracetamol-250mg-Sus.jpg,,no,yes,yes,,no,,,,no,,no,default,default,default,,,,
,"YODOPOVIDONA SOLUCION 25ml 10%","<strong>SOLUCIÓN</strong>\nAntiséptico y desinfectante de uso tópico","<p class=""subtitulo"">FORMA FARMACÉUTICA Y FORMULACIÓN:</p>\nCada 100 ml contiene:\nPovidona Yodada 10 g (Equivalente a 1 g de Yodo metálico)\n\n&nbsp;\n<p class=""subtitulo""><a name=""descripcion""></a>DESCRIPCIÓN:</p>\nAntiséptico – Desinfectante.\n\n&nbsp;\n<p class=""subtitulo""><a name=""indicaciones""></a>INDICACIONES TERAPÉUTICAS:</p>\nYodopovidona está indicado como antiséptico de uso externo, lavado antiséptico de las manos previo procedimiento de enfermería, aseo pre y post-operatorio del personal del pabellón, aseo pre y post-operatorio del campo quirúrgico, aseo de manos previa manipulación de alimentos. Tratamiento de emergencia de heridas de todo tipo.\n\n&nbsp;\n<p class=""subtitulo""><a name=""contraindicaciones""></a>CONTRAINDICACIONES:</p>\nNo aplicar a pacientes alérgicos al Yodo puede desarrollar en ocasiones reacciones de alergia y acné.\n\n&nbsp;\n<p class=""subtitulo""><a name=""precauciones""></a>PRECAUCIONES GENERALES:</p>\nMujeres embarazadas o durante la lactancia no deben utilizar la solución por períodos prolongados debido a que puede producir fenómenos tóxicos.\nNo aplicar en heridas purulentas de gran extensión o abiertas sin indicación del médico.\nEn caso de irritación suspender su uso.\nNo ingerir ya que puede producir lesiones en el tracto gastrointestinal, sistema cardiovascular y renal.\n\n&nbsp;\n<p class=""subtitulo""><a name=""reacciones""></a>REACCIONES SECUNDARIAS Y ADVERSAS:</p>\nOcasionalmente puede producir irritación local que desaparece una vez suspendido el uso del producto.\n\n&nbsp;\n<p class=""subtitulo""><a name=""interacciones""></a>INTERACCIONES MEDICAMENTOSAS Y DE OTRO GENERO:</p>\nNo descritas.\n\n&nbsp;\n<p class=""subtitulo""><a name=""dosis""></a>DOSIS Y VIA DE ADMINISTRACIÓN:</p>\nSegún modo de empleo.\n\n&nbsp;\n<p class=""subtitulo""><a name=""presentaciones""></a>PRESENTACIONES:</p>\nFrasco por 25 ml.\n\n&nbsp;\n<p class=""subtitulo""><a name=""ippa""></a>REGISTRO SANITARIO:</p>\nNN-28468/2015\n<blockquote>\n<h2><a href=""https://laboratoriosdelta.net/wp-content/uploads/2022/03/yodopovidona-10por-solucion_5000ml.pdf"">Descargar PDF</a></h2>\n</blockquote>","Delta > Suspensiones\, Jarabes y Gotas",,https://laboratoriosdelta.net/wp-content/uploads/2022/03/Yodopovidona-al-10-Solucion-25-mL-copia.jpg,,no,yes,yes,,no,,,,no,,no,default,default,default,,,,
,"YODOPOVIDONA SOLUCION 1000ml 10%","<strong>SOLUCIÓN</strong>\nAntiséptico y desinfectante de uso tópico","<p class=""subtitulo"">FORMA FARMACÉUTICA Y FORMULACIÓN:</p>\nCada 100 ml contiene:\nPovidona Yodada 10 g (Equivalente a 1 g de Yodo metálico)\n\n&nbsp;\n<p class=""subtitulo""><a name=""descripcion""></a>DESCRIPCIÓN:</p>\nAntiséptico – Desinfectante.\n\n&nbsp;\n<p class=""subtitulo""><a name=""indicaciones""></a>INDICACIONES TERAPÉUTICAS:</p>\nYodopovidona está indicado como antiséptico de uso externo, lavado antiséptico de las manos previo procedimiento de enfermería, aseo pre y post-operatorio del personal del pabellón, aseo pre y post-operatorio del campo quirúrgico, aseo de manos previa manipulación de alimentos. Tratamiento de emergencia de heridas de todo tipo.\n\n&nbsp;\n<p class=""subtitulo""><a name=""contraindicaciones""></a>CONTRAINDICACIONES:</p>\nNo aplicar a pacientes alérgicos al Yodo puede desarrollar en ocasiones reacciones de alergia y acné.\n\n&nbsp;\n<p class=""subtitulo""><a name=""precauciones""></a>PRECAUCIONES GENERALES:</p>\nMujeres embarazadas o durante la lactancia no deben utilizar la solución por períodos prolongados debido a que puede producir fenómenos tóxicos.\nNo aplicar en heridas purulentas de gran extensión o abiertas sin indicación del médico.\nEn caso de irritación suspender su uso.\nNo ingerir ya que puede producir lesiones en el tracto gastrointestinal, sistema cardiovascular y renal.\n\n&nbsp;\n<p class=""subtitulo""><a name=""reacciones""></a>REACCIONES SECUNDARIAS Y ADVERSAS:</p>\nOcasionalmente puede producir irritación local que desaparece una vez suspendido el uso del producto.\n\n&nbsp;\n<p class=""subtitulo""><a name=""interacciones""></a>INTERACCIONES MEDICAMENTOSAS Y DE OTRO GENERO:</p>\nNo descritas.\n\n&nbsp;\n<p class=""subtitulo""><a name=""dosis""></a>DOSIS Y VIA DE ADMINISTRACIÓN:</p>\nSegún modo de empleo.\n\n&nbsp;\n<p class=""subtitulo""><a name=""presentaciones""></a>PRESENTACIONES:</p>\nFrasco por 1000 ml.\n\n&nbsp;\n<p class=""subtitulo""><a name=""ippa""></a>REGISTRO SANITARIO:</p>\nNN-28468/2015\n<blockquote>\n<h2><a href=""https://laboratoriosdelta.net/wp-content/uploads/2022/03/yodopovidona-10por-solucion_5000ml.pdf"">Descargar PDF</a></h2>\n</blockquote>","Delta > Suspensiones\, Jarabes y Gotas",,https://laboratoriosdelta.net/wp-content/uploads/2022/03/Yodopovidona-al-10-Solucion-25-mL-copia-1.jpg,,no,yes,yes,,no,,,,no,,no,default,default,default,default,default,default,set
,"MICINABIOTIC 500",,"<p style=""text-align: center;""><strong>MICINABIOTIC 500</strong></p>\n<p style=""text-align: center;""><strong>Claritromicina 500 mg</strong></p>\n<p style=""text-align: center;""><strong>Comprimido Recubierto</strong></p>\n<strong>COMPOSICIÓN</strong>\n\nCada comprimido recubierto contiene:\n\nClaritromicina          500 mg\n\nExcipientes               c.s.\n\n<strong>ACCIÓN TERAPÉUTICA</strong>\n\nAntibiótico\n\n<strong>INDICACIONES</strong>\n\nMICINABIOTIC 500 está indicado para el tratamiento de infecciones de las vías respiratorias altas (amigdalitis, faringitis, sinusitis, otitis); infecciones de las vías respiratorias bajas (bronquitis, neumonía); infecciones de la piel y tejidos blandos (foliculitis, celulitis, erisipela, impétigo), infecciones diseminadas o localizadas por <em>Mycobacterium avium</em>. Se utiliza en combinación con otros medicamentos para eliminar el <em>H. pylori.</em>\n\n<strong>DOSIS: </strong><em>Vía de administración oral.</em>\n\n<em><u>Adultos</u></em><em>: </em>Una dosis de 250 mg cada 12 horas. En infecciones más severas, la dosis puede incrementarse a 500 mg cada 12 horas. La duración habitual del tratamiento es de 6 a 14 días.\n\n<em><u>Pediátrica</u></em>: Según prescripción médica.\n\n<strong>PRECAUCIONES</strong>\n\nConsiderar riesgo-beneficio y administrar con precaución en pacientes con alteración en la función hepática o renal, enfermedades cardiovasculares, durante embarazo y lactancia. Evitar ingesta de bebidas alcohólicas durante el tratamiento.\n\n<strong>CONTRAINDICACIONES</strong>\n\nHipersensibilidad a la claritromicina, eritromicina u otro macrólido o a cualquiera de los componentes del medicamento.\n\n<strong>REACCIONES ADVERSAS</strong>\n\nPodría presentar cefalea, alteraciones en la percepción del sabor, insomnio, pérdida de audición (reversible con la interrupción del tratamiento), tinnitus, dispepsia, náuseas, dolor abdominal, cambios en PFH (Pruebas de Función Hepática), erupciones leves de la piel, hiperhidrolisis, arritmia, infarto de miocardio y mortalidad cardiovascular.\n\n<strong>USO DURANTE EL EMBARAZO Y LA LACTANCIA</strong>\n\nLa Claritromicina no debe administrarse durante el embarazo ni la lactancia, excepto en circunstancias clínicas donde el riesgo-beneficio así lo amerite.\n\n<strong>INTERACCIONES</strong> <strong>MEDICAMENTOSAS</strong>\n\nSe han descrito interacciones con los siguientes medicamentos: antiácidos, warfarina, carbamazepina, ciclosporina, cisaprida, digoxina, ergotamina, fenitoína, fluoxetina, itraconazol, omeprazol, rifampicina, ritonavir, simvastatina, tacrolimus, teofilina, terfenadina, zidovudina, astemizol, cisaprida, pimozida, terfenadina, disopiramida, quinidina, ticagrelor o ranolazina, colchicina, ergotamina, dihidroergotamina, lovastatina y simvastatina.\n\n<strong>INFORMACIÓN SOBRE EXCIPIENTES</strong>\n\nEste medicamento contiene: <em><u>Glicerina</u></em>, lo cual puede provocar a dosis elevadas dolor de cabeza, molestias de estómago y diarrea.\n\n<strong>SOBREDOSIS</strong>\n\nLos síntomas de sobredosis corresponden a una intensificación de las reacciones adversas.\n\nEl tratamiento consiste en suspender el uso del medicamento. En caso de intoxicación recurrir a un centro médico para un vaciado de estómago mediante inducción de la emesis o lavado gástrico e instaurar tratamiento sintomático y de apoyo.\n\n<strong>CONDICIONES DE ALMACENAMIENTO</strong>\n\nAlmacenar a no más de 30 °C y protegido de la luz solar.\n\n<strong>PRESENTACIÓN</strong>\n\nMICINABIOTIC 500 se presenta en blister ALU-ALU x 10 comprimidos recubiertos. Caja x 20, 50 y 100 comprimidos recubiertos + prospecto","Delta > Comprimidos\, Cápsulas\, Sobres\, Tabletas",,https://laboratoriosdelta.net/wp-content/uploads/2026/02/proximo-lanzamiento-02-scaled.png,,no,yes,yes,,no,,,,no,,no,default,default,default,default,default,default,set
,"FLUIDMAX 600 mg",,"<p style=""text-align: center;""><strong>FLUIDMAX</strong>\n<strong>Acetilcisteina 600 mg</strong>\n<strong>Polvo para solución oral</strong></p>\n<strong>COMPOSICIÓN</strong>\nCada sobre (3 gramos) contiene:\nAcetilcisteina 600 mg\nExcipientes c.s.\n\n<strong>ACCIÓN TERAPÉUTICA</strong>\nMucolítico\n\n<strong>INDICACIONES</strong>\nFLUIDMAX está indicado en afecciones del sistema respiratorio que cursen con producción excesiva de\nmoco: catarros, sinusitis, rinofaringitis, laringotraqueitis, asma, bronquitis, enfisema, neumonías, enfermedad\npulmonar obstructiva crónica (EPOC) y fibrosis quística.\nAcetilcisteina sustancia utilizada en intoxicación por paracetamol: en casos de intoxicación por paracetamol se\npuede administrar como terapia aguda o de mantenimiento o ante la imposibilidad de canalizar una vía\nparenteral.\nDOSIS: Vía de administración oral.\nAdultos: Un sobre/día.\nPRECAUCIONES\nAdministrar con precaución en ancianos o pacientes con asma bronquial, insuficiencia respiratoria grave o\núlcera gastroduodenal. No asociar con antitusígenos ni con anticolinérgicos.\nCONTRAINDICACIONES\nHipersensibilidad al principio activo o a alguno de los excipientes.\nNiños menores de 2 años.\nREACCIONES ADVERSAS\nPodría presentar náuseas, vómitos, estomatitis, fiebre, cefaleas, tinnitus, somnolencia, mareo, reacción\nanafilactoide y broncoespasmo.\nUSO DURANTE EL EMBARAZO Y LA LACTANCIA\nEmbarazo: La Acetilcisteína solo debe usarse en caso de ser necesario, debido a que atraviesa la placenta,\nsin embargo, no se evidencia un daño al feto.\nLactancia: Se desconoce si la Acetilcisteína o sus metabolitos se excretan en la leche materna. La\nadministración debe ser bajo supervisión médica durante este periodo.\nINTERACCIONES MEDICAMENTOSAS\nNo se recomienda la administración de Acetilcisteina concomitantemente con; antitusivo, anticolinérgico,\nantihistamínicos.\nLas sales de metales como oro, calcio y hierro se ven afectados en su biodisponibilidad, se sugiere espaciar\nlas tomas a un intervalo de 2 horas.\nLa combinación con antibióticos puede producir incompatibilidad o inactivar al antibiótico, se sugiere espaciar\nlas tomas a un intervalo de 2 horas.\nLa administración simultánea de Acetilcisteína con nitroglicerina produce hipotensión y la concomitancia con\ncarbamazepina puede dar lugar a niveles subterapéuticos del anticonvulsivante.\nSOBREDOSIS\nLos síntomas de sobredosis corresponden a una intensificación de las reacciones adversas.\nEl tratamiento en caso de intoxicación es recurrir a un centro médico para un vaciado de estómago mediante\ninducción de la emesis o lavado gástrico (antes de los 30 min después de la ingesta) e instaurar tratamiento\nsintomático y de apoyo.\nCONDICIONES DE ALMACENAMIENTO\nAlmacenar a no más de 30 °C y protegido de la luz solar.\nPRESENTACIÓN\nFLUIDMAX se presenta en sobre de aluminio trilaminado con impresión. Caja x 20 sobres + prospecto.","Delta > Comprimidos\, Cápsulas\, Sobres\, Tabletas",,https://laboratoriosdelta.net/wp-content/uploads/2023/04/Fluidmax-600-mg-polvo-copia.jpg,,no,yes,yes,,no,,,,no,,no,default,default,default,default,default,default,set
,"Diclofenaco 12,5 mg supositorio",,"<p style=""text-align: center;""><strong>DICLOFENACO</strong></p>\n<p style=""text-align: center;""><strong>12,5 mg</strong></p>\n<p style=""text-align: center;""><strong>Supositorio</strong></p>\n<strong> </strong>\n\n<strong>COMPOSICIÓN</strong>\n\n<u>Cada supositorio contiene</u>:\n\nDiclofenaco sódico             12,5 mg\n\nExcipientes                                c.s.\n\n<strong>ACCIÓN TERAPÉUTICA</strong>\n\nAntiinflamatorio – Antirreumático-Antipirético\n\n<strong>INDICACIONES</strong>\n\nEstá indicado para el tratamiento de artritis reumatoidea, osteoartritis, espondilitis anquilosante, lesiones músculo-esqueléticas agudas, dismenorrea.\n\n<strong>DOSIS: </strong><em>Vía de administración rectal.</em>\n\n<em><u>Niños</u></em><em>:</em> 1 supositorio de 12,5 mg 2 a 3 veces al día o según criterio médico.\n\n<strong>PRECAUCIONES</strong>\n\nLa administración debe ser cautelosa en ancianos y en casos de asma, retención hídrica, diabetes mellitus, sepsis, trastornos gastrointestinales, embarazo o durante la lactancia, lupus sistémico, epilepsia, depresión mental, alteraciones de la coagulación, insuficiencia hepática o renal y desórdenes psiquiátricos.\n\n<strong>CONTRAINDICACIONES</strong>\n\nEn casos de hipersensibilidad a los AINES, úlcera péptica activa y depresión de médula ósea.\n\n<strong>REACCIONES ADVERSAS</strong>\n\nPodría presentar pirosis, anorexia, dolor abdominal, náuseas, cólicos, diarrea, constipación, úlceras, perforación gastrointestinal, mareos, cefalea, tinnitus, hipoacusia, hipersensibilidad, retención hídrica, arritmias, trastornos de coagulación, excitación central.\n\n<strong>USO DURANTE EL EMBARAZO Y LA LACTANCIA</strong>\n\nNo se recomienda durante el embarazo y la lactancia, salvo criterio médico.\n\n<strong>INTERACCIONES</strong> <strong>MEDICAMENTOSAS</strong>\n\nLitio, digitálicos, corticoides, anticoagulantes, suplementos de potasio, aminoglucósidos, alcohol, hipoglucemiantes orales, antihipertensivos, otros AINES y medicamentos que se unen en elevada proporción a las proteínas plasmáticas.\n\n<strong>SOBREDOSIS</strong>\n\nEn caso de sobredosis o ingestión accidental acuda a un centro de salud para iniciar un tratamiento sintomático y de soporte.\n\n<strong>CONDICIONES DE ALMACENAMIENTO</strong>\n\nDiclofenaco supositorio debe ser almacenado a no más de 25 °C y protegido de la luz solar.\n\n<strong>PRESENTACIONES COMERCIALES</strong>\n\nFolio ALU-ALU x 5 supositorios. Caja x 50 supositorios + prospecto.","Delta > Supositorios",,,,no,yes,yes,,no,,,,no,,no,default,default,default,,,,
,"Supositorio Bronquial Infantil",,"<p style=""text-align: center;""><strong>SUPOSITORIO BRONQUIAL INFANTIL</strong></p>\nParacetamol 250 mg + Guaifenesina 60 mg + Eucaliptol 40 mg + Gomenol 60 mg\nSupositorio\n\n<strong>COMPOSICIÓN</strong>\nCada supositorio contiene:\nParacetamol 250 mg\nGuaifenesina 60 mg\nEucaliptol 40 mg\nGomenol 60 mg\nExcipientes c.s.\n\n<strong>ACCIÓN TERAPÉUTICA</strong>\nAnalgésico - Expectorante\n\n<strong>INDICACIONES</strong>\nSUPOSITORIO BRONQUIAL INFANTIL está indicado para el tratamiento sintomático del resfrío común, calma el dolor, baja la fiebre y facilita la expectoración en casos de resfríos acompañados de tos productiva.\nDOSIS: Vía de administración rectal.\nNiños de 2 a 8 años: 1 supositorio cada 6 horas.\n\n<strong>MODO DE EMPLEO</strong>\nAcueste de costado al niño, con la parte inferior de la pierna enderezada y el muslo flexionado hacia el estómago. Introduzca el supositorio. Se recomienda mantener juntos los muslos durante un breve espacio de tiempo para que el medicamento pueda ejercer su acción.\n\n<strong>PRECAUCIONES</strong>\n° Pacientes asmáticos, sensibles al ácido acetilsalicílico; enfermedad renal, hepática o cardiaca.\n\n<strong>CONTRAINDICACIONES</strong>\nHipersensibilidad a los componentes de la formula.\n\n<strong>REACCIONES ADVERSAS</strong>\nOcasionalmente el paracetamol puede producir erupciones cutáneas y otras reacciones alérgicas.\n\n<strong>USO DURANTE EL EMBARAZO Y LA LACTANCIA</strong>\nLa administración de este medicamento debe ser según criterio médico.\n\n<strong>INTERACCIONES MEDICAMENTOSAS</strong>\nNo administrar conjuntamente con alcohol, medicamentos hepatotóxicos, hidantoina, haloperidol, glucósidos digitálicos, bloqueantes beta adrenérgicos, disulfiram, suplementos de hierro y litio.\n\n<strong>SOBREDOSIS</strong>\nLos síntomas de intoxicación por sobredosis se manifiestan a nivel nervioso, digestivo y cardiovascular, puede producir lesión hepática con el uso a largo plazo o a dosis elevadas.\nEn caso de sobredosis recurrir a un centro médico para iniciar un tratamiento sintomático y de soporte.\n\n<strong>CONDICIONES DE ALMACENAMIENTO</strong>\nAlmacenar a no más de 25 °C y protegido de la luz solar.\n\n<strong>PRESENTACIÓN</strong>\nSupositorio Bronquial Infantil se presenta en folio de aluminio x 5 supositorios. Caja x 50 supositorios + prospecto.","Delta > Supositorios",,https://laboratoriosdelta.net/wp-content/uploads/2023/06/Supositorio-bronquial-infantil-copia.jpg,,no,yes,yes,,no,,,,no,,no,default,default,default,default,default,default,set
,"Supositorio Bronquial Lactante",,"<b>ACCIÓN TERAPÉUTICA</b>\n\n<span style=""font-weight: 400;"">Analgésico, expectorante.</span>\n\n&nbsp;\n\n<b>MECANISMO DE ACCION</b>\n\n<i><span style=""font-weight: 400;"">PARACETAMOL. -</span></i>\n\n<span style=""font-weight: 400;"">Analgésico:</span>\n\n<span style=""font-weight: 400;"">Puede actuar predominantemente inhibiendo la síntesis de prostaglandinas a nivel del SNC y en menor grado bloqueando la generación del impulso doloroso a nivel periférico. La acción periférica puede deberse también a la inhibición de la síntesis o de la acción de otras sustancias que sensibilizan los nocireceptores ante estímulos mecánicos o químicos.</span>\n\n<span style=""font-weight: 400;"">Antipirético:</span>\n\n<span style=""font-weight: 400;"">Probablemente produce la antipiresis actuando a nivel central sobre el centro hipotalámico regulador de la temperatura para producir una vasodilatación periférica que da lugar a un aumento de flujo de sangre en la piel, de sudoración y de pérdida de calor.</span>\n\n<span style=""font-weight: 400;"">La acción a nivel central probablemente está relacionada con la inhibición de la síntesis de prostaglandinas en el hipotálamo.</span>\n\n&nbsp;\n\n<i><span style=""font-weight: 400;"">GUAYACOLATO DE GLICERILO. -</span></i>\n\n<span style=""font-weight: 400;"">El Guayacolato de Glicerilo o Guayfenesina tiene una acción expectorante que aumenta la producción de líquido del tracto respiratorio mediante reducción de la adhesividad y de la tensión superficial. El aumento del flujo de secreciones menos viscosas estimula la acción ciliar y facilita la eliminación del moco. Esto cambia la tos seca no productiva por una tos que es más productiva y menos frecuente.</span>\n\n&nbsp;\n\n<i><span style=""font-weight: 400;"">GOMENOL Y EUCALIPTOL:</span></i>\n\n<span style=""font-weight: 400;"">Su uso es principalmente en homeopatía en casos de tos con fiebre, se ha demostrado que tiene ciertas propiedades antibacterianas y antifungales. La dosis oral es de 0.5-1 ml por litro al agua de bebida de un preparado que contiene 7% de Eucaliptol por 8 horas al día durante 3 a 5 días. Se absorbe rápidamente en el estómago y se elimina principalmente por vía pulmonar.</span>\n\n<span style=""font-weight: 400;"">Actúan además disminuyendo la consistencia de las secreciones mucosas que pueden atascar las vías aéreas. La fluidificación del moco espeso facilita la expectoración, eliminándose así la obstrucción del árbol bronquial, mejorando la respiración. </span>\n\n&nbsp;\n\n<b>USO DURANTE EL EMBARAZO Y LA LACTANCIA:</b>\n\n<span style=""font-weight: 400;"">Los estudios de toxicidad crónica en animales demuestran que dosis elevadas de paracetamol producen atrofia testicular e inhibición del espermatogénesis, se desconoce la importancia de este hecho para su uso en humanos. No se han descrito problemas en humanos. Aunque no se han realizado estudios controlados, se sabe que el paracetamol atraviesa la placenta.</span>\n\n&nbsp;\n\n<span style=""font-weight: 400;"">No se han descrito problemas en humanos. No se ha detectado en la orina de los lactantes sin paracetamol ni sus metabolitos, aunque se han medido concentraciones máximas de 10 a 15 ug por ml en la leche materna al cabo de una a dos horas de la ingestión, por parte de la madre de una dosis única de 650 mg. La vida media en la leche materna es de 1.35 a 3.5 horas.</span>\n\n<span style=""font-weight: 400;"">Este producto está indicado para lactantes, sin embargo, su administración durante el embarazo o lactancia debe ser bajo criterio médico.</span>\n\n&nbsp;\n\n<b>PROPIEDADES FARMACODINAMICAS, FARMACOCINETICAS Y TOXICOLOGICAS</b>\n\n<i><span style=""font-weight: 400;"">PARACETAMOL. -</span></i>\n\n<span style=""font-weight: 400;"">Se absorbe por todas las vías, incluyendo la digestiva, siendo bases muy débiles se absorben algo en el estómago y muy rápidamente en el intestino. Una vez absorbido pasa a la sangre donde alcanza una concentración plasmática máxima a la hora a dos horas después de la ingestión. El 10% se combina con proteínas plasmáticas y el volumen de distribución es de alrededor de 1l/kg, es decir, que se distribuye especialmente en los líquidos extra é intracelulares. Su rápida biotransformación hace que los niveles plasmáticos desciendan por dosis repetidas.</span>\n\n<span style=""font-weight: 400;"">Biotransformación y excreción: El paracetamol se transforma especialmente en los microsomas hepáticos. Aparece en la orina, libre en un 5% y conjugado con ácidos glucorónicos cerca al 85%. Una pequeña parte se transforma en p-aminofenol, sustancia responsable de la producción de meta hemoglobinemia, pues se transforma en quinonimia que forma con aquella sustancia un sistema de óxido-reducción en forma tal que el oxígeno implicado oxida la hemoglobina. Por otra parte, el paracetamol puede oxidarse por el citocromo P</span><span style=""font-weight: 400;"">450</span><span style=""font-weight: 400;""> y dar lugar a una hidroxilamina que es la responsable de la necrosis hepática a dosis tóxicas. La biotransformación y excreción urinaria de metabolitos son rápidas y pueden impartir a la orina un color rojo parduzco.</span>\n\n<span style=""font-weight: 400;"">La vida media del paracetamol es de 2.5 horas.</span>\n\n&nbsp;\n\n<b>DOSIS</b>\n\n<i><span style=""font-weight: 400;"">Lactantes y niños con peso superior a 10 kg</span></i><i><span style=""font-weight: 400;"">. - </span></i><span style=""font-weight: 400;"">Un supositorio cada 6 horas, hasta un máximo de 4 ó 5 supositorios por día.</span>\n\n<i><span style=""font-weight: 400;"">Lactantes y niños con peso superior a 15 kg</span></i><i><span style=""font-weight: 400;"">. - </span></i><span style=""font-weight: 400;"">Un supositorio cada 4 horas, hasta 6 supositorios en por día.</span>\n\n&nbsp;\n\n<b>INDICACIONES</b>\n\n<span style=""font-weight: 400;"">Está indicado para el tratamiento sintomático del resfrío común, calmando el dolor, bajando la fiebre y facilitando la expectoración en casos de resfríos acompañados de tos seca. La acción combinada con el Gomenol y el Eucaliptol alivia rápidamente el malestar del paciente.</span>\n\n&nbsp;\n\n<b>MODO DE EMPLEO</b><i><span style=""font-weight: 400;"">  </span></i>\n\n<span style=""font-weight: 400;"">Acueste de costado al niño, con la parte inferior de la pierna enderezada y el muslo flexionado hacia el estómago. Introduzca el supositorio. Se recomienda mantener juntos los muslos durante un breve espacio de tiempo.</span>\n\n&nbsp;\n\n<b>CONTRAINDICACIONES</b>\n\n<span style=""font-weight: 400;"">En pacientes con hipersensibilidad a los medicamentos.</span>\n\n&nbsp;\n\n<b>PRECAUCIONES</b>\n\n<span style=""font-weight: 400;"">Pacientes con intolerancia al ácido acetilsalicílico pueden no presentar al paracetamol, sin embargo, se han descrito ligeras reacciones broncoespásticas en algunos asmáticos sensibles. Durante el embarazo, lactancia, alcoholismo, insuficiencia renal o hepática.</span>\n\n&nbsp;\n\n<b>EFECTOS ADVERSOS</b>\n\n<span style=""font-weight: 400;"">El Paracetamol ocasionalmente produce erupciones cutáneas y otras reacciones alérgicas.</span>\n\n&nbsp;\n\n<b>INTERACCIONES</b> <b>MEDICAMENTOSAS</b>\n\n<span style=""font-weight: 400;"">No administrar conjuntamente con alcohol, medicamentos hepatotóxicos, hidantoína, haloperidol, glucósidos digitálicos, bloqueantes betaadrenérgicos, disulfirám, suplementos de hierro y litio.</span>\n\n&nbsp;\n\n<b>INTOXICACION, SINTOMAS, TRATAMIENTO DE URGENCIA Y ANTIDOTOS</b>\n\n<span style=""font-weight: 400;"">El peligro de intoxicación por sobredosis se manifiesta a nivel nervioso, digestivo y cardiovascular; puede producir lesión hepática con el uso a largo plazo o a dosis elevadas.</span>\n\n<span style=""font-weight: 400;"">En caso de sobredosis</span> <span style=""font-weight: 400;"">recurrir a un centro médico para iniciar un tratamiento sintomático y de soporte. </span>","Delta > Supositorios",,https://laboratoriosdelta.net/wp-content/uploads/2023/06/Supositorio-bronquial-lactante-copia.jpg,,no,yes,yes,,no,,,,no,,no,default,default,default,default,default,default,set
,"Ciprofloxacina 500mg",,"<strong>CIPROFLOXACINA </strong>\n\n<strong>500 mg</strong>\n\n<strong>Comprimido Recubierto</strong>\n\n<strong>COMPOSICIÓN</strong>\n\nCada comprimido recubierto contiene:\n\nCiprofloxacina base           500 mg\n\nGlicerina\n\nExcipientes                        c.s.\n\n<strong>ACCIÓN TERAPÉUTICA</strong>\n\nAntibiótico\n\n<strong>INDICACIONES</strong>\n\nCiprofloxacina está indicada para el tratamiento de infecciones genitourinarias, digestivas, tejidos blandos y osteoarticulares producidas por gérmenes resistentes a otros antibióticos.\n\n<strong>DOSIS: </strong><em>Vía de administración oral.</em>\n\n<em><u>Adultos</u></em><em>: </em>250 mg a 750 mg cada 12 horas.\n\n<em><u>Dosis pediátrica</u></em><em>: No se recomienda su uso.</em>\n\n<strong>PRECAUCIONES</strong>\n\n° Pacientes con arterioesclerosis cerebral, epilepsia, trastorno de la función renal.\n\n<strong>CONTRAINDICACIONES</strong>\n\nHipersensibilidad a las quinolonas, menores de 14 años, embarazo y lactancia.\n\n<strong>REACCIONES ADVERSAS</strong>\n\nPodría presentar náuseas, vómitos, cefalea, vértigo, artralgias, reacciones de hipersensibilidad, dolor abdominal, diarrea, fiebre, trastornos visuales, nefritis, intersticial.\n\n<strong>USO DURANTE EL EMBARAZO Y LA LACTANCIA</strong>\n\nNo se recomienda su uso.\n\n<strong>INTERACCIONES</strong> <strong>MEDICAMENTOSAS</strong>\n\nTeofilina, warfarina, antiácidos, probenecid, metotrexato, zolpidem, fenitoína, clozapina, tizanidina y laxantes que contengan magnesio.\n\n<strong>INFORMACIÓN SOBRE EXCIPIENTES</strong>\n\nEste medicamento contiene: <em><u>Glicerina</u></em>, lo cual puede provocar a dosis elevadas dolor de cabeza, molestias de estómago y diarrea.\n\n<strong>SOBREDOSIS</strong>\n\nLos síntomas de sobredosis corresponden a una intensificación de las reacciones adversas.\n\nEn caso de sobredosis o ingestión accidental acuda a un centro de salud para iniciar un tratamiento sintomático y de soporte.\n\n<strong>CONDICIONES DE ALMACENAMIENTO</strong>\n\nAlmacenar a no más de 30 °C y protegido de la luz solar.\n\n<strong>PRESENTACIÓN</strong>\n\nBlíster PVC-AL x 10 comprimidos recubiertos. Caja x 100 comprimidos recubiertos + prospecto.\n\n&nbsp;","Delta > Comprimidos\, Cápsulas\, Sobres\, Tabletas",,,,no,yes,yes,,no,,,,no,,no,default,default,default,,,,
,"Trapigel 75 mg",,"<h6 style=""text-align: center;""><strong>TRAPIGEL</strong></h6>\n<h6 style=""text-align: center;""><strong>Clopidogrel 75 mg</strong></h6>\n<h6 style=""text-align: center;""><strong>Comprimido Recubierto</strong></h6>\n<strong> </strong>\n\n<strong>COMPOSICIÓN </strong>\n\nCada comprimido recubierto contiene:\n\nClopidogrel Bisulfato USP Eq. a Clopidogrel                75 mg\n\nExcipientes                                                                         c.s.\n\n<strong>ACCIÓN TERAPÉUTICA</strong>\n\nAntitrombótico\n\n<strong>INDICACIONES</strong>\n\nPrevención secundaria de eventos aterotrombóticos Clopidogrel está indicado en:\n<ul>\n 	<li>Pacientes adultos que padecen infarto de miocardio, ictus isquémico o enfermedad arterial periférica establecida, Síndrome coronario agudo sin elevación del segmento ST, pacientes sometidos a un stent, fibrilación auricular y accidente cerebrovascular.</li>\n</ul>\n<strong>DOSIS</strong>: <em>Vía de administración oral.</em>\n<ul>\n 	<li>Adultos y ancianos: Clopidogrel debe administrarse en una dosis única diaria de 75 mg; puede combinarse con ácido acetilsalicílico AAS según prescripción médica.</li>\n 	<li>Población pediátrica: Clopidogrel no debe utilizarse en niños debido a problemas de eficacia.</li>\n 	<li>Insuficiencia renal y Deterioro hepático: La experiencia terapéutica es limitada en pacientes con estas patologías.</li>\n</ul>\n<strong>PRECAUCIONES</strong>\n\n-Cautela en casos de hemorragias internas (como una úlcera de estómago), anomalía sanguínea, reciente herida de gravedad, pre y post intervención quirúrgica (incluyendo cirugía dental), coágulo en una arteria del cerebro (infarto cerebral isquémico), alergia o reacción a cualquier medicamento, antecedentes de hemorragia cerebral no traumática, enfermedades del hígado o del riñón.\n\n-Informe a su médico inmediatamente si durante el tratamiento desarrolla fiebre y hematomas (moretones) bajo la piel que pueden aparecer como puntos rojos localizados, acompañados o no de inexplicable cansancio extremo, confusión, color amarillo en la piel o los ojos (ictericia).\n\n-En caso de cortes o heridas durante el tratamiento, la hemorragia puede tardar más de lo normal en detenerse.\n\n<strong>CONTRAINDICACIONES</strong>\n<ul>\n 	<li>Hipersensibilidad al principio activo o a alguno de los excipientes.</li>\n 	<li>Insuficiencia hepática grave.</li>\n 	<li>Sangrado patológico activo como úlcera péptica o hemorragia intracraneal.</li>\n</ul>\n<strong>REACCIONES ADVERSAS</strong>\n\nEl efecto adverso más frecuente notificado con Clopidogrel es la hemorragia. La hemorragia puede aparecer en el estómago o intestino, magulladuras, hematomas (sangrado anormal o moretones bajo la piel), hemorragia nasal, sangre en orina. También se han notificado un reducido número de casos de: hemorragia de los vasos sanguíneos de los ojos, hemorragia intracraneal, pulmonar o de articulaciones.\n\nOtros efectos adversos notificados con Clopidogrel son: Diarrea, dolor abdominal, indigestión o ardor. Con poca frecuencia dolor de cabeza, úlcera de estómago, vómitos, náuseas, estreñimiento, exceso de gases en el estómago o intestino, erupciones, picor, mareo, sensación de hormigueo y entumecimiento. Rara vez puede presentarse vértigo, aumento de las mamas en los varones.\n\n<strong>USO DURANTE EL EMBARAZO Y LA LACTANCIA</strong>\n\n<em>Embarazo:</em> Puesto que no se dispone de datos clínicos sobre exposición a Clopidogrel durante el embarazo, como medida preventiva es preferible no administrar durante el embarazo.\n\n<em>Lactancia:</em> Se desconoce si Clopidogrel se excreta en la leche materna humana. Como medida de precaución, se debe interrumpir la lactancia durante el tratamiento con Clopidogrel.\n\n<strong>INTERACCIONES MEDICAMENTOSAS</strong>\n\nAlgunos medicamentos pueden influir en el uso de Clopidogrel o viceversa.\n\nNo se recomienda la administración conjunta de Clopidogrel con anticoagulantes orales.\n\nDebe informar expresamente a su médico si está tomando medicamentos que pueden incrementar el riesgo de hemorragia como: Anticoagulantes orales, opiodes, antiinflamatorios no esteroideos, antiagregante plaquetario (Ticlopidina), inhibidor de la recaptación de serotonina (fluoxetina o fluvoxamina), antirretrovirales (Efavirenz) y otros medicamentos como la Heparina, Rifampicina, Omeprazol o esomeprazol, Fluconazol o voriconazol, Carbamazepina, Moclobemida, Repaglinida, Paclitaxel.\n\n<strong>ADVERTENCIAS  </strong>\n\nEste medicamento contiene como excipiente, almidón de maíz. Los enfermos celiacos deben consultar con su médico antes de utilizarlo.\n\n<strong>SOBREDOSIS</strong>\n\nLa sobredosis posterior a la administración de Clopidogrel puede provocar un tiempo de hemorragia prolongado y complicaciones hemorrágicas posteriores.\n\nNo se ha encontrado ningún antídoto para la actividad farmacológica de Clopidogrel. Si se requiere una corrección inmediata del tiempo de hemorragia prolongada, se debe administrar plaquetas.\n\nLa transfusión puede revertir los efectos del Clopidogrel.\n\n<strong>CONDICIONES DE ALMACENAMIENTO</strong>\n\nConservar a una temperatura no superior a 30 °C. Proteger de la humedad.\n\nMantener fuera del alcance de los niños.\n\n<strong>PRESENTACIÓN</strong>\n\nTRAPIGEL se presenta en blíster ALU-ALU x 10 comprimidos recubiertos. Caja x 30 comprimidos recubiertos + prospecto.","Delta > Comprimidos\, Cápsulas\, Sobres\, Tabletas",,https://laboratoriosdelta.net/wp-content/uploads/2023/07/Trapigel-comprimidos-copia.jpg,,no,yes,yes,,no,,,,no,,no,default,default,default,default,default,default,set
,"CEFAMAX (Cefalexina) 500 mg",,"<b>ACCIÓN TERAPÉUTICA</b>\n\n<span style=""font-weight: 400;"">Antibiótico</span>\n\n&nbsp;\n\n<b>PROPIEDADES FARMACODINAMICAS, FARMACOCINETICAS Y TOXICOLOGICAS</b>\n\n<b><i>Absorción</i></b>\n\n<span style=""font-weight: 400;"">Farmacología humana: la cefalexina es estable en ácido y puede administrarse independientemente de las comidas. </span>\n\n<span style=""font-weight: 400;"">Se absorbe rápidamente tras la administración oral. Después de dosis de 250 mg, 500 mg y 1 g, se obtuvieron niveles séricos máximos promedio de aproximadamente 9, 18 y 32 mg/L respectivamente a 1 hora. Niveles mensurables estaban presentes 6 horas después de la administración.</span>\n\n<span style=""font-weight: 400;"">La cefalexina se absorbe casi por completo en el tracto gastrointestinal y entre el 75 y el 100 % se absorbe rápidamente. La absorción se reduce ligeramente si el medicamento se administra con alimento.</span>\n\n<span style=""font-weight: 400;"">La vida media es de aproximadamente 60 minutos en pacientes con función renal normal. Hemodiálisis y la diálisis peritoneal eliminará la cefalexina de la sangre.</span>\n\n<b><i>Distribución</i></b>\n\n<span style=""font-weight: 400;"">Los niveles sanguíneos máximos se alcanzan una hora después de la administración y se mantienen los niveles terapéuticos durante 6-8 horas. Aproximadamente el 80% del fármaco activo se excreta por la orina en un plazo de 6 horas.</span>\n\n<span style=""font-weight: 400;"">La acumulación se observa con dosis superiores al máximo terapéutico de 4 g/día.</span>\n\n<span style=""font-weight: 400;"">La vida media puede aumentar en los recién nacidos debido a su inmadurez renal, pero no existe acumulación cuando se administra hasta 50 mg/kg/día.</span>\n\n<b><i>Eliminación</i></b>\n\n<span style=""font-weight: 400;"">La cefalexina se excreta en la orina mediante filtración glomerular y secreción tubular. Los estudios mostraron que más del 90% del fármaco se excretó sin cambios en la orina en 8 horas. Durante este período las concentraciones máximas en orina después de las dosis de 250 mg, 500 mg y 1 g fueron aproximadamente 1000, 2200 y 5000 mg/L respectivamente.</span>\n\n&nbsp;\n\n<b>MECANISMO DE ACCION</b>\n\n<span style=""font-weight: 400;"">Los antibióticos β-lactámicos son bactericidas y actúan inhibiendo la síntesis de la capa de peptidoglucano de la pared celular bacteriana. La capa de peptidoglucano es importante para la integridad estructural de la pared celular, especialmente en los organismos Gram-positivos. La amoxicilina y todos los antibióticos β-lactámicos, son análogos de la D-alanil-D-alanina, un residuo del ácido amino terminal del precursor NAM, del péptido de la cubierta de peptidoglucano de la bacteria. La similitud estructural entre los antibióticos β-lactámicos y la D-alanil-D-alanina facilita su unión al sitio activo de las proteínas de unión a penicilina (PBP). El núcleo β-lactámico de la molécula se une irreversiblemente al residuo de serina e inhibe la transpeptidación de la pared de peptidoglucano, interrumpiendo la síntesis de la pared celular.</span>\n\n&nbsp;\n\n<b>DOSIS</b>\n\n<i><span style=""font-weight: 400;"">Adultos</span></i><span style=""font-weight: 400;"">. - 1- 4 g diarios en dosis divididas. La mayoría de las infecciones</span>\n\n<span style=""font-weight: 400;"">responderán a una dosis de 500 mg cada 8 horas.</span>\n\n<span style=""font-weight: 400;"">Para las infecciones de la piel y los tejidos blandos, la faringitis estreptocócica y las infecciones del tracto urinario leves y sin complicaciones, la dosis habitual es de 250 mg cada 6 horas o 500 mg cada 12 horas.  </span>\n\n<span style=""font-weight: 400;"">La dosis diaria recomendada para niños es de 25 a 50 mg / kg (10 a 20 mg / lb) en dosis divididas.</span>\n\n<span style=""font-weight: 400;"">Niños menores de 5 años: 125 mg cada 8 horas.</span>\n\n<span style=""font-weight: 400;"">Niños de 5 años en adelante: 250 mg cada 8 horas.</span>\n\n<span style=""font-weight: 400;"">En infecciones graves, la dosis puede duplicarse.</span>\n\n&nbsp;\n\n<b>INDICACIONES</b>\n\n<span style=""font-weight: 400;"">Cefalexina está indicado en el tratamiento de infecciones del tracto respiratorio; otitis media; infecciones de piel y tejidos blandos; infecciones de huesos y articulaciones; infecciones genitourinario, incluyendo prostatitis aguda e infección dental.</span>\n\n&nbsp;\n\n<b>USO EN EMBARAZO Y LACTANCIA</b>\n\n<b>Embarazo</b>\n\n<span style=""font-weight: 400;"">Aunque los estudios clínicos y de laboratorio no han mostrado evidencia de teratogenicidad, se debe tener precaución al prescribir a la paciente embarazada.</span>\n\n<b>Lactancia</b>\n\n<span style=""font-weight: 400;"">La excreción de cefalexina en la leche materna humana aumentó hasta 4 horas después de una dosis de 500 mg. El fármaco alcanzó un nivel máximo de 4 microgramos / ml, luego disminuyó gradualmente y se desapareció 8 horas después de la administración. Se debe tener precaución cuando se administra cefalexina a una mujer lactante, ya que el recién nacido presenta riesgo de candidiasis y Toxicidad del SNC por inmadurez de la barrera hematoencefálica.</span>\n\n&nbsp;\n\n<b>CONTRAINDICACIONES</b>\n\n<span style=""font-weight: 400;"">Hipersensibilidad al principio activo o/a alguno de los excipientes, contraindicado en pacientes con alergia conocida al grupo de antibióticos cefalosporinas.</span>\n\n<span style=""font-weight: 400;"">La cefalexina está contraindicada en pacientes con porfiria aguda.</span>\n\n&nbsp;\n\n<b>PRECAUCIONES</b>\n\n<span style=""font-weight: 400;"">Pacientes con antecedentes de raciones alérgicas a penicilinas y cefalosporinas. Si ocurre una reacción alérgica a la cefalexina, se debe suspender el medicamento y tratar al paciente con los agentes apropiados. El uso prolongado de cefalexina puede resultar en la sobrecrecimiento de organismos no susceptibles, dando lugar a casos de colitis.</span>\n\n<span style=""font-weight: 400;"">La cefalexina debe administrarse con precaución en presencia de una</span>\n\n<span style=""font-weight: 400;"">función renal marcadamente alterada.</span>\n\n<span style=""font-weight: 400;"">Los pacientes con intolerancia hereditaria a galactosa, insuficiencia de lactasa de Lapp o problemas de absorción de glucosa o galactosa no deben tomar este medicamento. Se ha informado pustulosis exantemática generalizada aguda (PEGA) asociada con el tratamiento con cefalexina.</span>\n\n&nbsp;\n\n<b>EFECTOS ADVERSOS</b>\n\n<span style=""font-weight: 400;"">Gastro-intestinal: los síntomas de la colitis pseudomembranosa pueden aparecer durante o después tratamiento con antibióticos, diarrea, dolor abdominal, dispepsia. </span>\n\n<span style=""font-weight: 400;"">Sistema hemático y linfático: eosinofilia, neutropenia, trombocitopenia y casos de anemia hemolítica.</span>\n\n<span style=""font-weight: 400;"">Hipersensibilidad: Se han observado reacciones alérgicas en forma de erupción, urticaria, angioedema, y raramente eritema multiforme, síndrome de Stevens-Johnson, necrólisis epidérmica tóxica y anafilaxia.</span>\n\n&nbsp;\n\n<b>INTERACCIONES</b> <b>MEDICAMENTOSAS E INCOMPATIBILIDADES</b>\n\n<span style=""font-weight: 400;"">Como ocurre con otros betalactámicos, el probenecid inhibe la excreción renal de cefalexina.</span>\n\n<span style=""font-weight: 400;"">Se ha descrito hipopotasemia en pacientes que tomaban fármacos citotóxicos para la leucemia cuando se les administraba gentamicina y cefalexina.</span>\n\n&nbsp;\n\n<b>INTOXICACION, SINTOMAS, TRATAMIENTO DE URGENCIA Y ANTIDOTOS</b>\n\n<span style=""font-weight: 400;"">Los síntomas de una sobredosis pueden incluir náuseas, vómitos, malestar epigástrico, diarrea y hematuria.</span>\n\n<span style=""font-weight: 400;"">En caso de sobredosis grave, se recomienda un tratamiento de soporte general que incluya una estrecha monitorización clínica y de laboratorio de los efectos hematológicos, renales y hepáticos, funciones y estado de la coagulación hasta que el paciente esté estable.</span>\n\n<span style=""font-weight: 400;"">Se han notificado casos de hematuria sin deterioro de la función renal en niños que ingirieron accidentalmente más de 3,5 g de cefalexina en un día. El tratamiento tiene han sido de apoyo (fluidos) y no se han reportado secuelas.</span>","Delta > Comprimidos\, Cápsulas\, Sobres\, Tabletas",,https://laboratoriosdelta.net/wp-content/uploads/2023/08/Cefamax-500-mg-Capsulas-copia.jpg,,no,yes,yes,,no,,,,no,,no,default,default,default,default,default,default,set
,"Cotrimoxazol Forte 100mL",,"<p style=""text-align: center;""><strong>COTRIMOXAZOL FORTE</strong></p>\n<p style=""text-align: center;""><strong><em>400 mg + 80 mg / 5 mL</em></strong></p>\n<p style=""text-align: center;""><strong><em>Suspensión</em></strong></p>\n<strong> </strong>\n\n<strong>COMPOSICIÓN</strong>\n\n<u>Cada 5 mL contiene</u>:\n\nSulfametoxazol                   400 mg\n\nTrimetoprima                        80 mg\n\nExcipientes                               c.s.\n\n<strong>ACCIÓN TERAPÉUTICA</strong>\n\nAntiinfeccioso\n\n<strong>INDICACIONES</strong>\n\nCotrimoxazol Forte está indicado para el tratamiento de infecciones del tracto respiratorio, digestivo, urinario, producidas por cepas sensibles de: <em>Haemophilus influenzae, Streptococcus pneumoniae, Pneumocystis carinii, Escherichia coli, Vibrio cholerae, especies de Shigella, Salmonella, Klebsiella, Proteus, Enterobacter.</em>\n\n<strong>DOSIS</strong><em>: Vía de administración oral.                                                                                                 </em>\n\n<em><u>Adultos</u></em><em>:</em> 5 mL cada 6 horas.\n\n<em><u>Pediátrica</u></em><em>: </em>Según prescripción del médico.\n\n- El tratamiento dura entre 7 a 14 días, según la evolución del paciente y criterio médico.\n\n<strong>PRECAUCIONES</strong>\n\nDebe ser administrado con precaución en casos de: Uremia, glomerulonefritis, citopenias hemáticas, hepatitis, deficiencia de ácido fólico o glucosa-6-fosfato deshidrogenasa y úlcera péptica.\n\n<strong>CONTRAINDICACIONES</strong>\n\nHipersensibilidad a alguno de los componentes de la mezcla, porfiria aguda, anemia megaloblástica, no administrar a niños menores de 2 meses de edad.\n\n<strong>REACCIONES ADVERSAS</strong>\n\nPodría presentar diarrea, náusea, vómitos, mareos y cefaleas. Rara vez se presenta; fotosensibilidad, Síndrome de Stevens-Johnson, fiebre, hepatitis, aplasia medular, nefrotoxicidad, reacciones de hipersensibilidad, necrólisis epidérmica tóxica, metahemoglobinemia y colitis.\n\n<strong>USO DURANTE EL EMBARAZO Y LA LACTANCIA</strong>\n\n<em><u>Embarazo</u></em>. - Cotrimoxazol debe evitarse durante la etapa del embarazo. El médico evaluará el riesgo – beneficio del tratamiento.\n\n<em><u>Lactancia</u></em>. - El Sulfametoxazol y Trimetoprima se excretan en la leche materna. Cuando los niños tienen o están en riesgo particular de desarrollar hiperbilirrubinemia, son prematuros o tienen deficiencia de glucosa-6-fosfato deshidrogenasa(G6-PD), debe evitarse la administración de Cotrimoxazol en madres lactantes.\n\n<strong>INTERACCIONES</strong> <strong>MEDICAMENTOSAS</strong>\n\nNo administrar simultáneamente con Warfarina, amiodarona, fenitoína, rifampicina, anticonvulsivantes, hipoglucemiantes orales, depresores de la medula ósea, anticonceptivos orales, medicamentos hepatoxicos, ciclosporina, antagonistas del ácido fólico.\n\n<strong>SOBREDOSIS</strong>\n\nLos síntomas de sobredosis corresponden a una intensificación de las reacciones adversas descritas.   En caso de sobredosis o ingestión accidental acuda a un centro de salud para iniciar un tratamiento sintomático y de soporte.\n\n<strong>INFORMACIÓN SOBRE EXCIPIENTES</strong>\n\nEste medicamento contiene: <em><u>Sacarosa</u></em>: debe ser tomado en cuenta en pacientes con intolerancia hereditaria a la fructosa, problemas de absorción de glucosa/galactosa, deficiencia de sacarasa-isomaltasa y pacientes diabéticos. <em><u>Benzoato de sodio</u></em>: puede irritar ligeramente los ojos, la piel y la coloración y las mucosas. Puede aumentar el riesgo de coloración amarillenta de la piel (ictericia) en recién nacidos. <em><u>Propilenglicol</u>. </em>\n\n<strong>CONDICIONES DE ALMACENAMIENTO</strong>\n\nAlmacenar a no más de 30 °C y protegidos de la luz solar.\n\n<strong>PRESENTACIONES COMERCIALES </strong>\n\nFrasco PET x 100 mL. Caja x 1 frasco + dosificador + prospecto.","Delta > Suspensiones\, Jarabes y Gotas",,https://laboratoriosdelta.net/wp-content/uploads/2026/02/proximo-lanzamiento-02-scaled.png,,no,yes,yes,,no,,,,no,,no,default,default,default,default,default,default,set
,"AMOXICILINA 125 mg/5 mL",,"<strong>ACCIÓN TERAPÉUTICA</strong>\n\nAntibiótico\n\n&nbsp;\n\n<strong>LUGAR Y MECANISMO DE ACCION</strong>\n\nBactericida, su acción depende de su capacidad para alcanzar y unirse a las proteínas que ligan penicilinas (PBP-1 y PBP-3) localizadas en las membranas citoplasmáticas bacterianas. Como otras penicilinas inhiben la síntesis del septo y pared celular bacterianos probablemente por acetilación de las enzimas transpeptidasas unidas a las membrana; esto impide el entrecruzamiento de las cadenas de peptidoglicanos, lo que es necesario para la fuerza y rigidez de la pared celular bacteriana, además se inhibe la división celular y el crecimiento y con frecuencia se producen lisis y elongación de las bacterias sensibles, las bacterias que se dividen rápidamente son las más sensibles a la acción de las penicilinas.\n\n&nbsp;\n\n<strong>PROPIEDADES FARMACODINÁMICAS Y FARMACOCINETICAS</strong>\n\nAl igual que todas las penicilinas se distribuye ampliamente en la mayoría de los líquidos corporales y los huesos; la penetración en las células, ojos y a través de las meninges normales es escasa; la inflamación aumenta la cantidad de penicilinas que atraviesan la barrera hematoencefálica. Las penicilinas también atraviesan la placenta y aparecen en la sangre del cordón y en el líquido amniótico.\n\nSe elimina por vía renal tanto por secreción tubular como por filtración glomerular la cantidad excretada por filtración glomerular depende del grado de unión a proteínas.\n\n&nbsp;\n\n<strong>DOSIS RECOMENDADA</strong>\n\nAdultos: 10 mL - 20 mL cada 8 horas.\n\nPediátrica: 20 mg - 40 mg/Kg peso/día fraccionada cada 8 horas\n\n&nbsp;\n\n<strong>INDICACIONES</strong>\n\nAmoxicilina está indicada en el tratamiento de infecciones sistémicas o localizadas causadas por microorganismos gram-positivos y gram-negativos y algunos anaerobios sensibles. De primera línea en casos de otitis media aguda, sinusitis, faringoamigdalitis; infecciones causada por gérmenes susceptibles en el tracto respiratorio, piel y tracto genitourinario. Profilaxis de endocarditis bacteriana (previa a procedimientos dentales, abdominales o ginecológicos); como terapia combinada para erradicar <em>Helicobacter</em> <em>pylori</em>.\n\n&nbsp;\n\n<strong>USO EN EMBARAZO Y LACTANCIA</strong>\n\nLos efectos de la amoxicilina durante el embarazo y la lactancia no evidencian riesgo; el médico evaluará el riesgo - beneficio del tratamiento.\n\n<strong> </strong>\n\n<strong>CONTRAINDICACIONES</strong>\n\nAmoxicilina no debe ser administrada a pacientes con antecedentes de hipersensibilidad a antibióticos beta-lactámicos (ej.: penicilinas, cefalosporinas) o efectos de mononucleosis infecciosa (se ha asociado exantema eritematoso en pacientes con mononucleosis infecciosa tratados con amoxicilina).\n\n&nbsp;\n\n<strong>PRECAUCIONES</strong>\n\nEn pacientes con historia de alergias en general, colitis ulcerativa, enteritis regional, colitis asociada a antibióticos, mononucleosis infecciosa, durante el embarazo y la lactancia, insuficiencia renal y no utilizar en infecciones severas.\n\n&nbsp;\n\n<strong>EFECTOS ADVERSOS</strong>\n\nPodría presentar diarrea, náusea, vómitos, dolor abdominal y reacciones de hipersensibilidad.\n\n&nbsp;\n\n<strong>INTERACCIONES</strong> <strong>MEDICAMENTOSAS E INCOMPATIBILIDADES</strong>\n\nAlopurinol, antibióticos bacteriostáticos.\n\n&nbsp;\n\n<strong>INTOXICACION, SINTOMAS, TRATAMIENTO DE URGENCIA Y ANTIDOTO</strong>\n\nLa administración de altas dosis puede producir malestar gastrointestinal con náuseas, vómitos, y diarrea. En caso de sobredosis o ingestión accidental acuda a un centro de salud para iniciar un tratamiento sintomático y de soporte, se recomienda un control en el balance hidroelectrolítico.","Delta > Suspensiones\, Jarabes y Gotas",,https://laboratoriosdelta.net/wp-content/uploads/2023/10/Amoxicilina-125-mL-2.jpg,,no,yes,yes,,no,,,,no,,no,default,default,default,,,,
,"CLOTRIMAZOL 1 %",,"<b>ACCIÓN TERAPÉUTICA</b>\n\n<span style=""font-weight: 400;"">Antimicótico para uso dermatológico</span>\n\n&nbsp;\n\n<b>MECANISMO DE ACCION</b>\n\n<span style=""font-weight: 400;"">Clotrimazol posee acción antimicótica in vitro, siendo fungistática a las concentraciones de uno a diez microgramos por mililitro y fungicida de diez a veinte microgramos por mililitro, esta acción se ejerce sobre distintas especies de hongos de los géneros </span><i><span style=""font-weight: 400;"">Trichophyton, Microsporum, Epidermophyton</span></i><span style=""font-weight: 400;""> y Cándida, hongos productores de micosis superficiales en el hombre, así como hongos no patógenos como los géneros </span><i><span style=""font-weight: 400;"">Aspergillus y Penicillum</span></i><span style=""font-weight: 400;"">, aunque con actividad menor no se observa el desarrollo de resistencia micótica. Posee acciones antibacterianas respecto al </span><i><span style=""font-weight: 400;"">Staphylococcus aureus</span></i><span style=""font-weight: 400;""> o </span><i><span style=""font-weight: 400;"">espafilococus</span></i><span style=""font-weight: 400;""> y el </span><i><span style=""font-weight: 400;"">Streptoccocus pyogenes</span></i><span style=""font-weight: 400;""> (microorganismos comunes en infecciones de dermatomicosis), pero no muy potentes. Actúa también sobre el protozoario </span><i><span style=""font-weight: 400;"">Trichomonas vaginalis</span></i><span style=""font-weight: 400;"">. </span>\n\n&nbsp;\n\n<span style=""font-weight: 400;"">Inhibe la síntesis de ergostrol del citocromo P-450 del hongo, lo cual produce daño en la integridad de la pared celular del microorganismo.</span>\n\n&nbsp;\n\n<b>PROPIEDADES FARMACODINAMICAS, FARMACOCINETICAS Y TOXICOLOGICAS</b>\n\n<b>Absorción:</b><span style=""font-weight: 400;""> Penetración dérmica, absorción sistémica mínima.</span>\n\n&nbsp;\n\n<b>DOSIS Vía tópica:</b>\n\n<span style=""font-weight: 400;"">Lavar la zona afectada y aplicar 2 veces al día durante (por la mañana y por la noche) durante 3 a 4 semanas o de acuerdo a criterio médico. Clotrimazol crema se utiliza en regiones lampiñas. Para la onicomicosis se recomienda usar una cura oclusiva las 24 horas. La duración del tratamiento es variable y no debe usarlo por más o menos tiempo que el señalado por el médico.</span>\n\n&nbsp;\n\n<b>INDICACIONES</b>\n\n<span style=""font-weight: 400;"">CLOTRIMAZOL 1% en crema dérmica, está indicado para el tratamiento de: Candidiasis cutáneas producidas por Cándida albicans, Tinea corporis, Tinea cruris, Tinea pedis producidas por </span><i><span style=""font-weight: 400;"">Trichophyton rubrum, Trichophyton mentagrophytes, Epidermophytum floccosum</span></i><span style=""font-weight: 400;""> y </span><i><span style=""font-weight: 400;"">Microsporum canis</span></i><span style=""font-weight: 400;"">. (Culebrilla del cuerpo, culebrilla de la ingle ""prurito del jinete"" y culebrilla del pie o pie de atleta). Tinea versicolor producida por el </span><i><span style=""font-weight: 400;"">Estiroporos orviculare</span></i><span style=""font-weight: 400;""> (pitiriasis versicolor u hongo del sol). Otomicosis (oído externo), Onicomicosis.</span>\n\n&nbsp;\n\n<b>USO EN EMBARAZO Y LACTANCIA</b>\n\n<span style=""font-weight: 400;"">El clotrimazol para uso tópico no se absorbe. Su uso se considera inocuo durante el embarazo y la lactancia.</span>\n\n&nbsp;\n\n<b>CONTRAINDICACIONES</b>\n\n<span style=""font-weight: 400;"">Hipersensibilidad a los derivados imidazólicos.</span>\n\n&nbsp;\n\n<b>PRECAUCIONES</b>\n\n<span style=""font-weight: 400;"">Suspender el tratamiento en caso de irritación o sensibilización de la piel. El clotrimazol no debe entrar en contacto con los ojos.</span>\n\n&nbsp;\n\n<b>EFECTOS ADVERSOS</b>\n\n<span style=""font-weight: 400;"">Se han descrito casos aislados de sensibilización, caracterizados por irritación y sensación urente, que obligan a suspender el tratamiento.</span>\n\n&nbsp;\n\n<b>INTERACCIONES MEDICAMENTOSAS E INCOMPATIBILIDADES</b>\n\n<span style=""font-weight: 400;"">No descritas.</span>\n\n&nbsp;\n\n<b>INTOXICACION, SINTOMAS, TRATAMIENTO DE URGENCIA Y ANTIDOTOS</b>\n\n<span style=""font-weight: 400;"">En caso de uso prolongado o en grandes superficies, aumenta la manifestación de sus reacciones adversas.</span>\n\n<span style=""font-weight: 400;"">En caso de tener contacto con los ojos, lavar estos con abundante agua y acudir a un especialista.</span>","Delta > Cremas\, Pomadas\, Ungüentos",,,,no,yes,yes,,no,,,,no,,no,default,default,default,,,,
,"KETOCONAZOL 2 %",,"<b>ACCIÓN TERAPÉUTICA</b>\n\n<span style=""font-weight: 400;"">Antimicótico</span>\n\n&nbsp;\n\n<b>MECANISMO DE ACCION</b>\n\n<span style=""font-weight: 400;"">Fungistático; puede ser fungicida, dependiendo de la concentración; inhibe la biosíntesis de ergosterol y otros esteroles, lesionando la membrana de la pared celular fúngica y alterando su permeabilidad; como consecuencia, puede producirse la pérdida de elementos intracelulares esenciales; también inhibe la biosíntesis de triglicéridos y fosfolípidos de los hongos, además inhibe la actividad enzimática oxidativa y peroxidativa, dando como resultado un acúmulo intracelular de concentraciones tóxicas de peróxido de hidrógeno, lo cual puede contribuir al deterioro de los orgánulos subcelulares y a la necrosis celular. En el tratamiento de Cándida albicans inhibe la transformación de las blastoporas en la forma micelial invasiva.</span>\n\n&nbsp;\n\n<b>USOS DURANTE EL EMBARAZO Y LA LACTANCIA</b>\n\n<span style=""font-weight: 400;"">El Ketoconazol atraviesa la placenta. No se han realizado estudios adecuados y bien controlados en humanos. Sin embargo, estudios realizados en ratas a las que se administraron dosis de 80 mg/Kg de peso corporal al día (10 veces la dosis humana máxima recomendada) han demostrado que el Ketoconazol produce sindactilia y oligodactilia. También se ha demostrado que el Ketoconazol es embriotóxico en ratas a las que se les administraron dosis mayores de 80 mg/Kg durante el primer trimestre. (Categoría C para el embarazo según la FDA).</span>\n\n<span style=""font-weight: 400;"">No se sabe si el Ketoconazol, aplicado regularmente por vía tópica, se absorbe sistémicamente en proporción suficiente como para ser excretado en cantidades detectables en la leche materna. Sin embargo, no se detectó absorción sistémica después de una aplicación única en el pecho, espalda y brazos de voluntarios sanos. En consecuencia, el Ketoconazol por vía tópica es improbable que se excrete en la leche materna en cantidades significativas o que produzca efectos adversos en el lactante.</span>\n\n<span style=""font-weight: 400;"">Es importante que consulte siempre con su médico o farmacéutico antes de aplicar este medicamento durante el embarazo y la lactancia.  Se debe evaluar el riesgo - beneficio del tratamiento.</span>\n\n&nbsp;\n\n<b>PROPIEDADES FARMACODINAMICAS, FARMACOCINETICAS Y TOXICOLOGICAS</b>\n\n<i><span style=""font-weight: 400;"">Absorción:</span></i><span style=""font-weight: 400;""> No se detecta absorción sistémica a nivel de sensibilidad de 5 nanogramos por ml en la sangre durante el periodo de 72 horas que sigue a una aplicación tópica única en el pecho, espalda y brazos de voluntarios normales.</span>\n\n&nbsp;\n\n<b>DOSIS</b>\n\n<span style=""font-weight: 400;"">Aplicar vía tópica sobre la zona afectada de la piel una a tres veces al día. </span>\n\n<span style=""font-weight: 400;"">Es apto para niños y adultos.</span>\n\n&nbsp;\n\n<b>INDICACIONES</b>\n\n<span style=""font-weight: 400;"">Ketoconazol está indicado para el tratamiento de la dermatomicosis en casos de: tiña del cuerpo, tiña del ingle o prurito del jinete, tiña de la barba, tiña del cuero cabelludo, tiña del pie o pie de atleta, pitiriasis versicolor, hongo del sol, candidiasis cutánea, dermatitis seborreica y paroniquia.</span>\n\n&nbsp;\n\n<b>CONTRAINDICACIONES</b>\n\n<span style=""font-weight: 400;"">En pacientes con hipersensibilidad al principio activo.</span>\n\n&nbsp;\n\n<b>PRECAUCIONES</b>\n\n<span style=""font-weight: 400;"">Consultar con su médico si no hay mejoría en dos a cuatro semanas de tratamiento. Emplear medidas higiénicas para curar y evitar la reinfección. El uso prolongado excepcionalmente puede dar lugar a sensibilización de la piel produciendo reacciones de hipersensibilidad con el subsiguiente uso tópico o sistemático del medicamento.</span>\n\n<span style=""font-weight: 400;"">Durante el tratamiento de Tinea cruris no llevar ropa interior ajustada o hecha de materiales sintéticos; en su lugar, vestir ropa interior suelta de algodón</span>\n\n&nbsp;\n\n<b>EFECTOS ADVERSOS</b>\n\n<span style=""font-weight: 400;"">Podría presentarse prurito, picor o irritación de la piel, lo cual requiere atención médica.</span>\n\n&nbsp;\n\n<b>INTERACCIONES MEDICAMENTOSAS E INCOMPATIBILIDADES</b>\n\n<span style=""font-weight: 400;"">Podría presentar leve irritación de la zona afectada cuando se administra simultáneamente con cremas dermatológicas ricas en alcohol o muy perfumadas.</span>\n\n&nbsp;\n\n<b>INTOXICACION, SINTOMAS, TRATAMIENTO DE URGENCIA Y ANTIDOTOS</b>\n\n<span style=""font-weight: 400;"">El uso prolongado de Ketoconazol vía tópica excepcionalmente puede dar lugar a sensibilización de la piel, produciendo reacciones de hipersensibilidad con el subsiguiente uso tópico o sistémico del medicamento. </span>\n\n&nbsp;\n\n<span style=""font-weight: 400;"">Puesto que no existe un antídoto específico para la sobredosis de antifúngicos vía tópica, el tratamiento es sintomático y de mantenimiento, con la posible utilización de lo siguiente:</span>\n<ul>\n 	<li style=""font-weight: 400;"" aria-level=""1""><span style=""font-weight: 400;"">Por vía tópica una sobre dosificación podría producir alergias dérmicas, enrojecimiento de la zona donde se aplicó el medicamento, los cuales dejan su evolución una vez suspendido el tratamiento o si es necesario lavar la zona afectada con abundante suero fisiológico.</span></li>\n 	<li style=""font-weight: 400;"" aria-level=""1""><span style=""font-weight: 400;"">Recurrir a un centro médico para un tratamiento sintomático y de apoyo. </span></li>\n</ul>","Delta > Cremas\, Pomadas\, Ungüentos",,,,no,yes,yes,,no,,,,no,,no,default,default,default,,,,
,"SALBUTAMOL 2 mg/5 mL",,"<b>ACCIÓN TERAPÉUTICA</b>\n\n<span style=""font-weight: 400;"">Antiasmático, broncodilatador.</span>\n\n&nbsp;\n\n<span style=""font-weight: 400;"">El Salbutamol es un fármaco que estimula los receptores beta adrenérgicos de los pulmones, provocando la relajación de los músculos y permitiendo que las vías respiratorias de los pulmones se abran. En las situaciones en las que las vías respiratorias se contraen, como en el asma, se hace difícil que el aire entre y salga de los pulmones. El salbutamol, abriendo las vías respiratorias, invierte los efectos del asma y ayuda al paciente a respirar.</span>\n\n&nbsp;\n\n<b>PROPIEDADES FARMACODINAMICAS, FARMACOCINETICAS Y TOXICOLOGICAS</b>\n\n<b>Absorción:</b><span style=""font-weight: 400;""> La absorción y metabolismo de salbutamol dependiendo la vía de administración se puede dar en los pulmones o en el tracto gastrointestinal. En los pulmones tras la inhalación, el 20-47% del principio activo pasa a las vías bronquiales más profundas, mientras que el resto se deposita en la boca y en la parte superior del tracto respiratorio y se traga posteriormente. La fracción que se deposita en las vías respiratorias se absorbe en los tejidos pulmonares y la circulación, pero no se metaboliza en el pulmón. Tiene que alcanzar la circulación sistémica para luego metabolizarse en el hígado y posteriormente excretarse por vía renal como fármaco inalterado y como sulfato fenólico. Si la administración fue por vía oral el salbutamol entra al tracto gastrointestinal y sufre un considerable </span><a href=""http://es.wikipedia.org/w/index.php?title=Metabolismo_de_primer_paso&amp;action=edit&amp;redlink=1""><span style=""font-weight: 400;"">metabolismo de primer paso</span></a><span style=""font-weight: 400;""> (hígado), hasta formar el sulfato fenólico. Tanto el fármaco inalterado como el conjugado se excretan principalmente con la orina. </span><b>Excreción:</b><span style=""font-weight: 400;""> Un gran porcentaje de salbutamol administrado por vía intravenosa, oral o por inhalación, se excreta en un plazo de 72 horas principalmente por vía renal. El salbutamol, al ser un agonista Beta 2 adrenérgico, estimula a los receptores beta 2 que se encuentran en gran número en el músculo liso bronquial; esta estimulación activa las proteínas Gs y aumenta el AMPc, lo que causa disminución del tono muscular (broncodilatación). Además, también aumenta la conductancia de </span><a href=""http://es.wikipedia.org/wiki/Calcio""><span style=""font-weight: 400;"">calcio</span></a><span style=""font-weight: 400;""> y </span><a href=""http://es.wikipedia.org/wiki/Potasio""><span style=""font-weight: 400;"">potasio</span></a><span style=""font-weight: 400;""> en las células musculares bronquiales causando hiperpolarización de la membrana y relajación. El fármaco también actúa sobre las células inflamatorias estimulando los receptores beta 2 presentes en ellas y evitando así la liberación de mediadores y citosinas inflamatorias.</span>\n\n<b>MECANISMO DE ACCION</b>\n\n<span style=""font-weight: 400;"">Los broncodilatadores adrenérgicos actúan estimulando los receptores adrenérgicos beta-2 en los pulmones para relajar el músculo liso bronquial, aliviando de este modo el broncoespasmo, aumentando la capacidad vital, disminuyendo el volumen residual y reduciendo la resistencia de las vías aéreas. Se cree que esta acción es consecuencia del aumento en la producción de adenosina 3’, 5’ monofosfato cíclico (AMP-3’, 5’ cíclico) producido por la activación de la enzima adenilciclasa.</span>\n\n&nbsp;\n\n<b>USO DURANTE EL EMBARAZO Y LA LACTANCIA:</b>\n\n<span style=""font-weight: 400;"">No se han hecho estudios adecuados y bien controlados en humanos. Sin embargo, </span>\n\n<span style=""font-weight: 400;"">algunos estudios en ratones CD-1 han demostrado que el salbutamol produce la </span>\n\n<span style=""font-weight: 400;"">formación de paladar hendido cuando se administra por vía subcutánea a dosis de 0.25 mg/kg (correspondiente a 0.4 veces la dosis oral máxima humana y a 14 veces la dosis máxima humana por inhalación) y 2.5 mg/kg (correspondiente a 140 veces la dosis máxima humana por inhalación). Otro estudio en ratones CD-1 ha demostrado que el salbutamol produce malformaciones cuando se administra por vía oral en dosis de 25 y 50 mg/kg (correspondiente al menos de 32 veces la dosis oral máxima diaria humana). También, un estudio de reproducción en conejos Stride Dutch ha demostrado que el salbutamol produce craneocrisis cuando se administra en dosis de 50 mg/kg (correspondiente a 78 veces la dosis oral máxima humana y 2800 veces la dosis máxima humana por inhalación). (Categoría C para el embarazo según la FDA).</span>\n\n<span style=""font-weight: 400;"">Aunque no se sabe si el salbutamol se excreta en leche materna, no se han descrito problemas en humanos. Sin embargo, algunos estudios en animales han demostrado que el salbutamol es potencialmente tumorígeno.</span>\n\n&nbsp;\n\n<span style=""font-weight: 400;"">Es importante que consulte con su médico antes de administrar este medicamento durante el embarazo y la lactancia para evaluar el riesgo – beneficio del tratamiento.</span>\n\n&nbsp;\n\n<b>DOSIS</b>\n\n<span style=""font-weight: 400;"">Adultos y mayores de 12 años: 5 mL a 10 mL / 3 a 4 veces al día.</span>\n\n<span style=""font-weight: 400;"">Niños de 6 a 12 años: 5 mL / 3 a 4 veces al día.                                                   </span>\n\n<span style=""font-weight: 400;"">Niños de 2 a 6 años: 2,5 mL a 5 mL / 3 a 4 veces al día.</span>\n\n&nbsp;\n\n<b>INDICACIONES</b>\n\n<span style=""font-weight: 400;"">Salbutamol tiene un efecto rápido utilizado para el tratamiento sintomático y prevención del broncoespasmo en padecimientos como el asma bronquial y  enfermedad pulmonar obstructiva crónica como en: asma bronquial, bronquitis y enfisema pulmonar.</span>\n\n&nbsp;\n\n<b>CONTRAINDICACIONES</b>\n\n<span style=""font-weight: 400;"">Hipersensibilidad al medicamento, embarazo, hipertensión arterial, diabetes mellitus.</span>\n\n&nbsp;\n\n<b>PRECAUCIONES</b>\n\n<span style=""font-weight: 400;"">Enfermedades cardiovasculares, ancianos, lactancia y durante el primer trimestre del embarazo, convulsiones, insuficiencia renal, arritmias cardíacas, cardiopatía isquémica, hipertensión arterial, hipertiroidismo, cetoácidosis, feocromocitoma y Parkinson</span>\n\n<span style=""font-weight: 400;"">.</span>\n\n<b>EFECTOS ADVERSOS</b>\n\n<span style=""font-weight: 400;"">Palpitaciones, dolor precordial, arritmias cardíacas, hipertensión arterial, náuseas, vómitos, temblor, ansiedad, mareo, insomnio, cefalea, calambres musculares, hipokalemia, retención urinaria, anorexia, broncoespasmo paradojal.</span>\n\n&nbsp;\n\n<b>INTERACCIONES</b> <b>MEDICAMENTOSAS E INCOMPATIBILIDADES</b>\n\n<span style=""font-weight: 400;"">Algunos medicamentos que interaccionan con el salbutamol son: anestésicos hidrocarburos halogenados, antidepresivos tricíclicos, antihipertensivos, bloqueantes adrenérgicos beta, cocaína, digitálicos, levodopa, nitritos, otros simpaticomiméticos, hormonas tiroideas, xantinas.</span>\n\n&nbsp;\n\n<b>INTOXICACION, SINTOMAS, TRATAMIENTO DE URGENCIA Y ANTIDOTOS</b>\n\n<span style=""font-weight: 400;"">Se recomienda un tratamiento que cosiste en los siguiente:</span>\n<ul>\n 	<li style=""font-weight: 400;"" aria-level=""1""><span style=""font-weight: 400;"">En sobredosis oral puede realizarse lavado gástrico.</span></li>\n 	<li style=""font-weight: 400;"" aria-level=""1""><span style=""font-weight: 400;"">Si es necesario, administrar un bloqueante beta-adrenérgico cardioselectivo (por ejemplo: acebutolol, atenolol, metoprolol) para las arritmias cardiacas; sin embargo, el bloqueante beta-adrenérgico debe utilizarse con precaución, porque puede inducir broncoespasmo severo o un ataque asmático.</span></li>\n</ul>","Delta > Suspensiones\, Jarabes y Gotas",,,,no,yes,yes,,no,,,,no,,no,default,default,default,,,,
,"SILDENAFIL FORTE PARA HOMBRES (Sildenafil) 100mg",,"<b>ACCIÓN TERAPÉUTICA</b>\n\n<span style=""font-weight: 400;"">Para la Disfunción eréctil.</span>\n\n&nbsp;\n\n<b>MECANISMO DE ACCION</b>\n\n<span style=""font-weight: 400;"">Parte del proceso fisiológico de la erección incluye al </span><a href=""http://es.wikipedia.org/wiki/Sistema_nervioso_parasimp%C3%A1tico""><span style=""font-weight: 400;"">sistema nervioso parasimpático</span></a><span style=""font-weight: 400;""> causando la liberación de </span><a href=""http://es.wikipedia.org/wiki/%C3%93xido_n%C3%ADtrico""><span style=""font-weight: 400;"">óxido nítrico</span></a><span style=""font-weight: 400;""> (NO) en el </span><a href=""http://es.wikipedia.org/wiki/Cuerpo_cavernoso""><span style=""font-weight: 400;"">cuerpo cavernoso</span></a><span style=""font-weight: 400;""> del pene. El NO se une a los receptores de la enzima </span><a href=""http://es.wikipedia.org/w/index.php?title=Guanilato_ciclasa&amp;action=edit&amp;redlink=1""><span style=""font-weight: 400;"">guanilato ciclasa</span></a><span style=""font-weight: 400;"">, lo que deriva en niveles aumentados de </span><a href=""http://es.wikipedia.org/wiki/Guanos%C3%ADn_monofosfato_c%C3%ADclico""><span style=""font-weight: 400;"">guanosín monofosfato cíclico</span></a><span style=""font-weight: 400;""> (</span><a href=""http://es.wikipedia.org/wiki/GMPc""><span style=""font-weight: 400;"">GMPc</span></a><span style=""font-weight: 400;"">), llevando a una relajación del </span><a href=""http://es.wikipedia.org/wiki/M%C3%BAsculo_liso""><span style=""font-weight: 400;"">músculo liso</span></a><span style=""font-weight: 400;""> del cuerpo cavernoso, mediante </span><a href=""http://es.wikipedia.org/wiki/Vasodilataci%C3%B3n""><span style=""font-weight: 400;"">vasodilatación</span></a><span style=""font-weight: 400;""> de las </span><a href=""http://es.wikipedia.org/wiki/Arterias_helicinas_del_pene""><span style=""font-weight: 400;"">arterias helicinas del interior del pene</span></a><span style=""font-weight: 400;"">. La vasodilatación incrementa el flujo de sangre en el interior del pene, causando así la erección. El sildenafilo (sildenafil) es un potente y selectivo </span><a href=""http://es.wikipedia.org/wiki/Inhibidor""><span style=""font-weight: 400;"">inhibidor</span></a><span style=""font-weight: 400;""> específico de la </span><a href=""http://es.wikipedia.org/wiki/Fosfodiesterasa""><span style=""font-weight: 400;"">fosfodiesterasa</span></a><span style=""font-weight: 400;""> tipo 5 (PDE5) que es responsable de la degradación del cGMP en el cuerpo cavernoso. La estructura molecular del sildenafilo es similar a la del cGMP compitiendo por la unión de éste a PDE5. El resultado es que el cGMP permanece más tiempo en el interior del </span><a href=""http://es.wikipedia.org/wiki/Pene""><span style=""font-weight: 400;"">pene</span></a><span style=""font-weight: 400;"">, produciéndose erecciones más potentes y mantenidas. Sin estimulación sexual, y por ende, en ausencia de activación del sistema NO/cGMP, este fármacos no causa una erección. El sildenafilo es </span><a href=""http://es.wikipedia.org/wiki/Metabolismo""><span style=""font-weight: 400;"">metabolizado</span></a><span style=""font-weight: 400;""> por las </span><a href=""http://es.wikipedia.org/wiki/Enzima""><span style=""font-weight: 400;"">enzimas</span></a> <a href=""http://es.wikipedia.org/wiki/H%C3%ADgado""><span style=""font-weight: 400;"">hepáticas</span></a><span style=""font-weight: 400;""> y excretado tanto por el </span><a href=""http://es.wikipedia.org/wiki/H%C3%ADgado""><span style=""font-weight: 400;"">hígado</span></a><span style=""font-weight: 400;""> como por los </span><a href=""http://es.wikipedia.org/wiki/Ri%C3%B1ones""><span style=""font-weight: 400;"">riñones</span></a><span style=""font-weight: 400;"">. Tomado con una dieta altamente grasa, su tiempo de absorción se incrementa en más de una hora y su concentración máxima en el </span><a href=""http://es.wikipedia.org/wiki/Plasma_sangu%C3%ADneo""><span style=""font-weight: 400;"">plasma sanguíneo</span></a><span style=""font-weight: 400;""> se reduce en dos terceras partes, disminuyendo considerablemente por tanto sus efectos. </span>\n\n<b>PROPIEDADES FARMACODINAMICAS, FARMACOCINETICAS Y TOXICOLOGICAS</b>\n\n<i><span style=""font-weight: 400;"">Absorción</span></i><span style=""font-weight: 400;"">: El sildenafil se absorbe rápidamente por la vía oral. La absorción se demora aproximadamente una hora cuando se roma con comidas, también afecta en su absorción un alto contenido de grasas.</span>\n\n<i><span style=""font-weight: 400;"">Distribución:</span></i><span style=""font-weight: 400;""> El sildenafil es ampliamente distribuido alcanza una concentración máxima en el plasma entre los 30 a 120 minutos después de su administración en ayunas. Tiene una unión aproximada del 96% con proteínas plasmáticas.</span>\n\n<i><span style=""font-weight: 400;"">Biotransformación:</span></i><span style=""font-weight: 400;""> El sildenafil es metabolizado en el hígado por el citocromo CYP3A4 principalmente y el CYP2C9 como ruta secundaria. El principal metabolito N-desmetil sildenafil tiene una actividad del 20%.</span>\n\n<i><span style=""font-weight: 400;"">Excreción:</span></i><span style=""font-weight: 400;""> Es excretado como metabolitos activos e inactivos por las heces en un 80% y con la orina en un 13%. La eliminación del sildenafil se reduce en personas mayores de 65 años y en pacientes con trastornos renales graves, con lo cual la concentración del fármaco en el plasma prácticamente se duplica. En pacientes con cirrosis hepática de leve a moderada también se reduce la eliminación del sildenafil, aumentando la concentración el plasma en un 50%.</span>\n\n<i><span style=""font-weight: 400;"">Biodisponibilidad:</span></i><span style=""font-weight: 400;""> Es aproximadamente del 40% con una vida media de 4 a 5 horas.</span>\n\n&nbsp;\n\n<b>USO DURANTE EL EMBARAZO Y LA LACTANCIA</b>\n\n<span style=""font-weight: 400;"">El uso de sildenafil NO está indicado en mujeres.</span>\n\n<b>DOSIS</b>\n\n<i><span style=""font-weight: 400;"">Dosis Adultos</span></i><span style=""font-weight: 400;"">: Mitad de un comprimido o un comprimido media hora a cuatro horas antes de la actividad sexual.</span>\n\n<i><span style=""font-weight: 400;"">Dosis diaria máxima: 100 mg/día</span></i>\n\n&nbsp;\n\n<b>INDICACIONES</b>\n\n<span style=""font-weight: 400;"">Para el tratamiento de la disfunción eréctil.</span>\n\n&nbsp;\n\n<b>CONTRAINDICACIONES</b>\n\n<span style=""font-weight: 400;"">Pacientes que están usando nitratos orgánicos en forma regular o esporádicamente y en enfermedades cardiovasculares pre-existentes.</span>\n\n&nbsp;\n\n<b>PRECAUCIONES</b>\n\n<span style=""font-weight: 400;"">Pacientes que han sufrido infarto de miocardio, ataque fulminante o arritmia durante los últimos seis meses, hipotensión en estado de reposo o hipertensión arterial, insuficiencia cardiaca o enfermedad arterocoronaria que le cause angina inestable o esporádica, retinitis pigmentosa y deformaciones anatómicas del pene.</span>\n\n<span style=""font-weight: 400;"">No se debe tomar SILDENAFIL FORTE PARA HOMBRES más de una vez al día.</span>\n\n<span style=""font-weight: 400;"">No debe tomar más comprimidos de los recomendados por el médico.</span>\n\n&nbsp;\n\n<b>EFECTOS ADVERSOS</b>\n\n<span style=""font-weight: 400;"">Consulte a su médico si se presentan algunos de los siguientes síntomas: erección prolongada, priapismo, ansiedad, algunas veces hematuria, diplopía, pérdida temporal de la visión, disminución de la visión, enrojecimiento de los ojos o apariencia de hemorragia, ardor en los ojos, presión o inflamación ocular, presión intraocular creciente, enfermedad vascular retinal o hemorragia, desprendimiento o tracción del vítreo.</span>\n\n<span style=""font-weight: 400;""> </span>\n\n<b>INTERACCIONES MEDICAMENTOSAS E INCOMPATIBILIDADES</b>\n\n<span style=""font-weight: 400;"">Sildenafil está contraindicado en pacientes que siguen un tratamiento con nitratos orgánicos debido a que su interacción causa hipotensión grave. Sildenafil es metabolizado por la enzima citocromo P450 y en particular por la CYP3A4, al seguir un tratamiento con medicamentos que inhiben estas enzimas como la cimetidina y la eritromicina causan un aumento de la concentración de sildenafil en plasma causando efectos indeseados. Por otro lado, la rifampicina disminuye la concentración plasmática del sildenafil. Diuréticos de asa y ahorradores de potasio, bloqueantes adrenérgicos beta no específicos aumentan el AUC del metabolito activo N-desmetil sildenafil.</span>\n\n<span style=""font-weight: 400;"">Por ejemplo, la cimetidina causa un aumento del 56% en la concentración del sildenafil en el plasma y la eritromicina del 182%.</span>\n\n&nbsp;\n\n<b>INTOXICACION, SINTOMAS, TRATAMIENTO DE URGENCIA Y ANTIDOTOS</b>\n\n<span style=""font-weight: 400;"">En caso de sobredosis se puede experimentar un incremento en los efectos adversos y su gravedad; en este caso acuda a un centro hospitalario para la valoración y tratamiento de soporte.</span>","Delta > Comprimidos\, Cápsulas\, Sobres\, Tabletas",,,,no,yes,yes,,no,,,,no,,no,default,default,default,,,,
,"CARBAMAZEPINA 200 mg",,"<b>ACCIÓN TERAPÉUTICA</b>\n\n<span style=""font-weight: 400;"">Anticonvulsivante</span>\n\n&nbsp;\n\n<b>MECANISMO DE ACCION</b>\n\n<span style=""font-weight: 400;"">Anticonvulsivo</span><span style=""font-weight: 400;"">. - Se desconoce el mecanismo de acción exacto, puede deprimir la actividad del núcleo ventral anterior del tálamo, pero el significado no está completamente establecido. </span><span style=""font-weight: 400;"">Antineurálgico</span><span style=""font-weight: 400;"">. - Se desconoce el mecanismo de acción antineurálgico exactamente, puede actuar en el sistema nervioso central (SNC), disminuyendo la transmisión sináptica o disminuyendo la sumación de la estimulación temporal que da lugar a la descarga neuronal. </span><span style=""font-weight: 400;"">Antidiurético. -</span><span style=""font-weight: 400;""> Estimula la liberación de hormona antidiurética (ADH) y potencia su acción favorecedora de la reabsorción de agua en los túmulos distales renales. </span><span style=""font-weight: 400;"">Antimaníaco</span><span style=""font-weight: 400;"">-</span><span style=""font-weight: 400;"">antipsicótico</span><span style=""font-weight: 400;"">. - Se desconoce el mecanismo exacto, puede inhibir el fenómeno de encendido en el sistema límbico y en la región del lóbulo temporal.</span>\n\n&nbsp;\n\n<b>PROPIEDADES FARMACODINAMICAS, FARMACOCINETICAS Y TOXICOLOGICAS</b>\n\n<i><span style=""font-weight: 400;"">Absorción</span></i><span style=""font-weight: 400;"">: Lenta y variable, pero se absorbe casi completamente en el tracto gastrointestinal.</span>\n\n<i><span style=""font-weight: 400;"">Metabolism</span></i><span style=""font-weight: 400;"">o Hepático, puede inducir su propia su propio metabolismo. Un metabolito carbamazepina-10-11-epoxido: Moderada (50%).</span>\n\n<i><span style=""font-weight: 400;"">Excreción:</span></i><span style=""font-weight: 400;""> Renal: 72% (3% como fármaco inalterado)</span>\n\n<span style=""font-weight: 400;"">Fecal: 28%</span>\n\n<span style=""font-weight: 400;"">En leche materna: puede alcanzar el 60% de la concentración plasmática materna.</span>\n\n&nbsp;\n\n<b>DOSIS</b>\n\n<i><span style=""font-weight: 400;"">Adultos</span></i><i><span style=""font-weight: 400;"">: </span></i><span style=""font-weight: 400;"">200 mg cada 12 horas, incrementar progresivamente hasta 8 comprimidos al día como máximo de acuerdo a criterio médico.</span>\n\n&nbsp;\n\n<b>INDICACIONES</b>\n\n<span style=""font-weight: 400;"">Carbamazepina está indicado para el tratamiento de:</span>\n\n<span style=""font-weight: 400;"">- Diversos tipos de epilepsia, crisis epilépticas parciales o generalizadas con componentes tónico clónico (gran mal). </span>\n\n<span style=""font-weight: 400;"">- Manía</span>\n\n<span style=""font-weight: 400;"">- Trastornos maniaco depresivos (bipolares).</span>\n\n<span style=""font-weight: 400;"">- Neuralgia esencial del trigémino, neuralgia del trigémino debido a esclerosis múltiples y neuralgia del glosofaríngeo.</span>\n\n&nbsp;\n\n<b>CONTRAINDICACIONES</b>\n\n<span style=""font-weight: 400;"">En pacientes con historia de depresión medular, hipersensibilidad al medicamento, tratamiento concomitante con antidepresivos tricíclicos, trastornos cardiovasculares, discrasias sanguíneas.</span>\n\n&nbsp;\n\n<b>PRECAUCIONES</b>\n\n<span style=""font-weight: 400;"">Pacientes con alteración en la función hepática o renal, enfermedades cardiovasculares, glaucoma, ancianos, personas que necesitan estar en estado de alerta, durante embarazo y lactancia. Evitar ingesta de bebidas alcohólicas durante el tratamiento. </span>\n\n&nbsp;\n\n<b>EFECTOS ADVERSOS</b>\n\n<span style=""font-weight: 400;"">Podría presentar estupor, debilidad, confusión, letargia, irritabilidad, depresión respiratoria, somnolencia, vértigo, diplopía, visión borrosa, incremento de la crisis convulsiva, náuseas, agranulocitosis, eosinofilia, reacciones de hipersensibilidad, linfodenopatía, esplenomegalia, hipertensión, hepatopatía, hipocalcemia, nistagmo, calambres musculares.</span>\n\n&nbsp;\n\n<b>USO DURANTE EL EMBARAZO Y LA LACTANCIA</b>\n\n<i><span style=""font-weight: 400;"">Embarazo</span></i><span style=""font-weight: 400;"">. – Carbamazepina únicamente debe ser administrado durante el embarazo si el posible beneficio justifica el posible riesgo para el feto y bajo monitoreo del paciente.</span>\n\n<i><span style=""font-weight: 400;"">Lactancia</span></i><span style=""font-weight: 400;"">. – Carbamazepina pasa a la leche materna. Se recomienda el criterio del médico para interrumpir la lactancia o el medicamento. </span>\n\n&nbsp;\n\n<b>INTERACCIONES</b> <b>MEDICAMENTOSAS E INCOMPATIBILIDADES</b>\n\n<span style=""font-weight: 400;"">Carbamazepina interacciona con: eritromicina, fenitoína, fenobarbital, warfarina y anticonceptivos orales.</span>\n\n&nbsp;\n\n<b>INTOXICACION, SINTOMAS, TRATAMIENTO DE URGENCIA Y ANTIDOTOS</b>\n\n<span style=""font-weight: 400;"">Los síntomas de sobredosis corresponden a una intensificación de los efectos adversos descritos anteriormente.</span>\n\n<span style=""font-weight: 400;"">En caso de sobredosificación debe recurrir a un centro asistencial para evaluar la gravedad de la intoxicación y tratar adecuadamente mediante un lavado gástrico y tomar las medidas habituales de apoyo sin que hasta el momento exista un antídoto específico.</span>","Delta > Comprimidos\, Cápsulas\, Sobres\, Tabletas",,,,no,yes,yes,,no,,,,no,,no,default,default,default,,,,
,"NEXCLAV (Amoxicilina 875 mg + Ácido Clavulánico 125 mg)",,"<b>ACCIÓN TERAPÉUTICA: </b>\n\n<span style=""font-weight: 400;"">Antibiótico</span>\n\n&nbsp;\n\n<b>MECANISMO DE ACCIÓN:</b>\n\n<span style=""font-weight: 400;"">La amoxicilina es una penicilina semisintética (antibiótico betalactámico) que inhibe uno o más enzimas (a menudo denominadas proteínas de unión a penicilina, PBP) en la vía biosintética de peptidoglicano bacteriano, que es un componente estructural integral de la pared celular bacteriana.</span>\n\n<span style=""font-weight: 400;"">La inhibición de la síntesis de peptidoglicano conduce al debilitamiento de la pared celular, que suele ser seguido de lisis celular y muerte.</span>\n\n<span style=""font-weight: 400;"">La amoxicilina es susceptible a la degradación por beta-lactamasas producidas por bacterias resistentes y por lo tanto, el espectro de actividad de la amoxicilina sola no incluye organismos que producir estas enzimas.</span>\n\n<span style=""font-weight: 400;"">El ácido clavulánico es un betalactámico estructuralmente relacionado con las penicilinas. Inactiva algunas betalactamasas de este modo previene la Inactivación de la amoxicilina. El ácido clavulánico por sí solo no ejerce un efecto antibacteriano clínicamente útil.</span>\n\n&nbsp;\n\n<b>FARAMCOCINETICA</b>\n\n<b>Absorción</b>\n\n<span style=""font-weight: 400;"">La amoxicilina y el ácido clavulánico están completamente disociados en solución acuosa a pH fisiológico. Ambos componentes se absorben rápida y bien por vía oral de administración. En la administración oral, la amoxicilina y el ácido clavulánico tienen aproximadamente un 70% de biodisponibilidad. Los perfiles plasmáticos de ambos componentes son similares y el tiempo para alcanzar la concentración plasmática máxima</span>\n\n<span style=""font-weight: 400;"">(Tmax) en cada caso es de aproximadamente una hora.</span>\n\n&nbsp;\n\n<b>Distribución</b>\n\n<span style=""font-weight: 400;"">Aproximadamente el 25% del ácido clavulánico plasmático total y el 18% de la amoxicilina plasmática total se unen a proteína. El volumen aparente de distribución es de alrededor de 0,3-0,4 l/kg para la amoxicilina y alrededor de 0,2 l/kg para ácido clavulánico.</span>\n\n&nbsp;\n\n<b>Biotransformación</b>\n\n<span style=""font-weight: 400;"">La amoxicilina se excreta parcialmente en la orina como ácido peniciloico inactivo en cantidades equivalentes hasta 10 a 25% de la dosis inicial. El ácido clavulánico se metaboliza ampliamente en el hombre y se elimina en orina y heces, y como dióxido de carbono en el aire espirado.</span>\n\n&nbsp;\n\n<b>Eliminación</b>\n\n<span style=""font-weight: 400;"">La principal vía de eliminación de la amoxicilina es la vía renal, mientras que la del ácido clavulánico es tanto renales como no renales.</span>\n\n<span style=""font-weight: 400;"">Amoxicilina/ácido clavulánico tiene una vida media de eliminación de aproximadamente una hora y un Aclaramiento total medio de aproximadamente 25 l/h en sujetos sanos. Aproximadamente del 60 al 70% de la amoxicilina y aproximadamente del 40 al 65% del ácido clavulánico se excretan sin cambios en orina durante las primeras 6 h después de la administración de una dosis única de Nexclav 250 mg/125 mg o 500 mg/comprimidos de 125 mg. Varios estudios han encontrado que la excreción urinaria es del 50-85% para</span>\n\n<span style=""font-weight: 400;"">amoxicilina y entre 27-60% para ácido clavulánico durante un período de 24 horas. En el caso de ácido clavulánico, la mayor cantidad de fármaco se excreta durante las primeras 2 horas después de la administración.</span>\n\n&nbsp;\n\n<b>INDICACIONES TERAPÉUTICAS:</b>\n\n<span style=""font-weight: 400;"">Tratamiento de las siguientes infecciones en adultos y niños </span>\n\n<span style=""font-weight: 400;""> Sinusitis bacteriana aguda (diagnosticada adecuadamente) </span>\n\n<span style=""font-weight: 400;""> Otitis media aguda </span>\n\n<span style=""font-weight: 400;""> Exacerbaciones agudas de bronquitis crónica (diagnosticadas adecuadamente) </span>\n\n<span style=""font-weight: 400;""> Neumonía adquirida en la comunidad </span>\n\n<span style=""font-weight: 400;""> Cistitis </span>\n\n<span style=""font-weight: 400;""> Pielonefritis </span>\n\n<span style=""font-weight: 400;""> Infecciones de la piel y tejidos blandos, en particular celulitis, mordeduras de animales, abscesos dentales graves con predominio de celulitis. </span>\n\n<span style=""font-weight: 400;""> Infecciones de huesos y articulaciones, en particular osteomielitis.</span>\n\n&nbsp;\n\n<b>CONTRAINDICACIONES:</b><span style=""font-weight: 400;""> Hipersensibilidad a cualquier ingrediente del producto. Hipersensibilidad grave (anafilaxia) a otros agentes beta- lactámicos (por ejemplo, a cefalosporina, carbapenem o monobactam). Pacientes con antecedentes de ictericia o insuficiencia hepática debida a amoxicilina/ácido clavulánico. </span>\n\n&nbsp;\n\n<b>USO DURANTE EL EMBARAZO Y LA LACTANCIA:</b><span style=""font-weight: 400;""> Debe evitarse el uso de NEXCLAV durante el embarazo, salvo que el médico lo considere esencial. NEXCLAV se excretan en la leche materna (no se conocen los efectos del ácido clavulánico en lactantes). Por tanto, podrían producirse diarrea e infección fúngica de las mucosas en el lactante y la lactancia debería ser interrumpida. Amoxicilina/ácido clavulánico sólo debe usarse mientras se esté dando de lactar tras la evaluación del riesgo/beneficio por parte del médico. </span>\n\n&nbsp;\n\n<b>DOSIS Y MODO DE EMPLEO </b>\n\n<span style=""font-weight: 400;"">Vía de administración: Oral  </span>\n\n<span style=""font-weight: 400;"">Adultos y niños &gt; 40 kg</span>\n\n<span style=""font-weight: 400;"">° Dosis estándar: (para todas las indicaciones) 875 mg/125 mg administrado dos veces al día;  </span>\n\n<span style=""font-weight: 400;"">° Dosis superior - (especialmente para infecciones tales como otitis media, sinusitis, infecciones del tracto respiratorio inferior e infecciones del tracto urinario): 875 mg/125 mg administrado tres veces al día. Niños &lt;40 kg</span>\n\n<span style=""font-weight: 400;""> ° Dosis recomendada: 20 mg / 5 mg / kg de peso / día a 60 mg / 15 mg / kg de peso / día administrados en tres dosis divididas. Niños que pesen menos de 25 kg no deben ser tratados con NEXCLAV  </span>\n\n&nbsp;\n\n<b>PRECAUCIONES  </b>\n\n<span style=""font-weight: 400;"">Antes de la administración de Amoxicilina/ácido clavulánico, debe revisarse la existencia previa de reacciones de hipersensibilidad a penicilinas, cefalosporinas y otros agentes beta-lactámicos. En pacientes con insuficiencia renal se ajustará la pauta posológica en base al grado de insuficiencia. Amoxicilina/ácido clavulánico debe usarse con precaución en pacientes con evidencia de insuficiencia hepática. </span>\n\n&nbsp;\n\n<b>ADVERTENCIAS  </b>\n\n<span style=""font-weight: 400;"">Si ocurriera una reacción alérgica se debe suprimir el tratamiento con amoxicilina/ácido clavulánico y utilizar una terapia alternativa. Esta formulación no debe usarse para S. pneumoniae resistente a penicilina. Pueden aparecer convulsiones en pacientes con la función renal alterada o en aquellos que reciben dosis altas. Se debe evitar usar amoxicilina/ácido clavulánico en caso de sospecha de mononucleosis infecciosa ya que la aparición de erupción morbiliforme se ha asociado con esta afección tras el uso de amoxicilina. La aparición al inicio del tratamiento de un eritema febril generalizado asociado a pústula puede ser un síntoma de pustulosis exantemática aguda generalizada (PEAG). Esta reacción requiere la interrupción del tratamiento. Se ha notificado colitis asociada al uso de antibióticos, en tal caso interrumpir inmediatamente el tratamiento. Se aconseja que en tratamientos prolongados se haga una evaluación periódica de las funciones orgánicas, incluyendo la renal, hepática y hematopoyética</span>\n\n&nbsp;\n\n<b>EFECTOS SECUNDARIOS:</b><span style=""font-weight: 400;""> RAM notificadas con más frecuencia son diarrea, náuseas, vómitos y aftas (Cándida – infección por hongos en la vagina, boca o mucosas).  Reacciones alérgicas; erupción cutánea inflamación de los vasos sanguíneos (vasculitis) que puede aparecer como puntos rojos o morados en la piel. Hinchazón, a veces de la cara o garganta (angioedema), que causa dificultad para respirar. </span>\n\n<b>INTERACCIONES MEDICAMENTOSAS </b>\n\n<span style=""font-weight: 400;"">Las penicilinas pueden reducir la excreción de metotrexato causando un aumento potencial de su toxicidad. El uso concomitante con Probenecid disminuye la secreción tubular renal de amoxicilina.  En la literatura hay casos de aumento del Ratio Internacional Normalizado (INR) en pacientes en tratamiento con warfarina o acenocumarol y a los que se prescribe amoxicilina.  Si es necesaria la co-administración se deben controlar el tiempo de protrombina o el INR tras la administración y tras la retirada de amoxicilina.  </span>\n\n&nbsp;\n\n<b>SOBREDOSIS </b>\n\n<span style=""font-weight: 400;"">Pueden observarse síntomas gastrointestinales y trastornos en el equilibrio de fluidos y electrolitos. Se ha observado cristaluria debido a la amoxicilina que en algunos casos ha provocado fallo renal. Pueden aparecer convulsiones en pacientes con la función renal alterada o en aquellos que reciben dosis altas. Se ha notificado casos en los que la amoxicilina ha precipitado en pacientes con catéteres en la vejiga, especialmente tras la administración intravenosa de altas dosis.</span>","Delta > Comprimidos\, Cápsulas\, Sobres\, Tabletas",,https://laboratoriosdelta.net/wp-content/uploads/2023/10/Nexclav-comprimidos-copia.jpg,,no,yes,yes,,no,,,,no,,no,default,default,default,default,default,default,set
,"DOLOMIL - Paracetamol 1 g granulado",,"<b>DOLOMIL</b>\nParacetamol 1 g granulado\n\n<strong>COMPOSICIÓN</strong>\n<u>Cada sobre (5 gramos) contiene</u>:\nParacetamol                           1 g\nExcipientes                             c.s.\n\n<strong>ACCIÓN TERAPÉUTICA </strong>\n\nAnalgésico - Antipirético\n\n<strong>INDICACIONES: </strong>Indicado para el tratamiento sintomático del dolor moderado y la ﬁebre. Paracetamol calma el dolor y baja la ﬁebre en procesos donde existen molestias, reacciones dolorosas y febriles debidas a la vacunación, dentición, cefalea, neuralgia, odontalgia y dolores traumáticos no intensos.\n\n<strong>DOSIS:</strong> <em>Vía de administración oral.</em>\n\n<u>Adultos y adolescentes mayores de 15 años</u>: 1g cada 6 a 8 horas.\n\n<u>Niños menores a 12 años</u>: 500 mg a 650 mg cada 4 a 6 horas.\n\n<strong>Dosis máxima</strong>: No tomar más de 4 g de Paracetamol en 24 horas.\n\n<strong>PRECAUCIONES </strong>\n<ul>\n 	<li>En caso de insuficiencia renal y/o hepática.</li>\n 	<li>En niños menores de 2 años debe administrarse bajo vigilancia médica.</li>\n 	<li>Consulte a su médico si los síntomas persisten o empeoran.</li>\n</ul>\n<strong>CONTRAINDICACIONES</strong>: Hipersensibilidad al Paracetamol, enfermedad hepática, hepatitis viral o insuficiencia renal grave.\n\n<strong>REACCIONES ADVERSAS</strong>: Podría presentar reacciones de hipersensibilidad, pancitopenia, anemia hemolítica, metahemoglobinemia, agranulocitosis, hepatotoxicidad, cólico renal, encefalopatía hepática e hipoglucemia.\n\n<strong>USO DURANTE EL EMBARAZO Y LA LACTANCIA: </strong>Durante ambas etapas no se han descrito problemas en humanos. Si es clínicamente necesario se recomienda usar Paracetamol en una dosis mínima eficaz durante el menor tiempo posible.\n\n<strong>INTERACCIONES</strong> <strong>MEDICAMENTOSAS: </strong>No administrar simultáneamente con alcohol, anticoagulantes orales, isoniazida, anticonvulsivantes, estrógenos, diuréticos del asa, anticolinérgicos, lamotrigina, zidovudina, probenecid, isoniazida, propranolol, colestiramina, metoclopramida, domperidona, rifampicina y cloranfenicol.\n\n<strong>SOBREDOSIS: </strong>Los síntomas se manifiestan a nivel nervioso, digestivo y cardiovascular; puede producir lesión hepática con el uso a largo plazo a dosis elevadas. El tratamiento consiste en suspender el uso del medicamento, recurrir a un centro médico para una terapia sintomática y de apoyo.\n\n<strong>ADVERTENCIAS: </strong>Riesgo de daño hepático en niños menores a 2 años debe usarse bajo vigilancia médica<strong>.</strong>\n\nEste medicamento contiene: <em><u>Sacarosa</u></em>, si padece una intolerancia a ciertos azúcares, consulte con su médico antes de tomar este medicamento. <em><u>Rojo ponceau 4R</u>,</em> este colorante puede causar reacciones de tipo alérgico incluido asma especialmente en pacientes alérgicos al ácido acetilsalicílico. <em><u>Benzoato de sodio</u>,</em> puede irritar ligeramente los ojos, la piel y las mucosas. Puede aumentar el riesgo de coloración amarillenta en la piel (ictericia) en recién nacidos. <em><u>Cloruro de sodio</u></em>, esencialmente “exento de sodio”. <em><u>Propilparabeno y metilparabeno</u>, </em>puede producir reacciones alérgicas. <em> </em>\n\n<strong>CONDICIONES DE ALMACENAMIENTO</strong>\n\nAlmacenar a no más de 30 °C y protegido de la luz solar.\n\n<strong>PRESENTACIÓN</strong>\n\nDOLOMIL granulado se presenta en sobre trilaminado (PET/ALU/PEBD) x 5 gramos. Caja x 20 sobres + prospecto.","Delta > Comprimidos\, Cápsulas\, Sobres\, Tabletas",,https://laboratoriosdelta.net/wp-content/uploads/2023/10/Dolomil-1-g-polvo-copia.jpg,,no,yes,yes,,no,,,,no,,no,default,default,default,default,default,default,set
,"RANITIDINA 300 mg",,"<b>ACCIÓN TERAPÉUTICA</b>\n\n<span style=""font-weight: 400;"">Antiulceroso</span>\n\n&nbsp;\n\n<b>LUGAR Y MECANISMO DE ACCION</b>\n\n<span style=""font-weight: 400;"">En el hombre la Ranitidina en individuos normales y afectados de úlcera duodenal en que existe hipersecreción gástrica, producen disminución de la secreción gástrica tanto de la ácida basal (en ayunas) como de la secreción estimulada por alimentos, por histamina, por pentagastrina y por estimulación vagal –liberación de acetilcolina-. Se produce disminución de volumen de la secreción gástrica, de la cantidad de ácido clorhídrico secretado y de pepsina y elevación de pH gástrico, sin que se afecte la secreción pancreática, biliar y la evacuación gástrica. La acción es potente y así la secreción basal puede reducirse a cero y la estimulada hasta un 90%.</span>\n\n<span style=""font-weight: 400;"">La secreción normal de ácido gástrico está determinada por la actividad de un motivador iónico que es la ATPasa que intercambia el hidrogenión intracelular por el catión potasio extracelular, resultando en una acidificación de la superficie extracelular de la célula parietal. El complejo célula parietal catión H+, K+ ATPasa son designados como la bomba protónica gástrica los cuales derivan su energía al transporte de hidrogenión H+ y catión potasio K+ de la hidrólisis de ATP.</span>\n\n<span style=""font-weight: 400;"">En la célula parietal secretora la enzima tiene acceso a la membrana canalicular que provee un cambio para el ingreso del potasio K+ el cual se intercambia con H+ para su salida. Esta actividad transportadora H+, K+ ATPasa está regulada por los niveles de mensajeros secundarios intracelulares ya sea AMPc o del ion calcio.</span>\n\n<span style=""font-weight: 400;"">La Ranitidina antagoniza las acciones de la histamina correspondiente a los receptores H2 y no a los correspondientes a los receptores H1, pues prácticamente no inhiben la contracción del íleon de acción anticolinérgica frente a la concentración del íleon de cobayo producida por los ésteres de la colina. Este antagonismo con respecto a los receptores H2 es del tipo competitivo.</span>\n\n&nbsp;\n\n<b>PROPIEDADES FARMACODINÁMICAS Y FARMACOCINETICAS Y TOXICOLOGICAS</b>\n\n<span style=""font-weight: 400;"">La Ranitidina se absorbe bien por todas las vías y la concentración sanguínea máxima se obtiene entre los 60 y los 90 minutos con la Ranitidina después de la ingestión. Los niveles plasmáticos efectivos son de alrededor de 0.2 ug/ml.</span>\n\n<span style=""font-weight: 400;"">El volumen de distribución es de 2.41 l/kg; la distribución se realiza especialmente en el riñón, hígado, huesos y pulmón.</span>\n\n<span style=""font-weight: 400;"">La Ranitidina en el organismo sufre la oxidación y dimetilación y el metabolito principal es la Ranitidina dimetilada. Se excreta principalmente en la orina, un 60% como ranitidina y el resto como metabolitos –Ranitidina-N-óxido, Ranitidina-S-óxido y demitilranitidina. La vida media final de la Ranitidina está en torno de los 120 minutos.</span>\n\n&nbsp;\n\n<b>DOSIS Vía oral:</b>\n\n<i><span style=""font-weight: 400;"">Dosis Adultos</span></i><span style=""font-weight: 400;"">: Un comprimido (300 mg) cada 24 horas por la noche antes de acostarse.</span>\n\n<i><span style=""font-weight: 400;"">Dosis máxima</span></i><span style=""font-weight: 400;"">: 900 mg por día.</span>\n\n&nbsp;\n\n<b>INDICACIONES</b>\n\n<span style=""font-weight: 400;"">Para el tratamiento de la úlcera duodenal activa, úlcera gástrica benigna activa y esofagitis de reflujo asociado a hipersecreción gástrica (síndrome de Zollinger-Ellison).</span>\n\n&nbsp;\n\n<b>USO DURANTE EL EMBARAZO Y LA LACTANCIA</b>\n\n<i><span style=""font-weight: 400;"">Embarazo. -</span></i><span style=""font-weight: 400;""> Este medicamento puede causar daño al feto, consulte a su médico antes de usar este medicamento.</span>\n\n<i><span style=""font-weight: 400;"">Lactancia. -</span></i><span style=""font-weight: 400;""> Este medicamento pasa a través de la leche materna, puede producir acidez estomacal o excitación en los lactantes, por lo que no debe utilizarlo durante la lactancia.</span>\n\n&nbsp;\n\n<b>CONTRAINDICACIONES</b>\n\n<span style=""font-weight: 400;"">Durante el embarazo é hipersensibilidad al medicamento.</span>\n\n&nbsp;\n\n<b>PRECAUCIONES</b>\n\n<span style=""font-weight: 400;"">Debe emplearse con mucho cuidado en personas mayores de 60 años, en casos de insuficiencia renal é insuficiencia hepática grave.</span>\n\n&nbsp;\n\n<b>EFECTOS ADVERSOS</b>\n\n<span style=""font-weight: 400;"">Podría presentar palpitaciones, disminución en el ritmo del corazón, hemorragias inusuales, fiebre, escalofríos, aparición de infecciones. En estos casos comunique de manera inmediata a su médico.</span>\n\n<span style=""font-weight: 400;"">Consulte a su médico si los siguientes efectos persisten o se intensifican: dolor de cabeza, fatiga, mareos, náuseas, vómitos, dolor abdominal, diarrea, constipación, visión borrosa, disminución en el deseo o función sexual, temporal pérdida de cabello, insomnio, enrojecimiento de la piel, palidez.</span>\n\n&nbsp;\n\n<b>INTERACCIONES</b> <b>MEDICAMENTOSAS E INCOMPATIBILIDADES</b>\n\n<span style=""font-weight: 400;"">Ketoconazol, warfarina, fenitoína, antiácidos, xantinas, nifedipina, depresores de la médula ósea.</span>\n\n&nbsp;\n\n<b>SOBREDOSIS</b>\n\n<span style=""font-weight: 400;"">Los síntomas de sobredosis corresponden a una intensificación de los efectos adversos descritos, tales como: vómitos, diarrea, problemas respiratorios, dificultad para hablar, taquicardia, delirio. Debe recurrir a un centro asistencial para evaluar la gravedad de la intoxicación y tratarla adecuadamente.</span>","Delta > Comprimidos\, Cápsulas\, Sobres\, Tabletas",,,,no,yes,yes,,no,,,,no,,no,default,default,default,,,,
,"PARADOL FORTE",,"<h6 style=""text-align: center;""><strong><em>PARADOL FORTE</em></strong></h6>\n<h6 style=""text-align: center;""><strong><em>Clonixinato de Lisina 250 mg</em></strong></h6>\n<h6 style=""text-align: center;""><strong><em>Comprimido con Recubierta Entérica</em></strong></h6>\n<strong>COMPOSICIÓN</strong>\n\nCada comprimido contiene:\n\nClonixinato de lisina           250 mg\n\nExcipientes                                c.s.\n\n<strong>ACCIÓN TERAPÉUTICA</strong>\n\nAnalgésico - Antiinflamatorio\n\n<strong>INDICACIONES</strong>\n\nPARADOL FORTE está indicado como analgésico y antiinflamatorio en pacientes que presentan dolor agudo o crónico de tipo somático en casos de: cirugías, traumatología y ortopedia, ginecología y urología, odontología y medicina general.\n\n<strong>DOSIS: </strong><em>Vía de administración oral.</em>\n\n<em><u>Adultos y adolescentes</u></em>: Un comprimido cada ocho horas, o según prescripción del médico.\n\n<strong>PRECAUCIONES</strong>\n\nAdministrar con cautela en pacientes de edad avanzada, pacientes con antecedentes de úlcera péptica activa y pacientes hipertensos.\n\n<strong>CONTRAINDICACIONES</strong>\n\nEstá contraindicado en pacientes sensibles al medicamento, ulcera gastroduodenal, durante el embarazo y la lactancia.\n\n<strong>REACCIONES ADVERSAS </strong>\n\nPodría presentar: náuseas, mareo, vómitos, epigastralgias, diarrea y somnolencia.\n\n<strong>USO DURANTE EL EMBARAZO Y LA LACTANCIA</strong>\n\nSe recomienda no utilizarlo durante el embarazo ni la lactancia hasta tener mayor experiencia clínica sobre su uso.\n\n<strong>INTERACCIONES MEDICAMENTOSAS </strong>\n\nClonixinato de lisina interacciona con diuréticos ahorradores de potasio (Triamterene, Espironolactona), beta bloqueantes, inhibidores de la ECA, antiplaquetario (ticlopidina, heparina sistémica y trombolíticos) y antimetabolito (metotrexato).\n\n<strong>INFORMACIÓN SOBRE EXCIPIENTES  </strong>\n\nEste medicamento contiene: <em><u>Glicerina</u></em>, lo que puede ser perjudicial a dosis elevadas provocando dolor de cabeza, molestias de estómago y diarrea.\n\n<strong>SOBREDOSIS</strong>\n\nEn caso de sobredosis o ingestión accidental acuda a un centro de salud para iniciar un tratamiento sintomático y de soporte.\n\n<strong>CONDICIONES DE ALMACENAMIENTO</strong>\n\nAlmacenar a no más de 30 °C y protegido de la luz solar.\n\n<strong>PRESENTACIÓN </strong>\n\nPARADOL FORTE se presenta en blíster PVC-ALU x 10 comprimidos con recubierta entérica. Caja x 20 comprimidos + prospecto.","Delta > Comprimidos\, Cápsulas\, Sobres\, Tabletas",,https://laboratoriosdelta.net/wp-content/uploads/2023/12/Paradol-Forte-comprimidos-copia.jpg,,no,yes,yes,,no,,,,no,,no,default,default,default,default,default,default,set
,"Fluoxetina 20mg",,"<p style=""text-align: center;""><strong>FLUOXETINA</strong></p>\n<strong>20 mg</strong>\n\n<strong>Cápsula </strong>\n\nEs un medicamento elaborado por Laboratorio Químico Farmacéutico Industrial DELTA S.A.\n\n<strong>COMPOSICIÓN</strong>\n\nCada cápsula contiene:\n\nFluoxetina                     20 mg (Equivalente a 22,4 mg de Fluoxetina Clorhidrato)\n\nExcipientes                        c.s.\n\n<strong>ACCIÓN TERAPÉUTICA</strong>\n\nAntidepresivo\n\n<strong>INDICACIONES</strong>\n\nPara el tratamiento de la depresión mental, trastorno obsesivo - compulsivo.\n\n<strong>DOSIS: </strong><em>Vía de administración oral.</em>\n\n<em><u>Adultos</u></em>.- Inicialmente con 20 mg/día como dosis única por las mañanas. Si después de semanas no hay mejoría clínica se puede incrementar la dosis paulatinamente.\n\n<em><u>Niños</u></em><em>.-</em> No se ha establecido su seguridad y eficacia.\n\n<em><u>Dosis máxima</u></em><em>.-</em> 80 mg/día.\n\n<strong>PRECAUCIONES </strong>\n<ul>\n 	<li>Durante el embarazo y la lactancia, puede producir somnolencia, evitar ingesta de bebidas alcohólicas.</li>\n</ul>\n<strong>CONTRAINDICACIONES</strong>\n\n! Diabetes mellitus, disfunción hepática y renal, crisis convulsivas, hipersensibilidad al medicamento.\n\n<strong>REACCIONES ADVERSAS</strong>\n\nEn algunos pacientes puede ocasionar: escalofríos o fiebre, dolor muscular o articular, rash cutáneo, urticaria o prurito, dificultad para respirar, manía o hipomanía (excitación no habitual, crisis convulsivas, náuseas, vómitos).\n\n<em>Reacciones adversas frecuentes:</em> ansiedad, nerviosismo, somnolencia, cefalea, sudoración, insomnio y náuseas.\n\n<em>Reaccines adversas menos frecuentes:</em> cambios en la visión, estreñimiento, tos, pérdida de peso, mareos, aturdimiento, rubor o enrojecimiento de la piel (cara y cuello), micción frecuente.\n\nLos efectos adversos desaparecen espontáneamente luego de suspender el tratamiento.\n\n<strong>USO DURANTE EL EMBARAZO Y LA LACTANCIA</strong>\n\n<em><u>Embarazo</u></em>: Categoría C (según clasificación de la FDA). Se ha considerado una terapia segura para mujeres embarazadas que padecen depresión, estrictamente bajo supervisión médica. El tratamiento con Fluoxetina durante el primer trimestre de embarazo puede estar asociado a un aumento del riesgo de malformaciones cardiovasculares en el bebé. Los datos sugieren que el riesgo de un defecto cardiovascular en neonatos tras la exposición materna a Fluoxetina es del orden de 2/100 comparado con una tasa esperada para estos defectos en la población general de aproximadamente 1/100.\n\n<em><u>Lactancia</u></em><em>:</em> Se sabe que la Fluoxetina y su metabolito norfluoxetina se excretan en la leche materna y según reportes produce reacciones adversas a los lactantes. Si el tratamiento con Fluoxetina es necesario, se debe considerar la interrupción de la lactancia materna; no obstante, si se continúa con la lactancia, se debe prescribir la menor dosis efectiva de Fluoxetina.\n\n<strong>INTERACCIONES</strong> <strong>MEDICAMENTOSAS</strong>\n\nAlcohol, medicamentos que deprimen el SNC, haloperidol, anticoagulantes, inhibidores de la MAO.\n\n<strong>SOBREDOSIS</strong>\n\nLos síntomas de sobredosis incluyeron náuseas, vómitos, convulsiones, disfunción cardiovascular desde arritmias asintomáticas (incluyendo ritmo nodal y arritmias ventriculares) o cambios electrocardiográficos indicativos de prolongación del intervalo QTc hasta parada cardíaca (incluyendo casos muy raros de Torsade de Pointes), disfunción pulmonar y signos de alteración del SNC desde la excitación al coma. Los casos fatales atribuidos a una sobredosis de Fluoxetina han sido extremadamente raros.\n\nComo Medida general se debe acudir a un centro médico. El medicamento no es dializable. Debe administrarse carbón activado con sorbitol, con el fin de disminuir la absorción del medicamento. Si el paciente presentara convulsiones se puede administrar Diazepam vía EV.\n\n<strong>CONDICIONES DE ALMACENAMIENTO</strong>\n\nAlmacenar a no más de 30 °C y protegido de la luz solar.\n\n<strong>PRESENTACIÓN</strong>\n\nBlister PVC-AL x 10 cápsulas. Caja x 30 cápsulas + prospecto.","Delta > Comprimidos\, Cápsulas\, Sobres\, Tabletas",,https://laboratoriosdelta.net/wp-content/uploads/2023/12/Fluoxetina-capsulas-copia.jpg,,no,yes,yes,,no,,,,no,,no,default,default,default,default,default,default,set
,"Indometacina 100mg",,,"Delta > Comprimidos\, Cápsulas\, Sobres\, Tabletas",,,,no,yes,yes,,no,,,,no,,no,default,default,default,,,,
,Levodel,,"<p style=""text-align: center;""><strong>LEVODEL</strong></p>\n<strong>Levocetirizina  5 mg</strong>\n\n<strong>Comprimido</strong>\n\nEs un medicamento elaborado por Laboratorio Químico Farmacéutico Industrial DELTA S.A.\n\n<strong>COMPOSICIÓN:</strong>\n\nCada comprimido contiene:\n\nLevocetirizina Diclorhidrato           5 mg\n\nExcipientes                                      c.s.\n\n<strong>ACCIÓN TERAPÉUTICA</strong>\n\nAntihistamínico\n\n<strong>INDICACIONES</strong>\n\nLEVODEL se usa para aliviar el flujo nasal, estornudos, enrojecimiento, comezón y lagrimeo de los ojos resultantes de la fiebre del heno; alergias estacionales; alergias a otras sustancias como ácaros del polvo; caspa de animales y moho. También se usa para tratar síntomas de urticaria, como prurito y sarpullido.\n\n<strong>DOSIS: </strong><em>Vía de administración oral.</em>\n\nEn adultos y niños mayores de 12 años, una dosis única de 5 mg por día.\n\n<strong>PRECAUCIONES</strong>\n\n- Si tiene algún factor condicionante que le incapacite para vaciar la vejiga urinaria (como médula espinal dañada o aumento del tamaño de la próstata) por favor, informe a su médico.\n\n- Si es epiléptico o tiene riesgo de convulsiones, por favor consulte a su médico.\n\n- Si va a realizarse alguna prueba alérgica, pregunte a su médico si tiene que interrumpir el tratamiento con Levocetirizina varios días antes. Este medicamento puede afectar los resultados de la prueba alérgica.\n\n<strong>REACCIONES ADVERSAS</strong>\n\nLos síntomas de la reacción de hipersensibilidad pueden incluir: hinchazón de la boca, lengua, cara y/o cuello, dificultad para respirar o tragar, habones, angioedema, disminución de la presión sanguínea repentina que puede derivar en colapso o estado de shock, los cuales pueden ser fatales.\n\nEfectos adversos frecuentes (pueden afectar hasta 1 de cada 10 pacientes): boca seca, dolor de cabeza, cansancio, somnolencia/sopor.\n\n<strong>CONTRAINDICACIONES</strong>\n\nHipersensibilidad a la Levocetirizina, Cetirizina, Hidroxicina, o a cualquier otro derivado fenotiazínico. Contraindicado en pacientes dializados o con insuficiencia renal grave Clcr &lt; 10 ml/min. No está recomendado su uso en embarazo y lactancia. Contraindicado en pacientes con ataque agudo de asma.\n\n<strong>INTERACCIONES</strong> <strong>MEDICAMENTOSAS E INCOMPATIBILIDADES</strong>\n\nNo hay estudios de interacciones con Levocetirizina.\n\nLa cetirizina puede potenciar los efectos del alcohol y otros depresores de SNC; hasta la fecha no se ha observado esta interacción con Levocetirizina.\n\n<strong>SOBREDOSIS</strong>\n\nLos síntomas de sobredosificación pueden incluir somnolencia en adultos y en niños inicialmente agitación e inquietud, seguido de somnolencia. En caso de sobredosis, acuda al centro de salud más cercano para iniciar el tratamiento según criterio médico.\n\n<strong>USO EN EMBARAZO Y LACTANCIA</strong>\n\nSi está embarazada o en periodo de lactancia, cree que podría estar embarazada o tiene intención de quedarse embarazada, consulte a su médico o farmacéutico antes de utilizar este medicamento.\n\n<strong>INFORMACIÓN SOBRE EXCIPIENTES</strong>\n\nEste medicamento contiene <u>Glicerina</u>, lo cual provoca a dosis elevadas cefalea, molestias de estómago y diarrea.\n\n<strong>CONDICIONES DE ALMACENAMIENTO</strong>\n\nAlmacenar a no más de 30 °C y protegido de la luz solar.\n\n<strong>PRESENTACIÓN COMERCIAL</strong>\n\nLEVODEL 5 mg se presenta en blíster ALU- ALU x 10 comprimidos. Caja x 20 comprimidos + prospecto.","Delta > Comprimidos\, Cápsulas\, Sobres\, Tabletas",,https://laboratoriosdelta.net/wp-content/uploads/2023/12/Levodel-comprimdios-copia.jpg,,no,yes,yes,,no,,,,no,,no,default,default,default,default,default,default,set
,"Metronidazol 250mg/5ml",,,"Delta > Suspensiones\, Jarabes y Gotas",,,,no,yes,yes,,no,,,,no,,no,default,default,default,,,,
,"Paracetamol Masticable 125 mg.",,,"Delta > Comprimidos\, Cápsulas\, Sobres\, Tabletas",,https://laboratoriosdelta.net/wp-content/uploads/2023/12/Paracetamol-comprimidos-masticables-copia.jpg,,no,yes,yes,,no,,,,no,,no,default,default,default,default,default,default,set
,"Splush SU",,"<h6 style=""text-align: center;""><strong>SPLUSH SU</strong></h6>\n<h6 style=""text-align: center;""><strong>SUCRALOSA</strong></h6>\n<h6 style=""text-align: center;""><strong>Edulcorante en comprimido</strong></h6>\n<strong>DESCRIPCIÓN</strong>\n\nSPLUS SU se presenta en forma de comprimidos circulares de color blanco.\n\n<strong>MODO DE USO</strong>\n\nSPLUS SU puede añadirse a bebidas y otros alimentos incluyendo los horneados para proporcionar dulzor.\n\n<strong>INGESTA DE SUCRALOSA</strong>\n\nSe recomienda usar 1 a 3 comprimidos en 250 mL de algún líquido.\n\n<strong>INGESTA DIARIA ADMISIBLE (I.D.A.)</strong>\n\n0-15 mg de sucralosa por kg de peso corporal/día, según la FDA.\n\n<strong>BENEFICIOS</strong>\n<ul>\n 	<li>Sabor parecido al azúcar.</li>\n 	<li>Aproximadamente 600 veces más dulce que el azúcar.</li>\n 	<li>No aporta calorías “cero calorías”.</li>\n 	<li>No afecta los niveles de glucosa en sangre.</li>\n 	<li>Ideal para bebidas y otros alimentos incluyendo los productos horneados.</li>\n 	<li>No contiene lactosa.</li>\n 	<li>Apto para el consumo de celiacos.</li>\n</ul>\n<strong>CONDICIONES DE ALMACENAMIENTO</strong>\n\nConservar en lugar fresco y seco.\n\n<strong>PRESENTACIÓN</strong>\n\nSPLUSH SU se presenta en un envase dispensador para comprimidos; elegante y de fácil manejo.\n\n&nbsp;\n<ul>\n 	<li>SPLUSH SU x 150 comprimidos</li>\n 	<li>SPLUSH SU x 300 comprimidos</li>\n 	<li>SPLUSH SU x 600 comprimidos</li>\n</ul>","Delta > Comprimidos\, Cápsulas\, Sobres\, Tabletas",,,,no,yes,yes,,no,,,,no,,no,default,default,default,,,,
,"Splush ES",,"<h6 style=""text-align: center;""><strong>SPLUSH ES</strong></h6>\n<h6 style=""text-align: center;""><strong>ESTEVIA</strong></h6>\n<h6 style=""text-align: center;""><strong>Edulcorante en comprimido</strong></h6>\n<strong>DESCRIPCIÓN</strong>\n\nSPLUSH ES se presenta en forma de comprimidos circulares de color blanco.\n\n<strong>MODO DE USO</strong>\n\nSPLUSH ES puede añadirse a bebidas y otros alimentos incluyendo los horneados para proporcionar dulzor.\n\n<strong>INGESTA DE SUCRALOSA</strong>\n\nSe recomienda usar 1 a 3 comprimidos en 250 mL de algún líquido.\n\n<strong>INGESTA DIARIA ADMISIBLE (I.D.A.)</strong>\n\nGlicósidos de esteviol 0-4 mg/kg de peso corporal.\n\n<strong>BENEFICIOS</strong>\n<ul>\n 	<li>Sabor parecido al azúcar.</li>\n 	<li>Aproximadamente 600 veces más dulce que el azúcar.</li>\n 	<li>No aporta calorías “cero calorías”.</li>\n 	<li>No afecta los niveles de glucosa en sangre.</li>\n 	<li>Ideal para bebidas y otros alimentos incluyendo los productos horneados.</li>\n 	<li>No contiene lactosa.</li>\n 	<li>Apto para el consumo de celiacos.</li>\n</ul>\n<strong>CONDICIONES DE ALMACENAMIENTO</strong>\n\nConservar en lugar fresco y seco.\n\n<strong>PRESENTACIÓN</strong>\n\nSPLUSH ES se presenta en un envase dispensador para comprimidos; elegante y de fácil manejo.\n\n&nbsp;\n<ul>\n 	<li>SPLUSH ES x 150 comprimidos</li>\n 	<li>SPLUSH ES x 300 comprimidos</li>\n 	<li>SPLUSH ES x 600 comprimidos</li>\n</ul>","Delta > Comprimidos\, Cápsulas\, Sobres\, Tabletas",,,,no,yes,yes,,no,,,,no,,no,default,default,default,,,,
,"Vitamina C 1g",,"<h6 style=""font-weight: 300;"">FORMA FARMACÉUTICA Y FORMULACIÓN:</h6>\n<table style=""font-weight: 400;"">\n<tbody>\n<tr>\n<td colspan=""2"">\n<p style=""font-weight: 300;"">Cada sobre de 10 g contiene:</p>\n</td>\n</tr>\n<tr>\n<td>\n<p style=""font-weight: 300;"">Ácido ascórbico</p>\n</td>\n<td>\n<p style=""font-weight: 300;"">500 mg</p>\n</td>\n</tr>\n<tr>\n<td>\n<p style=""font-weight: 300;"">Ascorbato de sodio</p>\n</td>\n<td>\n<p style=""font-weight: 300;"">(equivalente a 500 mg de ácido ascórbico)</p>\n</td>\n</tr>\n<tr>\n<td colspan=""2"">\n<p style=""font-weight: 300;""></p>\n</td>\n</tr>\n<tr>\n<td>\n<p style=""font-weight: 300;"">Ácido ascórbico</p>\n</td>\n<td>\n<p style=""font-weight: 300;"">1000 mg</p>\n</td>\n</tr>\n<tr>\n<td>\n<p style=""font-weight: 300;"">Ascorbato de sodio</p>\n</td>\n<td>\n<p style=""font-weight: 300;"">(equivalente a 1000 mg de ácido ascórbico)</p>\n</td>\n</tr>\n<tr>\n<td>\n<p style=""font-weight: 300;"">Excipientes</p>\n</td>\n<td>\n<p style=""font-weight: 300;"">c.s.</p>\n</td>\n</tr>\n</tbody>\n</table>\n&nbsp;\n<h6 style=""font-weight: 300;"">DESCRIPCIÓN:</h6>\n<p style=""font-weight: 300;"">Vitamina C.</p>\n&nbsp;\n<h6 style=""font-weight: 300;"">INDICACIONES TERAPÉUTICAS:</h6>\n<p style=""font-weight: 300;"">En casos de: Escorbuto, metahemoglobinemia y como profilaxis para el tratamiento de estados carenciales de vitamina C.\nLas vitaminas no son sustitutos de una alimentación normal</p>\n&nbsp;\n<h6 style=""font-weight: 300;"">CONTRAINDICACIONES:</h6>\n<p style=""font-weight: 300;"">Pacientes en estado de hemocromatosis, talasemia y anemia siderobástica.</p>\n&nbsp;\n<h6 style=""font-weight: 300;"">PRECAUCIONES GENERALES:</h6>\n<p style=""font-weight: 300;"">No administrar en casos de acidosis diabética, o insuficiencia renay y en casos de embarazo no superar la dosis de 1 g/día.</p>\n&nbsp;\n<h6 style=""font-weight: 300;"">REACCIONES SECUNDARIAS Y ADVERSAS:</h6>\n<p style=""font-weight: 300;"">Trastornos gastrointestinales como diarrea; litiasis urinaria con cálculos de oxalato, aumento de diuresis.</p>\n&nbsp;\n<h6 style=""font-weight: 300;"">INTERACCIONES MEDICAMENTOSAS Y DE OTRO GENERO:</h6>\n<p style=""font-weight: 300;"">Se deben tomar en cuenta las siguientes asociaciones en función de su posible importancia clínica:\nBarbitúricos o Primidona: el uso simultaneo puede aumentar la excreción de ácido ascórbico en la orina; Fosfato de celulosa y sodio: puede dar lugar a que el ácido ascórbico se metabolice a oxalato; Disulfiram: puede interferir con la interacción disulfiram-alcohol.</p>\n&nbsp;\n<h6 style=""font-weight: 300;"">DOSIS Y VÍA DE ADMINISTRACIÓN:</h6>\n<p style=""font-weight: 300;"">Vitamina C 500 mg.\nDosis Adultos: Un sobre al día.\nDosis pediátrica de 4 a 6 años: 50 mg al día.\n<strong>Vitamina C 1000 mg.\nDosis Adultos: Uno a dos sobres al día.</strong></p>\n&nbsp;\n<h6 style=""font-weight: 300;"">PRESENTACIONES:</h6>\n<p style=""font-weight: 300;"">Caja por 25 sobres.</p>\n&nbsp;\n<h6 style=""font-weight: 300;"">REGISTRO SANITARIO:</h6>\n<p style=""font-weight: 300;"">VITAMINA C 1 gr: NN-30891/2010\nVITAMINA C 2 gr: NN-20479/2010</p>","Delta > Comprimidos\, Cápsulas\, Sobres\, Tabletas",,https://laboratoriosdelta.net/wp-content/uploads/2023/12/Vitamina-C-1-g-Polvo-copia.jpg,,no,yes,yes,,no,,,,no,,no,default,default,default,default,default,default,set
,"Vitamina C 2g",,"<h6 style=""font-weight: 300;"">FORMA FARMACÉUTICA Y FORMULACIÓN:</h6>\n<table style=""font-weight: 400;"">\n<tbody>\n<tr>\n<td colspan=""2"">\n<p style=""font-weight: 300;"">Cada sobre de 10 g contiene:</p>\n</td>\n</tr>\n<tr>\n<td>\n<p style=""font-weight: 300;"">Ácido ascórbico</p>\n</td>\n<td>\n<p style=""font-weight: 300;"">500 mg</p>\n</td>\n</tr>\n<tr>\n<td>\n<p style=""font-weight: 300;"">Ascorbato de sodio</p>\n</td>\n<td>\n<p style=""font-weight: 300;"">(equivalente a 500 mg de ácido ascórbico)</p>\n</td>\n</tr>\n<tr>\n<td colspan=""2"">\n<p style=""font-weight: 300;""></p>\n</td>\n</tr>\n<tr>\n<td>\n<p style=""font-weight: 300;"">Ácido ascórbico</p>\n</td>\n<td>\n<p style=""font-weight: 300;"">1000 mg</p>\n</td>\n</tr>\n<tr>\n<td>\n<p style=""font-weight: 300;"">Ascorbato de sodio</p>\n</td>\n<td>\n<p style=""font-weight: 300;"">(equivalente a 1000 mg de ácido ascórbico)</p>\n</td>\n</tr>\n<tr>\n<td>\n<p style=""font-weight: 300;"">Excipientes</p>\n</td>\n<td>\n<p style=""font-weight: 300;"">c.s.</p>\n</td>\n</tr>\n</tbody>\n</table>\n&nbsp;\n<h6 style=""font-weight: 300;"">DESCRIPCIÓN:</h6>\n<p style=""font-weight: 300;"">Vitamina C.</p>\n&nbsp;\n<h6 style=""font-weight: 300;"">INDICACIONES TERAPÉUTICAS:</h6>\n<p style=""font-weight: 300;"">En casos de: Escorbuto, metahemoglobinemia y como profilaxis para el tratamiento de estados carenciales de vitamina C.\nLas vitaminas no son sustitutos de una alimentación normal</p>\n&nbsp;\n<h6 style=""font-weight: 300;"">CONTRAINDICACIONES:</h6>\n<p style=""font-weight: 300;"">Pacientes en estado de hemocromatosis, talasemia y anemia siderobástica.</p>\n&nbsp;\n<h6 style=""font-weight: 300;"">PRECAUCIONES GENERALES:</h6>\n<p style=""font-weight: 300;"">No administrar en casos de acidosis diabética, o insuficiencia renay y en casos de embarazo no superar la dosis de 1 g/día.</p>\n&nbsp;\n<h6 style=""font-weight: 300;"">REACCIONES SECUNDARIAS Y ADVERSAS:</h6>\n<p style=""font-weight: 300;"">Trastornos gastrointestinales como diarrea; litiasis urinaria con cálculos de oxalato, aumento de diuresis.</p>\n&nbsp;\n<h6 style=""font-weight: 300;"">INTERACCIONES MEDICAMENTOSAS Y DE OTRO GENERO:</h6>\n<p style=""font-weight: 300;"">Se deben tomar en cuenta las siguientes asociaciones en función de su posible importancia clínica:\nBarbitúricos o Primidona: el uso simultaneo puede aumentar la excreción de ácido ascórbico en la orina; Fosfato de celulosa y sodio: puede dar lugar a que el ácido ascórbico se metabolice a oxalato; Disulfiram: puede interferir con la interacción disulfiram-alcohol.</p>\n&nbsp;\n<h6 style=""font-weight: 300;"">DOSIS Y VÍA DE ADMINISTRACIÓN:</h6>\n<p style=""font-weight: 300;"">Vitamina C 500 mg.\nDosis Adultos: Un sobre al día.\nDosis pediátrica de 4 a 6 años: 50 mg al día.\n<strong>Vitamina C 1000 mg.\nDosis Adultos: Uno a dos sobres al día.</strong></p>\n&nbsp;\n<h6 style=""font-weight: 300;"">PRESENTACIONES:</h6>\n<p style=""font-weight: 300;"">Caja por 25 sobres.</p>\n&nbsp;\n<h6 style=""font-weight: 300;"">REGISTRO SANITARIO:</h6>\n<p style=""font-weight: 300;"">VITAMINA C 1 gr: NN-30891/2010\nVITAMINA C 2 gr: NN-20479/2010</p>","Delta > Comprimidos\, Cápsulas\, Sobres\, Tabletas",,,,no,yes,yes,,no,,,,no,,no,default,default,default,,,,
,Cilasnem,,"<h6 style=""text-align: center;""><strong>CILASNEM</strong></h6>\n<h6 style=""text-align: center;""><strong>IMIPENEM 500 mg + CILASTATINA 500 mg </strong></h6>\n<h6 style=""text-align: center;""><strong>Polvo para inyección</strong></h6>\n<strong>COMPOSICIÓN</strong>\n\nCada vial contiene:\n\nImipenem estéril USP Eq. a Imipenem anhidro                            500 mg\n\nCilastatina sódica estéril USP Eq. a Cilastatina anhidra               500 mg\n\n<strong>ACCIÓN TERAPÉUTICA</strong>\n\n<strong>  </strong>Antibiótico\n\n<strong>INDICACIONES</strong>\n\nCILASNEM I.V. está indicado para el tratamiento de las siguientes infecciones en adultos y niños de 1 año o más:\n<ul>\n 	<li>Infecciones intraabdominales complicadas</li>\n 	<li>Neumonía grave, incluidas neumonía hospitalaria y asociada a ventilación</li>\n 	<li>Infecciones intraparto y post-parto</li>\n 	<li>Infecciones complicadas del tracto urinario</li>\n 	<li>Infecciones complicadas de piel y de tejidos blandos</li>\n</ul>\nImipenem/Cilastatina puede utilizarse en el manejo de pacientes neutropénicos con fiebre que se sospeche que obedece a una infección bacteriana.\n\nTratamiento de pacientes con bacteriemia que se produce en asociación o se sospecha que se asocia a cualquiera de las infecciones enumeradas anteriormente.\n\n<strong>DOSIS: </strong><em>vía de administración </em><em>Intravenosa (I.V.)</em>\n\nAdultos y adolescentes\n\nPara pacientes con función renal normal (aclaramiento de creatinina = 90 mL/min), se recomienda Imipenem/Cilastatina a dosis de:\n\n- 500 mg/500 mg cada 6 horas o 1000 mg/1000 mg cada 8 horas o cada 6 horas. Se recomienda que, en caso de sospecha o infecciones demostradas causadas por microorganismos menos sensibles (como Pseudomonas aeruginosa) e infecciones muy graves (ej. pacientes neutropénicos con fiebre), se administren 1000 mg/1000 mg cada 6 horas.\n\nUna reducción en las dosis es necesaria cuando el aclaramiento de creatinina es &lt; 90 mL/min (Insuficiencia renal). Pacientes con un aclaramiento de creatinina 15 mL/min no deben recibir este medicamento a menos que se instaure hemodiálisis en el plazo de 48 horas.\n\nPacientes pediátricos 1 año de edad: se recomienda 15/15 ó 25/25 mg/kg/dosis, administrada cada 6 horas.\n\nDosis diaria máxima: no debe exceder de 4.000 mg/4.000 mg por día.\n\n<strong>MODO DE EMPLEO</strong>\n\nLas soluciones diluidas deben usarse inmediatamente. El intervalo de tiempo entre el comienzo de la reconstitución y el final de infusión intravenosa no debe exceder las dos horas. No congele la solución reconstituida.\n\nCILASNEM puede ser reconstituido con los siguientes diluyentes inyectable de cloruro de sodio al 0,9%, dextrosa al 5% o al 10% inyectable, dextrosa al 5% y cloruro de sodio al 0,9% inyección, inyección de dextrosa al 5% con solución salina al 0,225% o al 0,45%, inyección de dextrosa al 5% con solución de cloruro de potasio al 0,15%, manitol al 5% y al 10%.\n\n<strong>PRECAUCIONES</strong>\n\n- Reacciones   de   hipersensibilidad a penicilinas, cefalosporinas, otros betalactamicos y otros alérgenos. Si se produce una reacción alérgica CILASNEM debe suspenderse.\n\n- Durante el tratamiento con imipenem-cilastatina I.V. se han notificado experiencias como estados de confusión y actividad mioclónica.\n\n- Los pacientes con aclaramiento de creatinina &lt;5 mL / min / 1,73m² no deben recibir CILASNEM a menos que se instaure la hemodiálisis en 48 horas. Para pacientes sobre hemodiálisis, CILASNEM se recomienda solo cuando el beneficio supera el potencial riesgo de convulsiones.\n\n- El tratamiento con anticonvulsivos debe continuarse en pacientes con trastornos convulsivos conocidos. Debe existir evaluación neurológica continua, además de reexaminar disminución de la dosis o descontinuar la medicación.\n\n<strong>CONTRAINDICACIONES</strong>\n\nPacientes    que    hayan    mostrada hipersensibilidad a cualquier componente de este producto.\n\n<strong>REACCIONES ADVERSAS</strong>\n\nCILASNEM generalmente es bien tolerado.\n\nReacciones adversas locales: Flebitis / tromboflebitis, dolor en el lugar de la inyección, eritema en el lugar de la inyección, infección de la vena infundida.\n\nReacciones adversas sistémicas: náuseas, diarrea, vómitos, erupción, fiebre, hipotensión, convulsiones, mareos, prurito, urticaria, somnolencia.\n\n<strong>USO DURANTE EMBARAZO Y LACTANCIA</strong>\n\n<em>Embarazo:</em> Sólo se debe utilizar Imipenem/Cilastatina durante el embarazo si el posible beneficio\n\njustifica el posible riesgo para el feto.\n\n<em>Lactancia: </em>Este medicamento se excreta en la leche materna en pequeñas cantidades.  Por tanto, es poco probable que el lactante se vea expuesto a cantidades significativas. Si se considera necesario el uso de este medicamento, se debe sopesar el beneficio de la lactancia materna con el posible riesgo para el niño.\n\n<strong>INTERACCIONES MEDICAMENTOSAS</strong>\n\nCILASNEM interacciona con ganciclovir, probenecid, ácido valproico. Este medicamento no debe mezclarse ni agregarse físicamente a otros antibióticos.\n\n<strong>SOBREDOSIS</strong>\n\nLos síntomas de sobredosis que pueden producirse son coherentes con el perfil de reacciones adversas; pueden incluir convulsiones, confusión, temblores, náuseas, vómitos, hipotensión, bradicardia. No se dispone de información específica sobre el tratamiento de la sobredosis con este medicamento.  Imipenem/Cilastatina es hemodializable. Sin embargo, se desconoce la utilidad de este procedimiento en caso de sobredosis.\n\n<strong>CONDICIONES ALMACENAMIENTO</strong>\n\nAlmacenar a una temperatura no superior a 30 ° C. Protegido de la humedad.\n\nMantener fuera del alcance de los niños.\n\n<strong>PRESENTACIÓN</strong>\n\nCILASNEM se presenta en vial x 30 mL. Caja x 1 vial + prospecto.","Delta > Inyectables",,,,no,yes,yes,,no,,,,no,,no,default,default,default,,,,
,"Clear Face",,"<p style=""text-align: center;""><strong>CLEAR FACE</strong></p>\n<strong>Isotretinoína 20 mg</strong>\n\n<strong>Cápsula blanda de gelatina</strong>\n\n<strong>COMPOSICIÓN</strong>\n\nCada cápsula blanda de gelatina contiene:\n\nIsotretinoína                20 mg\n\nExcipientes                        c.s.\n\n<strong>INDICACIONES</strong>\n\nCLEAR FACE está indicado para el tratamiento de formas   graves   de Acné (acné   nodular o conglobata, acné con riesgo de cicatrización permanente) que sean resistentes a los ciclos adecuados de tratamiento convencional.\n\nIsotretinoína sólo puede prescribirse por o bajo la supervisión de un médico con experiencia en el uso de los retinoides por vía general para tratar el acné grave. Las cápsulas se ingerirán con los alimentos enteras sin masticar ni chupar, una o dos veces al día\n\n<strong>DOSIS:</strong> <em>Vía de administración oral.</em>\n\n<u>Adultos </u>(incluidos adolescentes y personas de edad avanzada): Se aconseja iniciar el tratamiento con una dosis de isotretinoína de 0,5 mg/kg al día. La respuesta terapéutica a isotretinoína y algunos de sus efectos adversos dependen de la dosis y varían entre los pacientes. Se recomienda ajustar individualmente la dosis. El intervalo posológico varía entre 0,5 y 1,0 mg/kg y día en la mayoría de los casos.\n\n<strong>PRECAUCIONES</strong>\n\nPacientes que presentan trastornos: psiquiátricos, gastrointestinales, oculares, musculo esqueléticos, tejido conjuntivo, trastornos de la piel y del tejido subcutáneo. Pacientes con hipertensión intracraneal benigna, alteraciones de la función renal y hepática, metabolismo lipídico, alérgicos al medicamento o alguno de sus excipientes.\n\n<strong>ADVERTENCIAS </strong>\n\nEste medicamento contiene los siguientes excipientes: <em>Butil hidroxitolueno y Butil hidroxianisol</em>, pueden irritar la piel, ojos y mucosas. <em>Glicerol</em>, a   dosis   elevadas   puede   provocar   dolor   de cabeza, molestias de estómago y diarrea.\n\n<strong>CONTRAINDICACIONES</strong>\n\nIsotretinoína está contraindicada en las mujeres embarazadas y en las madres lactantes.\n\nLa isotretinoína está contraindicada en pacientes con enfermedades de:\n<ul>\n 	<li>Insuficiencia hepática</li>\n 	<li>Hiperlipidemia</li>\n 	<li>Hipervitaminosis A</li>\n 	<li>Hipersensibilidad a isotretinoína.</li>\n</ul>\n<strong>REACCIONES ADVERSAS</strong>\n\nLos síntomas siguientes constituyen las reacciones adversas más comunes a isotretinoína:\n\nanemia, aumento de la velocidad de sedimentación, trombocitopenia, trombocitosis, cefalea, blefaritis, conjuntivitis, sequedad ocular, irritación ocular, epistaxis, sequedad nasal, nasofaringitis, aumento de las transaminasas, queilitis, dermatitis, sequedad de piel, descamación localizada, prurito, exantema eritematoso, fragilidad de la piel (riesgo de lesión por rascado, artralgias, mialgias, lumbalgia sobre todo entre los adolescentes, aumento de los triglicéridos en sangre, disminución de lipoproteínas de alta densidad, aumento del colesterol  en  sangre,  aumento  de  la  glucemia,  hematuria, proteinuria.\n\nAlgunos de los efectos secundarios asociados con el uso de isotretinoína dependen de la dosis. En general, los efectos secundarios revierten después de modificar la dosis o interrumpir el tratamiento, pero algunos persisten una vez finalizado éste.\n\n<strong>USO DURANTE EL EMBARAZO Y LA LACTANCIA</strong>\n\nEmbarazo: Por su efecto teratogénico, la isotretinoína está contraindicada en mujeres embarazadas y en edad fértil salvo que se cumpla con todas las condiciones de Programa de Prevención del Embarazo.\n\nSi a pesar de estas recomendaciones se produce un embarazo durante el tratamiento con Isotretinoína o durante el mes posterior, el riesgo de malformaciones fetales muy graves y graves aumenta considerablemente.\n\nLactancia: Isotretinoína es muy lipófila por lo que pasa a la leche materna. Dados los posibles efectos adversos para la madre y el lactante, está contraindicado el uso de isotretinoína en las madres lactantes. Se debe suspender la lactancia durante el tratamiento con isotretinoína.\n\n<strong>INTERACCIONES MEDICAMENTOSAS</strong>\n\nNo debe administrarse vitamina A conjuntamente con isotretinoína debido al riesgo de hipervitaminosis A.\n\nSe han descrito casos de hipertensión intracraneal benigna (pseudotumor cerebral) tras la administración concomitante de isotretinoína y tetraciclinas. Así pues, debe evitarse la administración simultánea de tetraciclinas.\n\nSe debe evitar la administración concomitante de isotretinoína con queratolíticos tópicos o agentes exfoliantes anti-acné ya que puede incrementar la irritación local.\n\n<strong>SOBREDOSIS</strong>\n\nIsotretinoína es un derivado de la vitamina A. Aunque la toxicidad aguda de isotretinoína es reducida, pueden aparecer signos de hipervitaminosis A en caso de sobredosificación accidental. Las manifestaciones de la intoxicación aguda por vitamina A comprenden cefalea intensa, náuseas o vómitos, somnolencia, irritabilidad y prurito. Los signos y los síntomas de sobredosificación accidental o voluntaria con isotretinoína probablemente se asemejen. En principio, los síntomas deberían ser reversibles y remitir sin necesidad de tratamiento.\n\n<strong>CONDICIONES DE ALMACENAMIENTO</strong>\n\nAlmacenar por debajo de 30 °C en un lugar fresco y seco. Proteger de la luz directa, el calor y la humedad.\n\nMantener fuera del alcance de los niños.\n\n<strong>PRESENTACIÓN</strong>\n\nCLEAR FACE se presenta en blíster x 10 cápsulas. Caja x 30 cápsulas + prospecto.","Delta > Comprimidos\, Cápsulas\, Sobres\, Tabletas",,https://laboratoriosdelta.net/wp-content/uploads/2023/12/Clear-Face-Comprimidos-copia.jpg,,no,yes,yes,,no,,,,no,,no,default,default,default,default,default,default,set
,"Clobetasol 0.05%",,,"Delta > Cremas\, Pomadas\, Ungüentos",,,,no,yes,yes,,no,,,,no,,no,default,default,default,,,,
,Doxiciclina,,"<strong>COMPOSICIÓN:</strong>\n\nCada cápsula dura de gelatina contiene:\n\nDoxiciclina Hiclato BP Eq. a Doxiciclina anhidra              100 mg\n\nExcipientes                                                               c.s.\n\n<strong>ACCIÓN TERAPÉUTICA: </strong>Antibiótico\n\n<strong>INDICACIONES: </strong>Doxiciclina está indicada para el tratamiento de las siguientes infeccione causadas por microorganismos sensibles: neumonía atípica causada por <em>Mycoplasma pneumoniae</em> y por <em>Chlamydia pneumoniae</em>; psitacosis; uretritis; cervicitis; proctitis no gonocócicas no complicadas; linfogranuloma venéreo; granuloma inguinal (donovanosis); enfermedad inflamatoria pélvica; estadios primario y secundario de la sífilis, así como sífilis tardía y latente; conjuntivitis de inclusión.\n\nInfecciones causadas por R<em>ickettsias</em>, tales como la fiebre manchada de las Montañas Rocosas, la fiebre mediterránea, en tifus (endémico y tifus de la maleza), y fiebre Q; brucelosis (en combinación con estreptomicina); cólera, enfermedad de Lyme (estadíos iniciales 1 y 2); fiebres recurrentes transmitidas por piojos y garrapatas, malaria causada por <em>Plasmodium falciparum</em> resistente.\n\n<strong>CONTRAINDICACIONES: </strong>Hipersensibilidad a cualquiera de los antibióticos de tetraciclina; niños menores de 12 años, mujeres embarazadas y lactantes.\n\n<strong>USO DURANTE EL EMBARAZO Y LA LACTANCIA: </strong>Doxiciclina está contraindicado durante el segundo y tercer trimestre del embarazo debido a que produce una coloración permanente de los dientes definitivos de los descendientes.\n\nSe debe interrumpir la lactancia durante el tratamiento con este medicamento, ya que se ha observado que la Doxiciclina se excreta en la leche materna y puede dar como resultado una absorción significativa por parte del bebé lactante exponiéndolo a un riesgo potencial de la coloración dental y disminución del crecimiento óseo del niño.\n\n<strong>DOSIS Y MODO DE EMPLEO</strong>\n\nVía de administración: Oral\n\n<u>Adultos</u>: La dosis habitual para adultos de Doxiciclina es de 200 mg el primer día (como dosis única o como dos dosis de 100 mg separadas por 12 horas), seguida de una dosis de mantenimiento de 100 mg al día. En infecciones más severas, particularmente aquellas que involucran el tracto urinario, el curso del tratamiento debe consistir en 200 mg diarios.\n\n<u>Niños menores de 50 kg de peso corporal</u>: deben recibir 4 mg / kg de peso corporal en el primer día (como una dosis única o como dos dosis separadas por 12 horas), seguido de una dosis de mantenimiento de 2 mg / kg al día. En infecciones más graves, se pueden usar dosis de hasta 4 mg / kg al día.\n\n<strong>DURACIÓN DEL TRATAMIENTO: </strong>La duración del tratamiento queda bajo criterio médico de acuerdo a la evolución de la enfermedad.\n\n<strong>PRECAUCIONES</strong>\n<ul>\n 	<li>Doxiciclina debe usarse con precaución en pacientes con historial de predisposición a la candidiasis oral.</li>\n 	<li>No se ha establecido la seguridad y eficacia del medicamento para el tratamiento de periodontitis en pacientes con candidiasis oral coexistente.</li>\n 	<li>En caso de una superinfección, se deben tomar medidas apropiadas para su tratamiento.</li>\n</ul>\n<strong>EFECTOS SECUNDARIOS:</strong> Las náuseas son los efectos adversos notificados con mayor frecuencia, pero ocurren en menos del 4% de los pacientes.\n\n<strong>Reacciones cutáneas:</strong> En menos del 3% de los pacientes se produce una erupción maculopapular o eritematosa.\n\nEl crecimiento excesivo de organismos resistentes puede producir glositis, estomatitis y vaginitis, así como enterocolitis estafilocócica.\n\n<strong>ADVERTENCIAS:</strong>  El uso de la Doxiciclina durante el desarrollo de los dientes, puede causar la decoloración permanente de los mismos. Esta reacción adversa es más común durante el uso a largo plazo de los medicamentos, pero también se ha observado después del uso repetido a corto plazo.\n\nTambién se ha informado de hipoplasia del esmalte, por lo tanto, este medicamento no debe usarse en mujeres embarazadas o mujeres que están dando de lactar, a menos que su médico evalúe el riesgo y el beneficio.\n\n<strong>INTERACCIONES MEDICAMENTOSAS</strong>:  Debido a que se ha demostrado que las tetraciclinas reducen la actividad de protrombina en plasma, los pacientes que están en tratamiento con anticoagulantes pueden requerir un ajuste descendente de su dosis de anticoagulantes. Dado que los antibióticos bacteriostáticos, como la clase de antibióticos de tetraciclinas, pueden interferir con la acción bactericida de los miembros de la clase de antibióticos betalactámicos (por ejemplo, penicilina), no es aconsejable administrar estos antibióticos concomitantemente.\n\nLa absorción de tetraciclinas se ve afectada por los antiácidos que contienen aluminio, calcio o magnesio y por las preparaciones que contienen hierro.\n\nLa absorción también se ve afectada por el subsalicilato de bismuto.\n\nLos barbitúricos, la carbamazepina y la fenitoína disminuyen la vida media de la Doxiciclina.\n\nSe ha informado que el uso concurrente de tetraciclina y pentrano (metoxi-urano) produce toxicidad renal mortal.\n\n* Informe a su médico en caso de cualquier reacción adversa relacionada con el uso de este medicamento.\n\n<strong>SINTOMAS CONOCIDOS DE SOBREDOSIS Y DATOS DE SU TRATAMIENTO:</strong>  En caso de sobredosis, suspenda los medicamentos, trate sintomáticamente e instituya medidas de apoyo. La diálisis no altera la semivida sérica y, por lo tanto, no sería beneficiosa en el tratamiento de casos de sobredosis.\n\n<strong>ALMACENAMIENTO:</strong>  Almacenar a una temperatura no mayor a los 30 ° C y protegido de la luz.\n\nMantener fuera del alcance de los niños.\n\n<strong>PRESENTACIÓN:</strong>  Blíster por 10 cápsulas. Caja x 50 cápsulas + prospecto.\n\n&nbsp;\n\n<strong>Fabricado por: </strong>Brawn Laboratories Limited\n\n<strong>Para: </strong>Laboratorios Delta S.A.","Delta > Comprimidos\, Cápsulas\, Sobres\, Tabletas",,,,no,yes,yes,,no,,,,no,,no,default,default,default,default,default,default,set
,E-PRA,,"<h6 style=""text-align: center;""><strong>E-PRA</strong></h6>\n<h6 style=""text-align: center;""><strong>Esomeprazol 40 mg</strong></h6>\n<h6 style=""text-align: center;""><strong>Comprimido con recubierta entérica</strong></h6>\n&nbsp;\n\n<strong>COMPOSICIÓN</strong>\n\nCada comprimido con recubrimiento entérico contiene:\n\nEsomeprazol Magnesio USP (como Trihidrato)\n\nequivalente a Esomeprazol                                    40 mg\n\nExcipientes                                                                       c.s\n\n<strong>ACCIÓN TERAPÉUTICA</strong>\n\nAntiulceroso\n\n<strong>INDICACIONES</strong>\n\nLos comprimidos gastro-resistentes de Esomeprazol 40 mg están indicados en adultos y adolescentes a partir de los 12 años de edad para:\n\n- Tratamiento de la esofagitis erosiva por reflujo\n\n- Tratamiento a largo plazo de pacientes con esofagitis curada para prevenir recaídas\n\n- Tratamiento sintomático de la enfermedad por reflujo gastroesofágico (ERGE)\n\n- En combinación con regímenes terapéuticos antibacterianos apropiados para la erradicación de Helicobacter pylori y curación de la úlcera duodenal asociada a Helicobacter pylori.\n\n- Prevención de la recaída de las úlceras pépticas en pacientes con úlceras asociadas a Helicobacter pylori.\n\n- Curación de úlceras gástricas asociadas con la terapia con AINE.\n\n- Prevención de úlceras gástricas y duodenales asociadas con la terapia con AINE, en pacientes en riesgo.\n\n- Tratamiento del síndrome de Zollinger Ellison.\n\n<strong>DOSIS: </strong><em>Vía de administración oral.</em>\n\nEnfermedad por reflujo gastroesofágico (ERGE):\n\n<em><u>Adultos y adolecentes a partir de los 12 años de edad:</u></em> 20 mg a 40 mg una vez al día durante 4 a 8 semanas.\n\nEn combinación con un régimen terapéutico antibacteriano adecuado para erradicar Helicobacter pylori: 20 mg dos veces al día por 7 días.\n\n<em><u>Dosis máxima diaria</u></em>: 80 mg\n\n<strong>DURACIÓN DEL TRATAMIENTO</strong>\n\nSu médico ajustará la dosis de acuerdo a sus necesidades y también decidirá según la evolución de la patología, durante cuánto tiempo debe tomar este medicamento.\n\n<strong>PRECAUCIONES</strong>\n\n- Debe descartarse la presencia de una enfermedad maligna ya que el tratamiento con Esomeprazol retrasaría su diagnóstico.\n\n- Los pacientes que reciben tratamiento a largo plazo deben ser objeto de supervisión periódica.\n\n- No deben tomar este medicamento los pacientes con intolerancia a la fructosa, mala absorción de glucosa y galactosa o insuficiencia de sucralosa e isomaltasa.\n\n- Durante el embarazo.\n\n<strong>CONTRAINDICACIONES</strong>\n\nHipersensibilidad al principio activo, a los benzimidazoles sustituidos o a cualquier otro componente de la fórmula, en casos de hepatopatías crónicas y en periodo de lactancia.\n\n<strong>REACCIONES ADVERSAS</strong>\n\nEl dolor de cabeza, el dolor abdominal, la diarrea, náuseas y vómitos se encuentran entre las reacciones adversas que se han informado con mayor frecuencia en ensayos clínicos.\n\nCon menor frecuencia: dermatitis, prurito, urticaria, mareo, sequedad de boca, parestesias, somnolencia, insomnio, vértigo, agresividad, depresión, alucinaciones, ginecomastia, estomatitis, candidiasis gastrointestinal, leucopenia, trombocitopenia, agranulocitosis, pancitopenia, elevación de las enzimas hepáticas, artralgia, debilidad muscular, eritema multiforme.\n\n<strong>USO DURANTE EL EMBARAZO Y LA LACTANCIA</strong>\n\nSi está embarazada o en periodo de lactancia, cree que podría estar embarazada o tiene intención de quedarse embarazada, consulte a su médico antes de utilizar este medicamento. Su médico decidirá si puede tomar Esomeprazol durante estos periodos.\n\n<strong>INTERACCIONES</strong> <strong>MEDICAMENTOSAS</strong>\n<ul>\n 	<li>Puede afectar los niveles plasmáticos de los medicamentos antirretrovirales, no se recomienda el uso de Atazanavir y Nelfinavir; si se usa Saquinavir con Esomeprazol controle la toxicidad y considere la reducción de la dosis de Saquinavir.</li>\n 	<li>Puede interferir con medicamentos para los cuales el pH gástrico afecta la biodisponibilidad (por ejemplo, Ketoconazol, sales de hierro y Digoxina). Los pacientes tratados con Esomeprazol y Digoxina pueden necesitar monitorización para detectar toxicidad por Digoxina.</li>\n 	<li>Puede aumentar la exposición sistémica de Cilostazol y un metabolito activo. Considere la reducción de la dosis.</li>\n 	<li>Puede aumentar los niveles séricos de tacrolimus y metotrexato.</li>\n 	<li>Esomeprazol interacciona con Diazepam.</li>\n</ul>\n<strong>INFORMACIÓN SOBRE EXCIPIENTES</strong>\n\nEste producto por contener Aceite de Castor como excipiente puede producir náuseas, vómitos, cólico y en altas dosis acción purgante severa. No administrar en caso de obstrucción intestinal.\n\n<strong>SOBREDOSIS                                                                                                                                         </strong>\n\nExiste una experiencia muy limitada hasta la fecha con sobredosis deliberada. Los síntomas descritos en relación con 280 mg fueron síntomas gastrointestinales y debilidad. Dosis únicas de 80 mg de Esomeprazol no tuvieron complicaciones. No se conoce ningún antídoto específico. El Esomeprazol se une ampliamente a las proteínas plasmáticas y, por lo tanto, no se puede dializar fácilmente. Como en cualquier caso de sobredosis, el tratamiento debe ser sintomático y se deben utilizar medidas de apoyo generales.\n\n<strong>CONDICIONES DE ALMACENAMIENTO</strong>\n\nAlmacenar a no más de 30 °C y protegido de la humedad.\n\nMantener fuera del alcance de los niños.\n\n<strong>PRESENTACIÓN</strong>\n\nE-PRA se presenta en blíster x 10 comprimidos con recubierta entérica. Caja x 30 comprimidos + prospecto.","Delta > Comprimidos\, Cápsulas\, Sobres\, Tabletas",,https://laboratoriosdelta.net/wp-content/uploads/2023/12/E-PRA-40-mg-Comprimidos-copia-1.jpg,,no,yes,yes,,no,,,,no,,no,default,default,default,default,default,default,set
,Merona,,"<h6 style=""text-align: center;""><strong>MERONA </strong></h6>\n<h6 style=""text-align: center;""><strong>Meropenem 500 mg</strong></h6>\n<h6 style=""text-align: center;""><strong>Polvo para inyección</strong></h6>\n<strong>COMPOSICIÓN</strong>\n\nCada vial contiene:\n\nMeropenem trihidrato Eq. a Meropenem anhidro    500 mg\n\nCarbonato de sodio (Sodio 45.1 mg)\n\n<strong>ACCIÓN TERAPÉUTICA</strong>\n\nAntibiótico\n\n<strong>INDICACIONES</strong>\n\nSe utiliza en el tratamiento de infecciones susceptibles, incluidas infecciones intraabdominales, meningitis, infecciones en vías respiratorias (incluidos pacientes con fibrosis quística), septicemia, infecciones de la piel, infecciones del tracto urinario e infecciones en pacientes inmunodeprimidos.\n\n<strong>DOSIS: </strong><em>Vía de administración I.V. </em>\n\nEs dado por Inyección lenta durante 3 a 5 minutos o mediante perfusión durante 15 a 30 minutos en una dosis habitual para adultos de 0,5 a 1 g cada 8 horas. Aumentado a 2 g cada 8 horas para la meningitis; en la fibrosis quística también se han utilizado dosis de hasta 2 g cada 8 horas.\n\nEn caso de insuficiencia renal: los niños mayores de 3 meses y que pesen menos de 50 kg pueden recibir de 10 a 20 mg / kg cada 8 horas, aumentado a 40 mg / kg cada 8 horas para la meningitis. Se han utilizado dosis de 25 a 40 mg / kg cada 8 horas en niños de 4 a 18 años con fibrosis quística.\n\n<strong>MODO DE EMPLEO</strong>\n\nDisolver el contenido en agua estéril para inyección USP para uso intravenoso. La solución reconstituida debe ser utilizada inmediatamente después de la preparación. Cualquier porción no utilizada debe desecharse.\n\n<strong>PRECAUCIONES</strong>\n\nHipersensibilidad al medicamento, disfunción hepática o renal, en uso concomitante con ácido valproico, considerar una posible presencia de colitis asociada al uso de antibióticos.\n\n<strong>CONTRAINDICACIONES</strong>\n\nMeropenem está contraindicado en pacientes con antecedentes de reacciones alérgicas a cualquier antibiótico carbapenemico, penicilinas, cefalosporinas o Inhibidores de betalactamasas.\n\n<strong>EFECTOS SECUNDARIOS</strong>\n\nLos efectos adversos más comunes son: trombocitemia, dolor de cabeza, diarrea, vómitos, náuseas, dolor abdominal, aumento de transaminasas, aumento de ácido láctico, aumento de la deshidrogenasa y fosfatasa, en el sitio de administración inflamación y dolor.\n\n<strong>INTERACCIONES MEDICAMENTOSAS</strong>\n\nPuede interaccionar con probenecid, valproato / valpromida y anticuagualantes como warfarina.\n\n<strong>USO EN EMBARAZO Y LACTANCIA</strong>\n\n<em>Embarazo:</em> No existen datos o son limitados sobre el uso de meropenem en mujeres embarazadas. Los estudios en animales no indican efectos dañinos directos o indirectos con respecto a la reproducción. Como medida de precaución, es preferible evitar el uso de meropenem durante el embarazo.\n\n<em>Lactancia:</em> Se ha informado que pequeñas cantidades de meropenem se excretan en la leche materna. Meropenem no debe utilizarse en mujeres en período de lactancia a menos que el beneficio potencial para la madre justifique el riesgo potencial para el bebé.\n\n<strong>SOBREDOSIS</strong>\n\nLas reacciones son generalmente de gravedad leve y se resuelven con la retirada, reducción de la dosis o se debe considerar tratar los síntomas.\n\nLa hemodiálisis eliminará el meropenem y su metabolito. En individuos con función renal normal, ocurrirá una rápida eliminación renal.\n\n<strong>CONDICIÓN DE ALMACENAMIENTO</strong>\n\nAlmacenar a una temperatura no superior a 30 C. Proteger de la humedad.\n\nMantener fuera del alcance de los niños.\n\n<strong>PRESENTACIÓN</strong>\n\nMERONA se presenta en vial x 20 mL. Caja x 1 vial + diluyente agua estéril x 10 mL + prospecto.","Delta > Inyectables",,,,no,yes,yes,,no,,,,no,,no,default,default,default,,,,
,NEUROGAB,,"<p style=""text-align: center;""><strong>NEUROGAB</strong></p>\n<strong>Gabapentina 300 mg</strong>\n\n<strong>Cápsulas</strong>\n\n<strong>COMPOSICIÓN</strong>\n\nCada cápsula dura de gelatina contiene:\n\nGabapentina            300 mg\n\nExcipientes                     c.s.\n\n<strong>ACCIÓN TERAPÉUTICA</strong>\n\nAnticonvulsivante - Antiepiléptico\n\n<strong>INDICACIONES</strong>\n\nNEUROGAB está indicado como complemento de otros medicamentos anticonvulsivos estándar en pacientes que no han logrado un control adecuado de las convulsiones, estos agentes se utilizan solos o en combinación. En el control de convulsiones parciales simples y complejas con o sin convulsiones tónico clónicas generalizadas secundarias.\n\n<strong>DOSIS:</strong> <em>Vía de administración oral.</em>\n\n<strong><em>Adultos y niños mayores de 12 años</em></strong>\n\nInicialmente 300 mg tres veces al día. La dosis puede aumentarse gradualmente en función de la respuesta clínica. Dosis de 900 a 1800 mg por día tomados en tres dosis divididas o dos por día; esta posología es efectiva para la mayoría de los pacientes.\n\n<strong><em>Dosis máxima:</em></strong> Se han tolerado bien dosis de hasta 3600 mg en dosis divididas tres veces al día durante períodos cortos.\n\n<strong><em>Niños menores de 12 años</em></strong>\n\nNo se ha establecido la seguridad y eficacia en niños menores de 12 años.\n\n<strong><em>Pacientes de edad avanzada</em></strong>\n\nLos pacientes de edad avanzada pueden requerir un ajuste de la dosis debido a la disminución de la función renal con la edad. El ajuste de dosis se puede realizar mediante un análisis clínico.\n\nPara <em>pacientes con insuficiencia renal</em> o aquellos sometidos a hemodiálisis, se recomienda el siguiente régimen de dosificación de mantenimiento recomendado:\n\n&nbsp;\n<table>\n<tbody>\n<tr>\n<td width=""196"">FUNCION RENAL</td>\n<td width=""196"">RÉGIMEN DE DOSIS DIARIA TOTAL</td>\n<td width=""196"">RÉGIMEN DE DOSIS</td>\n</tr>\n<tr>\n<td width=""196"">Aclaramiento de creatina</td>\n<td width=""196"">Dosis</td>\n<td width=""196"">(mg)</td>\n</tr>\n<tr>\n<td width=""196"">(ml por min)</td>\n<td width=""196"">(mg/día)</td>\n<td width=""196"">&nbsp;</td>\n</tr>\n<tr>\n<td width=""196"">&gt;60</td>\n<td width=""196"">1200</td>\n<td width=""196"">400 tres veces al día</td>\n</tr>\n<tr>\n<td width=""196"">30-60</td>\n<td width=""196"">600</td>\n<td width=""196"">300 tres veces al día</td>\n</tr>\n<tr>\n<td width=""196"">15-30</td>\n<td width=""196"">300</td>\n<td width=""196"">300 una vez al día</td>\n</tr>\n<tr>\n<td width=""196"">&lt;15</td>\n<td width=""196"">150</td>\n<td width=""196"">300 una vez cada dos días</td>\n</tr>\n<tr>\n<td width=""196"">Hemodialisis</td>\n<td width=""196"">-</td>\n<td width=""196"">200 hasta 300</td>\n</tr>\n</tbody>\n</table>\n&nbsp;\n<ol>\n 	<li>a) Dosis de carga de 300 a 400 mg</li>\n 	<li>b) Dosis de mantenimiento de 200 a 300 mg de gabapentina, después de cada 4 horas de hemodiálisis.</li>\n</ol>\n<strong>PRECAUCIONES</strong>\n\nLa gabapentina debe usarse con precaución en pacientes con antecedentes de enfermedad psicótica. También debe usarse con precaución en pacientes renales. Consulte la tabla para conocer las pautas de dosificación en insuficiencia renal y hemodiálisis.\n\nLa suspensión brusca de gabapentina en pacientes epilépticos puede precipitar el estado epiléptico. Si fuera necesario reducir la dosis, suspenda el tratamiento o sustitúyalo por otro anticonvulsivo, debe hacerse de forma gradual durante un mínimo de una semana.\n\n<strong>CONTRAINDICACIÓN</strong>\n\nHipersensibilidad a la gabapentina o a alguno de los excipientes del producto.\n<ul>\n 	<li>No se ha establecido la seguridad y eficacia en niños menores de 12 años.</li>\n 	<li>No se ha establecido la seguridad y eficacia en el embarazo y la lactancia.</li>\n</ul>\n<strong>EFECTOS SECUNDARIOS</strong>\n\n<u>Trastornos del sistema nervioso</u>\n\n<em>Frecuentes:</em> fatiga, somnolencia, mareos, ataxia, temblor, vértigo.\n\n<em>Menos frecuentes:</em> dolor de cabeza, disartria, amnesia,confusión, insomnio, espasmos, coordinación anormal, parestesia, nerviosismo.\n\n<u>Desórdenes gastrointestinales</u>\n\n<em>Menos frecuentes:</em> náuseas y vómitos, dispepsia, dolor abdominal, sequedad de boca o garganta, estreñimiento, anomalías dentales, Diarrea.\n\n<u>Trastornos oculares</u>\n\n<em>Frecuentes:</em> diplopía, ambliopía, nistagmo.\n\n<u>Sistema respiratorio</u>\n\n<em>Menos frecuentes:</em> rinitis, faringitis, tos, infección del tracto respiratorio.\n\n<u>Trastornos de la piel y del tejido subcutáneo</u>\n\n<em>Menos frecuentes:</em> erupción, prurito, abrasión, acné, erupción maculopapular. Desórdenes psiquiátricos\n\n<em>Frecuentes:</em> depresión, labilidad emocional.\n\n<em>Menos frecuente:</em> pensamiento anormal.\n\n<u>Trastornos del sistema reproductivo</u>\n\n<em>Menos frecuentes:</em> impotencia.\n\n<u>Trastornos músculo-esqueléticos y óseos</u>\n\n<em>Frecuentes:</em> mialgia.\n\n<em>Menos frecuentes:</em> dolor de espalda, fractura.\n\n<u>Trastornos vasculares </u>\n\n<em>Frecuentes:</em> edema periférico.\n\n<em>Menos frecuentes</em>: vasodilatación.\n\n<u>Trastornos de la sangre y del sistema linfático.</u>\n\n<em>Menos frecuentes:</em> leucopenia, púrpura, disminución de glóbulos blancos.\n\n<u>Infecciones e infestaciones.</u>\n\n<em>Menos frecuente:</em> infección viral.\n\n<u>Trastornos del metabolismo y la nutrición.</u>\n\n<em>Menos frecuente:</em> aumento del apetito que resulta en aumento de peso.\n\n<u>Trastornos generales</u>\n\n<em>Menos frecuentes:</em> fiebre.\n\n<strong>INTERACCIONES MEDICAMENTOSAS</strong>\n\nNo existe interacción entre gabapentina, fenobarbitona, fenitoína, ácido valproico, carbamazepina o carbamazepina-10,11 epóxido.\n\nCo-administración de gabapentina con anticonceptivos orales, que contienen noretindrona y / o etinilestradiol, no influye en las concentraciones plasmáticas en estado estacionario de cualquiera de los componentes.\n\nEl uso concomitante de gabapentina con un antiácido que contiene magnesio y aluminio reduce la biodisponibilidad de gabapentina aproximadamente 20%. Se recomienda que la gabapentina se tome aproximadamente dos horas después de la administración del antiácido.\n\nConcurrente el uso de gabapentina con alcohol y otros depresores del SNC puede aumentar los efectos depresores del SNC.\n\nFalso positivo en pruebas con Ames Multistix-SG.\n\n<strong>USO EN EMBARAZO Y LACTANCIA</strong>\n\nNo se ha establecido la seguridad durante el embarazo y la lactancia\n\n<strong>SOBREDOSIS</strong>\n\nEl tratamiento es sintomático y de apoyo. Se ha demostrado que la hemodiálisis es eficaz para eliminar la gabapentina y puede ser indicado en pacientes con insuficiencia renal. La absorción reducida de gabapentina a dosis más altas puede limitar la absorción del fármaco y, por lo tanto, minimizar la toxicidad en el momento de la sobredosis.\n\n<strong>CONDICIONES DE ALMACENAMIENTO </strong>\n\nAlmacenar a una temperatura no superior a 30 C. Proteger de la luz.\n\nMantener fuera del alcance de los niños.\n\n<strong>PRESENTACIÓN</strong>\n\nNEUROGAB se presenta en blíster ALU-ALU x 10 cápsulas. Caja x 30 capsulas + prospecto.","Delta > Comprimidos\, Cápsulas\, Sobres\, Tabletas",,https://laboratoriosdelta.net/wp-content/uploads/2023/12/Neurogab-comprimidos-copia.jpg,,no,yes,yes,,no,,,,no,,no,default,default,default,default,default,default,set
,P-PRA,,"<p style=""text-align: center;""><strong>P- PRA</strong></p>\nPantoprazol Sódico 40 mg\n\nComprimidos con recubierta entérica de liberación retardada\n\n&nbsp;\n\n<strong>COMPOSICIÓN</strong>\n\nCada comprimido con recubierta entérica contiene:\n\nPantoprazol Sódico USP equivalente a Pantoprazol             40 mg\n\nExcipientes                                                                                 c.s.\n\n<strong>ACCIÓN TERAPÉUTICA   </strong>\n\nAntiulceroso\n\n<strong>INDICACIONES </strong>\n\nP-PRA está indicado para el tratamiento a corto plazo de la úlcera duodenal, úlcera gástrica, formas moderadas o graves de esofagitis por reflujo y síndrome de Zollinger-Ellison. Si se ha demostrado que la úlcera duodenal está asociada con la infección por <em>Helicobacter pylori</em>, pantoprazol puede ser útil en combinación con los antibióticos apropiados.\n\n<strong>DOSIS: </strong><em>Vía de administración oral.</em>\n\nEl comprimido de pantoprazol 40 mg debe tragarse entero con abundante agua antes o durante el desayuno. No debe ser masticado ni triturado.\n\n<em>Úlcera duodenal:</em> La dosis recomendada es de 40 mg una vez al día durante 2 a 4 semanas.\n\n<em>Úlcera gástrica:</em> La dosis recomendada es de 40 mg una vez al día durante 4 a 8 semanas.\n\n<em>Esofagitis por reflujo:</em> La dosis recomendada es de 40 mg una vez al día por la mañana durante 4 a 8 semanas.\n\n<em>En tratamiento asociado con antibióticos:</em> 40 mg dos veces al día.\n\n<em>Dosis máxima diaria:</em> 80 mg.\n\n<strong>DURACIÓN DEL TRATAMIENTO</strong>\n\nLa duración del tratamiento de la úlcera gástrica habitualmente es de entre 4 y 8 semanas.\n\nLa duración del tratamiento de la úlcera duodenal es normalmente de entre 2 y 4 semanas.\n\n<strong>PRECAUCIONES </strong>\n\n° En pacientes con insuficiencia hepática grave, las enzimas hepáticas deben controlarse regularmente durante el tratamiento con pantoprazol especialmente en el uso a largo plazo. En el caso de un aumento de las enzimas hepáticas, se debe interrumpir el tratamiento con este medicamento.\n\n° Pantoprazol no está indicado para dolencias gastrointestinales leves, como dispepsia nerviosa.\n\n° Antes del tratamiento, debe excluirse la posibilidad de malignidad de la úlcera gástrica o una enfermedad maligna del esófago, ya que el tratamiento con pantoprazol puede aliviar los síntomas de las úlceras malignas y, por lo tanto, puede retrasar el diagnóstico.\n\n° El diagnóstico de esofagitis por reflujo debe confirmarse mediante endoscopia.\n\n° El tratamiento diario con cualquier medicamento que bloquee el ácido durante un período prolongado (por ejemplo, más de 3 años) puede conducir a una mala absorción de la Cianocobalamina causada por hipo o aclorhidria. Se han reportado casos raros de deficiencia de Cianocobalamina bajo terapia de bloqueo ácido en la literatura. Esto debe considerarse cuando se observan los síntomas clínicos respectivos.\n\n<strong>CONTRAINDICACIONES</strong>\n<ul>\n 	<li>No debe administrarse en pacientes con reducción de la función hepática.</li>\n 	<li>Hipersensibilidad crónica al Pantoprazol, o a alguno de los componentes.</li>\n 	<li>No se ha establecido la seguridad y eficacia en niños.</li>\n 	<li>Durante los periodos de embarazo y lactancia.</li>\n</ul>\n<strong>EFECTOS SECUNDARIOS</strong>\n\nEfectos secundarios frecuentes: quejas gastrointestinales como dolor abdominal superior, diarrea, estreñimiento, flatulencia y dolor de cabeza. Efectos secundarios menos frecuentes: náuseas, vómitos, leucopenia, trombocitopenia, daño hepatocelular grave que conduce a ictericia con o sin insuficiencia hepática, reacciones anafilácticas, shock anafiláctico, aumento de las enzimas hepáticas (transaminasas, gamma-GT), triglicéridos elevados y aumento de la temperatura corporal, artralgia, mialgia, mareos o alteraciones en la visión (visión borrosa), depresión mental, nefritis intersticial, reacciones alérgicas como prurito y erupción cutánea, urticaria, angioedema y reacciones cutáneas graves como el síndrome de Stevens Johnson, eritema multiforme, síndrome de Lyell y fotosensibilidad. Raramente boca seca.\n\n<strong>USO DURANTE EL EMBARAZO Y LA LACTANCIA</strong>\n\nNo se ha establecido la seguridad en el embarazo y durante la lactancia.\n\n<strong>INTERACCIONES</strong>\n\nLa ingesta concomitante de alimentos no influye en la biodisponibilidad.\n\nPantoprazol puede reducir o aumentar la absorción de medicamentos cuya absorción depende del pH, por ejemplo, ketoconazol, atazanavir y ritonavir.\n\nEl ingrediente activo de P-PRA se metaboliza en el hígado a través del sistema de enzimas citocromo P450. No se puede excluir una interacción de Pantoprazol con otros medicamentos o compuestos que se metabolizan con el mismo sistema enzimático. Sin embargo, no se observaron interacciones clínicamente significativas en pruebas específicas con varios de estos medicamentos o compuestos, a saber, Antipirina, Cafeína, Carbamazepina, Diazepam, Diclofenaco, Digoxina, Etanol, Glibenclamida, Metoprolol, Naproxeno, Nifedipina, Fenitoína, Piroxicam, Teofilina, Warfarina y anticonceptivos orales.\n\nSin embargo, la respuesta a los anticoagulantes, como la Warfarina, puede verse afectada por cualquier medicamento concomitante. Por lo tanto, sería una buena práctica controlar al paciente con determinaciones adicionales de PT (tiempo de protrombina) / INR (relación normalizada internacional) cuando se inicia, interrumpe o toma irregularmente Pantoprazol.\n\n<strong>ADVERTENCIAS </strong>\n\nEste medicamento contiene aceite de castor, puede producir molestias de estómago y diarrea.\n\n<strong>SOBREDOSIS </strong>\n\nNo se conocen síntomas de sobredosis en el hombre. No se puede hacer una recomendación terapéutica específica en casos de sobredosis. El tratamiento es sintomático y de apoyo.\n\n<strong>ALMACENAMIENTO</strong>\n\nAlmacenar a no más de 30 °C y protegido de la humedad.\n\nMantener fuera del alcance de los niños.\n\n<strong>PRESENTACIÓN</strong>\n\nP-PRA se presenta en blíster x 10 comprimidos con recubierta entérica. Caja x 30 comprimidos + prospecto.","Delta > Comprimidos\, Cápsulas\, Sobres\, Tabletas",,https://laboratoriosdelta.net/wp-content/uploads/2023/12/P-PRA-comprimidos-copia.jpg,,no,yes,yes,,no,,,,no,,no,default,default,default,default,default,default,set
,QUADERM,,"<p style=""text-align: center;""><strong>QUADERM</strong></p>\n<strong>Betametasona + Gentamicina + Clioquinol + Tolnaftato</strong>\n\n<strong>Crema dérmica</strong>\n\n<strong>Para uso externo</strong>\n\n&nbsp;\n\n<strong>COMPOSICIÓN</strong>\n\nCada gramo contiene:\n\nBetametasona (como Valerato de Betametasona BP)     0,5 mg\n\nGentamicina (como sulfato de Gentamicina BP)               1,0 mg\n\nClioquinol BP                                                                   10,0 mg\n\nTolnaftato BP                                                                   10,0 mg\n\nExcipientes                                                                              c.s.\n\n<strong>ACCIÓN TERAPÉUTICA</strong>\n\nCorticoide, Antibiótico y Antimicótico.\n\n<strong>PROPIEDADES</strong>\n\nQUADERM crema es una combinación de Valerato de Betametasona, un agente antiinflamatorio, antiprurítico y vasoconstrictor; con el antibiótico de amplio espectro Sulfato de Gentamicina; el agente fungicida Tolnaftato y el Clioquinol, un agente antibacteriano y antimicótico, en una base de crema, lavable con agua.\n\n<strong>INDICACIONES</strong>\n\nQUADERM está indicado para el tratamiento de las infecciones bacterianas o micóticas de la piel que cursan con manifestaciones inflamatorias.\n\nDichos trastornos incluyen: dermatitis crónica de las extremidades, eritrasma, balanopostitis, herpes zóster, dermatitis eczematoide, dermatitis de contacto, dermatitis folicular, paraqueratosis, paroniquia, prurito anal, intertrigo, impétigo, neurodermatitis, estomatitis angular, dermatitis por fotosensibilidad y tinea dermatitis inguinalis como tinea pedis, tinea cruris y tinea corporis.\n\n<strong>USO EN EMBARAZO Y LACTANCIA</strong>\n\nDado que no existen datos suficientes sobre la utilización de los principios activos tópicos de este medicamento en mujeres embarazadas, estos fármacos únicamente deben utilizarse durante el embarazo si el beneficio justifica el riesgo potencial sobre el feto.\n\nEste tipo de fármacos no deben utilizarse ampliamente, en grandes cantidades o durante períodos prolongados de tiempo en las pacientes embarazadas. Puesto que se ignora si la administración tópica de corticosteroides puede producir una absorción sistémica suficiente como para que aparezcan cantidades detectables en la leche materna, en las pacientes que estén amamantando deberá decidirse, tras consideración de la importancia del fármaco para la madre, abandonar la lactancia materna o suspender el tratamiento con el fármaco.\n\n<strong>CONTRAINDICACIONES</strong>\n\nHipersensibilidad a los componentes de la fórmula.\n\nPresencia de procesos tuberculosos o sifilíticos.\n\nInfecciones víricas (por ejemplo, herpes o varicela).\n\nRosácea, dermatitis perioral, enfermedades atróficas de la piel y reacciones vacunales cutáneas en el área a tratar.\n\nQUADERM crema no debe emplearse en los ojos ni en heridas profundas.\n\nNiños menores de 2 años de edad.\n\n<strong>ADVERTENCIA</strong>\n\nSólo para uso externo.\n\n<strong>DOSIS Y MODO DE EMPLEO</strong>\n\n<em>Vía de administración: Tópica.</em>\n\n<em>Adultos y mayores de 12 años:</em> Aplique mediante un masaje suave una capa delgada de la\n\ncrema en el área afectada 2 a tres veces al día.\n\nLa duración del tratamiento no debe exceder de una o dos semanas. Si se utiliza el medicamento en la cara, el tratamiento debe ser lo más corto posible, máximo una semana.\n\nEn los casos de tiña pedis, pueden requerirse tratamientos más prolongados (de 2 a 4 semanas), pero si en 3 semanas no se obtiene una mejoría clínica, se debe revisar el diagnóstico.\n\n<strong>PRECAUCIONES</strong>\n\nDebe cumplirse el tratamiento prescrito.\n\nEl uso prolongado de los antibióticos de uso tópico puede dar lugar ocasionalmente a una proliferación de microorganismos no sensibles, en cuyo caso deberá suspenderse el tratamiento e instaurarse la terapia adecuada.\n\nLos glucocorticoides como Betametasona no deben aplicarse en áreas extensas de piel.\n\nQUADERM es de uso externo, no debe entrar en contacto con los ojos ni mucosas (por ejemplo, la boca, la nariz o el área genital).\n\nNo utilizar vendajes oclusivos.\n\nPor el contenido de Clioquinol, este medicamento puede manchar la ropa o la piel. No está recomendado en niños menores de 12 años de edad.\n\n<strong>EFECTOS ADVERSOS</strong>\n\nMuy rara vez se han notificado reacciones adversas a la terapia con QUADERM e incluyen eritema, prurito y decoloración de la piel.\n\nSe han informado erupciones, irritación e hipersensibilidad con el uso tópico de sulfato de gentamicina, clioquinol y ocasionalmente con tolnaftato.\n\nLas reacciones adversas locales notificadas con el uso de corticosteroides tópicos, especialmente bajo vendajes oclusivos incluyen: ardor, picazón, irritación, sequedad, foliculitis, hipertricosis, erupciones en forma de acné, hipopigmentación, dermatitis perioral, dermatitis alérgica de contacto, maceración de la piel, infección secundaria, atrofia cutánea, estrías y miliaria.\n\n<strong>INTERACCIONES MEDICAMENTOSAS</strong>\n\nNo se conocen interacciones con otros medicamentos.  Los tratamientos de áreas extensas de la piel o los de larga duración con corticosteroides podrían dar lugar a interacciones, como consecuencia de la absorción. La absorción sistémica del Clioquinol, especialmente si se aplicase con oclusión, puede interferir con las pruebas de la función tiroidea. Puede ser necesario interrumpir el tratamiento un mes antes de la realización de ciertas pruebas.\n\n<strong>SOBREDOSIS</strong>\n\nEs muy poco probable que ocurra una sobredosis aguda. Sin embargo, en el caso de sobredosis o mal uso, pueden aparecer las características del síndrome de Cushing y, en esta situación, los esteroides tópicos deben suspenderse gradualmente bajo supervisión médica.\n\n<strong>INFORMACIÓN SOBRE EXCIPIENTES</strong>\n\nEste medicamento contiene como excipiente propilenglicol.\n\n<strong>ALMACENAMIENTO</strong>\n\nAlmacenar a no más de 30 ºC y protegido de la luz.\n\nMantener fuera del alcance de los niños.\n\nCierre el tubo con la tapa inmediatamente después de cada uso.\n\n<strong>PRESENTACIÓN</strong>\n\nQUADERM se presenta en tubo de aluminio x 15 g. Caja x 1 tubo + prospecto.","Delta > Cremas\, Pomadas\, Ungüentos",,https://laboratoriosdelta.net/wp-content/uploads/2023/12/Quaderm-unguento-copia.jpg,,no,yes,yes,,no,,,,no,,no,default,default,default,default,default,default,set
,"Tadalafil 20 mg",,"<p style=""text-align: center;""><strong>TADALAFIL</strong></p>\n<p style=""text-align: center;""><strong>20 mg</strong></p>\n<p style=""text-align: center;""><strong>Comprimido Recubierto</strong></p>\n&nbsp;\n\n<strong>COMPOSICIÓN</strong>\n\nCada comprimido recubierto contiene:\n\nTadalafil                 20 mg\n\nExcipientes                 c.s.\n\n<strong>ACCIÓN TERAPÉUTICA</strong>\n\nDisfunción eréctil\n\n<strong>INDICACIONES</strong>\n\nTadalafil está indicado para tratamiento de la disfunción eréctil.\n\n<strong>DOSIS:</strong> <em>Vía de administración oral.</em>\n\n<em><u>Adultos</u></em><em>:</em> Iniciar con 10 mg tomada antes de la actividad sexual prevista. Se podrá aumentar la dosis a 20 mg o reducirla a 5 mg, de acuerdo con la eficacia y la tolerabilidad individual. La frecuencia posológica máxima recomendada es una vez al día en la mayoría de los pacientes.\n\n<strong>PRECAUCIONES</strong>\n\n° Pacientes con enfermedad cardiovascular, insuficiencia renal severa, insuficiencia hepática, anemia, mieloma múltiple o leucemia.\n\n<strong>CONTRAINDICACIONES</strong>\n\n- Hipersensibilidad al fármaco.\n\n- Aumenta efectos hipotensivos en pacientes que utilicen nitratos.\n\n- Patologías cardiovasculares e Ictus.\n\n<strong>REACCIONES ADVERSAS</strong>\n\nPodría presentar: dolor de cabeza, mareos, dispepsia, dolor de espalda, mialgia, congestión nasal, sofoco, rubor, enrojecimiento, dolor en las extremidades, diarrea, infección del tracto urinario, reflujo gastroesofágico, hipertensión y dolor abdominal.\n\n<strong>USO DURANTE EL EMBARAZO Y LA LACTANCIA</strong>\n\nEl uso de Tadalafil NO está indicado en mujeres.\n\n<strong>INTERACCIONES MEDICAMENTOSAS</strong>\n\nLos medicamentos inhibidores de la FDE5 incluyendo el Tadalafil al ser administrados conjuntamente con el alcohol y los antihipertensivos (bloqueadores alfa adrenérgicos, bloqueadores de calcio como el amlodipino, bloqueadores de los receptores de la angiotensina II, inhibidores de la encima convertidor de la angiotensina como el enalapril, además de metoprolol y otros) actúan como vasodilatadores, puede aumentar las posibilidades de signos y síntomas ortostáticos, los cuales incluyen aumento de la frecuencia cardíaca, disminución de la presión arterial en posición de pie, mareos y cefalea.\n\nAntiácidos: La administración simultánea de un antiácido (hidróxido de magnesio / hidróxido de aluminio) reduce la tasa de absorción aparente de Tadalafil.\n\nlnhibidores de citocromo P450: Se ha informado que los fármacos que inhiben el CYP3A4 (ketoconazol, eritromicina, itraconazol, tadalafilo, ritonavir, rifampicina, carbamazepina, fenitoína, fenobarbital entre otros) y el jugo de pomelo pueden incrementar la exposición al Tadalafil.\n\nConcentración plasmática de Tadalafil es disminuida por: fenobarbital, fenitoína, carbamazepina, rifampicina.\n\n<strong>SOBREDOSIS</strong>\n\nEn caso de sobredosis se puede experimentar un incremento en los efectos adversos y su gravedad; en este caso acuda a un centro hospitalario para la valoración y tratamiento de soporte. La hemodiálisis contribuye de forma insignificante a la eliminación de Tadalafil.\n\n<strong>CONDICIONES DE ALMACENAMIENTO</strong>\n\nAlmacenar a una temperatura no superior a 30 °C. Proteger de la humedad.\n\nMantener fuera del alcance de los niños.\n\n<strong>PRESENTACIÓN</strong>\n\nBlister ALU-PVC x 4 comprimidos recubiertos. Caja x 1 blister + prospecto.","Delta > Comprimidos\, Cápsulas\, Sobres\, Tabletas",,https://laboratoriosdelta.net/wp-content/uploads/2024/03/Tadalafil-20-mg-copia.jpg,,no,yes,yes,,no,,,,no,,no,default,default,default,default,default,default,set
,NEOXIM,,"<p style=""text-align: center;""><strong>NEOXIM</strong></p>\n<p style=""text-align: center;""><strong>Cefixima 400 mg</strong></p>\n<p style=""text-align: center;""><strong>Cápsula</strong></p>\n&nbsp;\n\n<strong>COMPOSICIÓN</strong>\n\nCada cápsula dura de gelatina contiene:\n\nCefixima Anhidra            400 mg (Eq. a 448.933 mg Cefixima Trihidrato)\n\nExcipientes                            c.s.\n\n<strong>ACCIÓN TERAPÉUTICA</strong>\n\nAntibiótico\n\n<strong>INDICACIONES</strong>\n\nNEOXIM está indicado para el tratamiento de las siguientes infecciones cuando son causadas por cepas sensibles al antibiótico:\n\n- Infecciones del tracto urinario no complicadas\n\n- Otitis media\n\n- Faringitis y amigdalitis\n\n- Bronquitis aguda y exacerbaciones agudas de bronquitis crónica\n\n- Gonorrea no complicada (cervical/uretral)\n\n<strong>DOSIS:</strong> <em>Vía de administración oral.</em>\n\nAdultos:\n\n- La dosis recomendada para adultos de Cefixima es de 200 mg - 400 mg una vez cada 24 horas.\n\n- Cuando sea necesario, se puede considerar una dosis de 200 mg dos veces al día, excepto para la infección del tracto urinario, donde la dosificación es una vez al día.\n\n- Infecciones gonocócicas cervicales/uretrales no complicadas: se recomienda una dosis oral única de 400 mg.\n\n<strong>PRECAUCIONES</strong>\n\n- En pacientes con antecedentes de reacciones alérgicas a penicilinas y cefalosporinas. Si ocurre una reacción alérgica a la Cefixima, se debe suspender el medicamento y tratar al paciente con los agentes apropiados.\n\n- El uso prolongado de Cefixima puede ocasionar el sobrecrecimiento de organismos no susceptibles, dando lugar a casos de colitis.\n\n- La Cefixima debe administrarse con precaución en pacientes con insuficiencia renal marcada.\n\n- Los antibióticos de amplio espectro como Cefixima deben prescribirse con precaución en personas con                                                                                antecedentes de enfermedad gastrointestinal, particularmente colitis.\n\n- No use Cefixima para tratar S. aureus ya que esta cepa de estafilococos es resistente la Cefixima.\n\n<strong>CONTRAINDICACIONES</strong>\n\nLa cefixima está contraindicada en:\n\n- Pacientes con hipersensibilidad conocida al grupo de antibióticos de las cefalosporinas.\n\n- Niños menores de seis meses ya que no se ha establecido la seguridad y eficacia de Cefixima en estos pacientes.\n\n<strong>REACCIONES ADVERSAS</strong>\n\n- La Cefixima es generalmente bien tolerada y los efectos secundarios suelen ser transitorios.\n\n- Alteraciones gastrointestinales: Diarrea, cambios en el color de las heces, náuseas, dolor abdominal,      dispepsia, vómitos, flatulencia.\n\n- Alteración del sistema nervioso central: Dolor de cabeza.\n\n- Otros: Reacciones de hipersensibilidad, cambios hematológicos, elevación de amilasa sérica.\n\n- Se ha informado aumento en el tiempo de protrombina en algunos pacientes.\n\n<strong>USO DURANTE EL EMBARAZO Y LA LACTANCIA</strong>\n\nNo existen estudios adecuados y bien controlados en mujeres embarazadas o en periodo de lactancia.\n\nEs importante que consulte con su médico antes de administrar este medicamento durante el embarazo y la lactancia para evaluar el riesgo – beneficio del tratamiento.<strong> </strong>\n\n<strong>INTERACCIONES MEDICAMENTOSAS</strong>\n\nAnticoagulantes: Se debe tener cuidado en pacientes que reciben anticoagulantes y Cefixima concomitantemente debido a la posibilidad de que Cefixima puede aumentar el tiempo de protrombina.\n\nCarbamazepina: Se han notificado niveles elevados de carbamazepina en plasma cuando se administra Cefixima concomitantemente. La monitorización del fármaco puede ser de ayuda para detectar alteraciones en las concentraciones plasmáticas de carbamazepina.\n\n<strong>SOBREDOSIS</strong>\n\nLos síntomas de sobredosis corresponden a una intensificación de las reacciones adversas descritas.\n\nEl tratamiento recomendado bajo control médico en caso de intoxicación es realizar un vaciado de estómago\n\nmediante inducción de la emesis o lavado gástrico e instaurar tratamiento sintomático y de apoyo. La Cefixima no se elimina en cantidades significativas de la circulación por hemodiálisis o diálisis peritoneal.\n\n<strong>CONDICIONES DE ALMACENAMIENTO</strong>\n\nAlmacenar a una temperatura no superior a 30 °C. Protegido de la luz.\n\nMantener fuera del alcance de los niños.\n\n<strong>PRESENTACIÓN</strong>\n\nNEOXIM se presenta en blíster ALU - PVC x 6 cápsulas. Caja x 6 cápsulas + prospecto.","Delta > Comprimidos\, Cápsulas\, Sobres\, Tabletas",,https://laboratoriosdelta.net/wp-content/uploads/2024/03/Neoxim-comprimidos-copia.jpg,,no,yes,yes,,no,,,,no,,no,default,default,default,default,default,default,set
,TAMDU,,"<p style=""text-align: center;""><strong>TAMDU</strong></p>\n<strong>Dutasterida</strong><strong> 0.5 mg + Tamsulosina Clorhidrato 0.4 mg</strong>\n\n<strong>Cápsula</strong>\n\nCada cápsula contiene:\n\nDutasterida (Pellets)                            0.5 mg\n\nTamsulosina Clorhidrato                      0.4 mg\n\n(Pellets de liberación sostenida con recubrimiento entérico) Excipientes   c.s.\n\nColores aprobados utilizados en cápsulas vacías y pellets\n\n<strong>ACCIÓN</strong><strong> TERAPÉUTICA </strong>Antiandrogénico <strong>INDICACIONES</strong>\n\nTAMDU está indicado para el tratamiento sintomático del agrandamiento de la próstata conocida como Hiperplasia  Prostática  Benigna  (HPB)  en  hombres.  El  agrandamiento  benigno  de  la  próstata  es  un problema que puede ocurrir en los hombres a medida que envejecen.\n\n<strong>DOSIS:</strong> <em>Vía</em><em> de administración oral.</em>\n\nUna cápsula una vez al día o según indicaciones del médico.\n\n<strong>PRECAUCIONES</strong>\n\nNo debe usar este medicamento si es alérgico a la Dutasterida o Tamsulosina.\n\nNo debe tomar este medicamento simultáneamente a otros medicamentos similares, como alfuzosina, doxazosina, prazosina, silodosina o terazosina.\n\nLa  Dutasterida  y  la  Tamsulosina  pueden  afectar  sus  pupilas;  en  caso  de  cirugía  ocular,  dígaselo  al cirujano acerca del uso de este medicamento, incluso si ya no lo toma.\n\nLa Dutasterida y la Tamsulosinano no deben ser administrados en mujeres, niños y adolescente. Pacientes con presión arterial alta o baja, enfermedad hepática o renal, cáncer de próstata o alergias a las sulfonamidas.\n\nEl uso de este medicamento puede aumentar el riesgo de desarrollar cáncer de próstata.\n\n<strong>CONTRAINDICACIONES</strong>\n\nDutasterida/Tamsulosina está contraindicado en mujeres, niños, adolescentes, pacientes con hipersensibilidad a los componentes del medicamento o a fármacos inhibidores de la 5-alfa reductasa y pacientes con antecedentes de hipotensión ortostática.\n\n<strong>REACCIONES</strong><strong> ADVERSAS</strong>\n\nLa  Dutasterida/Tamsulosina  puede  causar  algunos  efectos  no  deseados.  Consulte  con  su  médico inmediatamente si cualquiera de los siguientes efectos adversos ocurre mientras toma el medicamento. Efectos  más  comunes:  escalofríos,  sudores  fríos,  confusión,  mareos,  desmayos  o  aturdimiento  al levantarse repentinamente después de estar acostado o en posición para sentarse.\n\nEfectos menos comunes: dolor en el pecho, tos o ronquera, fiebre, dolor en la parte baja de la espalda o\n\nen el costado, micción difícil o dolorosa.\n\n<strong>USO</strong><strong> DURANTE EL EMBARAZO Y LA LACTANCIA </strong>Dutasterida/Tamsulosina NO se administra a mujeres. <strong>INTERACCIONES</strong><strong> MEDICAMENTOSAS</strong>\n\n- Las concentraciones plasmáticas de Dutasterida pueden aumentar con la administración conjunta de inhibidores potentes de la enzima CYP3A4 (ritonavir, nefazodona e itraconazol entre otros).\n\n- La Tamsulosina podría aumentar los efectos hipotensores de otros fármacos (anestésicos). Se aconseja\n\nprecaución cuando se administre Tamsulosina en pacientes tratados con Warfarina.\n\n- En los  pacientes  con  HBP siempre  debe  descartarse la  existencia  de  cáncer  de  próstata. Se  debe considerar que la Dutasterida interfiere en los valores de la PSA lo cual puede interferir en el diagnóstico de cáncer de próstata.\n\n<strong>SOBREDOSIS</strong>\n\nLos síntomas de sobredosis corresponden a una intensificación de las reacciones adversas descritas.\n\nEl tratamiento recomendado bajo  control  médico  en  caso  de  intoxicación  es  realizar  un  vaciado  de estómago mediante inducción de la emesis o lavado gástrico  e instaurar tratamiento sintomático y de apoyo.\n\n<strong>CONDICIONES</strong><strong> DE ALMACENAMIENTO</strong>\n\nAlmacenar por debajo de 30 °C, proteger de la luz y la humedad.\n\n<strong>PRESENTACIÓN</strong>\n\nTAMDU se presenta en blister Alu - Alu x 10 cápsulas. Caja x 30 cápsulas + prospecto.\n\n&nbsp;","Delta > Comprimidos\, Cápsulas\, Sobres\, Tabletas",,https://laboratoriosdelta.net/wp-content/uploads/2024/04/Tamdu-comprimidos-copia.jpg,,no,yes,yes,,no,,,,no,,no,default,default,default,default,default,default,set
,GLUCOMED,,"<p style=""text-align: center;""><strong>GLUCOMED</strong></p>\n<strong>Glibenclamida 5 mg + Metformina Clorhidrato 500 mg</strong>\n\n<strong>Comprimido</strong>\n\n<strong>COMPOSICIÓN</strong>\n\nCada comprimido contiene:\n\nGlibenclamida                           5 mg\n\nMetformina Clorhidrato          500 mg\n\nExcipientes                            c.s.\n\n<strong>ACCIÓN TERAPÉUTICA</strong>\n\nHipoglucemiante\n\n<strong>INDICACIONES</strong>\n\nGLUCOMED está indicado como complemento de la dieta y ejercicio para mejorar el control glucémico en adultos con diabetes mellitus tipo 2.\n\n<strong>DOSIS: </strong><em>Vía de administración oral.</em>\n\nUn comprimido una vez al día o según indicaciones del médico.\n\n<strong>PRECAUCIONES</strong>\n\nPuede causar hipoglucemia especialmente si la alimentación no aporta las calorías suficientes.\n\nEvitar el consumo de alcohol durante el tratamiento debido al riesgo de hipoglucemia y acidosis láctica.\n\nLa función renal debe ser evaluada antes y durante la administración del medicamento.\n\nInterfiere en la absorción de la vitamina B12.\n\nRealizar un control hematológico anual.\n\n<strong>CONTRAINDICACIONES</strong>\n\nHipersensibilidad al medicamento.\n\nNo debe usar este medicamento si tiene problemas renales graves. Consulte a su médico si este medicamento es seguro para usted debido al riesgo de desarrollar acidosis láctica mientras toman Glibenclamida/Metformina.\n\n<strong>REACCIONES ADVERSAS</strong>\n\nPuede causar: náuseas, diarrea, vómitos, dolor de estómago, dolor de cabeza, infección del tracto respiratorio superior, mareos, flatulencia y problemas de visión.\n\n<strong>USO DURANTE EL EMBARAZO Y LA LACTANCIA</strong>\n\n<em>Embarazo:</em> Los resultados neonatales también son comparables, con el beneficio de reducciones en hipoglucemia neonatal, hipoglucemia materna y aumento de peso, y mejora satisfacción del tratamiento. La Glibenclamida es más eficaz para reducir la glucosa en sangre en mujeres con diabetes gestacional, y con una tasa de fracaso del tratamiento más baja que Metformina.\n\n<em>Lactancia:</em> Es improbable que el tratamiento con Metformina durante la lactancia provoque toxicidad en el lactante amamantado. Dado el perfil de seguridad de la Metformina, en comparación con sulfonilureas, se recomienda considerar la Metformina como tratamiento de primera línea durante la lactancia si este medicamento es apropiado para el paciente en particular.\n\n<strong>INTERACCIONES</strong> <strong>MEDICAMENTOSAS</strong>\n\nMedicamentos que potencializan la acción hipoglucemiante: Acido tiótico, antiinflamatorios no esteroideos, beta bloqueadores adrenérgicos, biguanidas, bezafibrato, clofibrato, cloramfenicol, ciclofosfamida, esteroides anabolizantes, fenfluramina, fosfamida, fluconazol, fenilbutazona, fluoroquinolonas, gemfibrozil, insulina, inhibidores de la MAO, itraconazol, inhibidores de la ECA, miconazol, pentoxifilina parenteral (altas dosis), probenecid, sulfonilureas hipoglucemiantes, sulfametoxazol, sulfatiazol, sulfisoxazol, sulfadiacina, sulfonamida, sulfinpirazona, salicilatos y tetraciclinas.\n\nMedicamentos que disminuyen la acción hipoglucemiante: Acido nicotínico (altas dosis), acetazolamida, inhibidores de canales de calcio, barbitúricos, corticoides, clonidina, estrógenos, fenotiazina y derivados, glucagón, gestágenos, hormonas tiroideas, isoniacida, laxantes (altas dosis), rifampicina, simpaticomiméticos, tiazidas y otros saluréticos.\n\nOtras interacciones medicamentosas: Los fármacos catiónicos compiten con Metformina por la secreción renal tubular (cimetidina, ranitidina, amilorida, digoxina, morfina, quinina, quinidina, triamtereno, trimetoprim y vancomicina) aumentando la concentración de Metformina. Los inhibidores de los receptores histamínicos H2, pueden potencializar o disminuir el efecto hipoglucemiante.\n\nEstos fármacos combinados con Glibenclamida – Metformina Clorhidrato o retiro/suspensión de los mismos pueden ocasionar un desequilibrio de glucosa en sangre por lo que se debe realizar controles médicos a los pacientes tratados.\n\n<strong>SOBREDOSIS</strong>\n\nLos síntomas de sobredosis corresponden a una intensificación de las reacciones adversas descritas.\n\nEl tratamiento recomendado bajo control médico en caso de intoxicación es realizar un vaciado de estómago mediante inducción de la emesis o lavado gástrico e instaurar tratamiento sintomático y de apoyo.\n\n<strong>CONDICIONES DE ALMACENAMIENTO</strong>\n\nAlmacenar por debajo de 30 °C, proteger de la luz y la humedad.\n\n<strong>PRESENTACIÓN</strong>\n\nGLUCOMED se presenta en blister ALU - ALU x 10 comprimidos. Caja x 30 comprimidos + prospecto.","Delta > Comprimidos\, Cápsulas\, Sobres\, Tabletas",,https://laboratoriosdelta.net/wp-content/uploads/2024/04/Glucomed-comprimdios-copia.jpg,,no,yes,yes,,no,,,,no,,no,default,default,default,default,default,default,set
,ACETILCISTEÍNA,,"<p style=""text-align: center;"">ACETILCISTEÍNA\n600 mg\nPolvo para solución oral</p>\nCOMPOSICIÓN\nCada sobre (3 gramos) contiene:\nAcetilcisteina 600 mg\nExcipientes c.s.\nACCIÓN TERAPÉUTICA\nMucolítico\nINDICACIONES\nAcetilcisteina está indicado en afecciones del sistema respiratorio que cursen con producción excesiva de\nmoco: catarros, sinusitis, rinofaringitis, laringotraqueitis, asma, bronquitis, enfisema, neumonías, enfermedad\npulmonar obstructiva crónica (EPOC) y fibrosis quística.\nAcetilcisteina sustancia utilizada en intoxicación por paracetamol: en casos de intoxicación por paracetamol se\npuede administrar como terapia aguda o de mantenimiento o ante la imposibilidad de canalizar una vía\nparenteral.\nDOSIS: Vía de administración oral.\nAdultos: Un sobre/día.\nPRECAUCIONES\nAdministrar con precaución en ancianos o pacientes con asma bronquial, insuficiencia respiratoria grave o\núlcera gastroduodenal. No asociar con antitusígenos ni con anticolinérgicos.\nCONTRAINDICACIONES\nHipersensibilidad al principio activo o a alguno de los excipientes.\nNiños menores de 2 años.\nREACCIONES ADVERSAS\nPodría presentar náuseas, vómitos, estomatitis, fiebre, cefaleas, tinnitus, somnolencia, mareo, reacción\nanafilactoide y broncoespasmo.\nUSO DURANTE EL EMBARAZO Y LA LACTANCIA\nEmbarazo: La Acetilcisteína solo debe usarse en caso de ser necesario, debido a que atraviesa la placenta,\nsin embargo, no se evidencia un daño al feto.\nLactancia: Se desconoce si la Acetilcisteína o sus metabolitos se excretan en la leche materna. La\nadministración debe ser bajo supervisión médica durante este periodo.\nINTERACCIONES MEDICAMENTOSAS\nNo se recomienda la administración de Acetilcisteina concomitantemente con; antitusivo, anticolinérgico,\nantihistamínicos.\nLas sales de metales como oro, calcio y hierro se ven afectados en su biodisponibilidad, se sugiere espaciar\nlas tomas a un intervalo de 2 horas.\nLa combinación con antibióticos puede producir incompatibilidad o inactivar al antibiótico, se sugiere espaciar\nlas tomas a un intervalo de 2 horas.\nLa administración simultánea de Acetilcisteína con nitroglicerina produce hipotensión y la concomitancia con\ncarbamazepina puede dar lugar a niveles subterapéuticos del anticonvulsivante.\nSOBREDOSIS\nLos síntomas de sobredosis corresponden a una intensificación de las reacciones adversas.\nEl tratamiento en caso de intoxicación es recurrir a un centro médico para un vaciado de estómago mediante\ninducción de la emesis o lavado gástrico (antes de los 30 min después de la ingesta) e instaurar tratamiento\nsintomático y de apoyo.\nCONDICIONES DE ALMACENAMIENTO\nAlmacenar a no más de 30 °C y protegido de la luz solar.\nPRESENTACIÓN\nSobre de bobina trilaminada con impresión. Caja x 20 sobres + prospecto.","Delta > Comprimidos\, Cápsulas\, Sobres\, Tabletas",,https://laboratoriosdelta.net/wp-content/uploads/2024/05/Acetilcisteina-600-mg-Polvo-copia.jpg,,no,yes,yes,,no,,,,no,,no,default,default,default,default,default,default,set
,CLARITROMICINA,,"<p style=""text-align: center;""><strong>CLARITROMICINA </strong></p>\n<strong>500 mg</strong>\n\n<strong>Comprimido Recubierto</strong>\n\nEs un medicamento elaborado por Laboratorio Químico Farmacéutico Industrial DELTA S.A.\n\n<strong>COMPOSICIÓN</strong>\n\nCada comprimido recubierto contiene:\n\nClaritromicina          500 mg\n\nGlicerina\n\nExcipientes               c.s.\n\n<strong>ACCIÓN TERAPÉUTICA</strong>\n\nAntibiótico\n\n<strong>INDICACIONES</strong>\n\nClaritromicina está indicado para el tratamiento de infecciones de las vías respiratorias altas (amigdalitis, faringitis, sinusitis, otitis); infecciones de las vías respiratorias bajas (bronquitis, neumonía); infecciones de la piel y tejidos blandos (foliculitis, celulitis, erisipela, impétigo), infecciones diseminadas o localizadas por <em>Mycobacterium avium</em>. Se utiliza en combinación con otros medicamentos para eliminar el <em>H. pylori.</em>\n\n<strong>DOSIS: </strong><em>Vía de administración oral.</em>\n\n<em><u>Adultos</u></em><em>: </em>Una dosis de 250 mg cada 12 horas. En infecciones más severas, la dosis puede incrementarse a 500 mg cada 12 horas. La duración habitual del tratamiento es de 6 a 14 días.\n\n<em><u>Pediátrica</u></em>: Según prescripción médica.\n\n<strong>PRECAUCIONES</strong>\n\n<strong>◦</strong> Considerar riesgo-beneficio y administrar con precaución en pacientes con alteración en la función hepática o renal, enfermedades cardiovasculares, durante embarazo y lactancia. Evitar ingesta de bebidas alcohólicas durante el tratamiento.\n\n<strong>CONTRAINDICACIONES</strong>\n\n! Hipersensibilidad a la claritromicina, eritromicina u otro macrólido o a cualquiera de los componentes del medicamento.\n\n<strong>REACCIONES ADVERSAS</strong>\n\nPodría presentar cefalea, alteraciones en la percepción del sabor, insomnio, pérdida de audición (reversible con la interrupción del tratamiento), tinnitus, dispepsia, náuseas, dolor abdominal, cambios en PFH (Pruebas de Función Hepática), erupciones leves de la piel, hiperhidrolisis, arritmia, infarto de miocardio y mortalidad cardiovascular.\n\n<strong>USO DURANTE EL EMBARAZO Y LA LACTANCIA</strong>\n\nLa Claritromicina no debe administrarse durante el embarazo ni la lactancia, excepto en circunstancias clínicas donde el riesgo-beneficio así lo amerite.\n\n<strong>INTERACCIONES</strong> <strong>MEDICAMENTOSAS</strong>\n\nSe han descrito interacciones con los siguientes medicamentos: antiácidos, warfarina, carbamazepina, ciclosporina, cisaprida, digoxina, ergotamina, fenitoína, fluoxetina, itraconazol, omeprazol, rifampicina, ritonavir, simvastatina, tacrolimus, teofilina, terfenadina, zidovudina, astemizol, cisaprida, pimozida, terfenadina, disopiramida, quinidina, ticagrelor o ranolazina, colchicina, ergotamina, dihidroergotamina, lovastatina y simvastatina.\n\n<strong>INFORMACIÓN SOBRE EXCIPIENTES</strong>\n\nEste medicamento contiene: <em><u>Glicerina</u></em>, lo cual puede provocar a dosis elevadas dolor de cabeza, molestias de estómago y diarrea.\n\n<strong>SOBREDOSIS</strong>\n\nLos síntomas de sobredosis corresponden a una intensificación de las reacciones adversas.\n\nEl tratamiento consiste en suspender el uso del medicamento. En caso de intoxicación recurrir a un centro médico para un vaciado de estómago mediante inducción de la emesis o lavado gástrico e instaurar tratamiento sintomático y de apoyo.\n\n<strong>CONDICIONES DE ALMACENAMIENTO</strong>\n\nAlmacenar a no más de 30 °C y protegido de la luz solar.\n\n<strong>PRESENTACIÓN</strong>\n\nBlíster ALU - ALU x 10 comprimidos recubiertos. Caja x 20, 50 y 100 comprimidos recubiertos + prospecto.","Delta > Comprimidos\, Cápsulas\, Sobres\, Tabletas",,https://laboratoriosdelta.net/wp-content/uploads/2026/02/proximo-lanzamiento-02-scaled.png,,no,yes,yes,,no,,,,no,,no,default,default,default,default,default,default,set
,"MELOXICAM 15 mg",,"<p style=""text-align: center;""><strong>MELOXICAM</strong></p>\n<strong>15 mg</strong>\n\n<strong>Comprimido</strong>\n\n<strong>COMPOSICIÓN</strong>\n\nCada comprimido contiene:\n\nMeloxicam                15 mg\n\nExcipientes                    c.s.\n\n<strong>ACCIÓN TERAPÉUTICA</strong>\n\nAntiinflamatorio-Antirreumático\n\n<strong>INDICACIONES</strong>\n\nMeloxicam está indicado para el alivio de los signos y síntomas de la artrosis en adultos. También se ha utilizado para tratar signos y síntomas de artritis reumatoide, espondilitis anquilosante, dolor lumbar agudo y ciática aguda.\n\n<strong>DOSIS: </strong><em>Vía de administración oral.</em>\n\n<em>Adultos: </em>La dosis recomendada es de 7.5 mg a 15 mg una vez al día.\n\n<em>Dosis máxima:</em> No exceder la dosis de 15 mg/día.\n\n<strong>PRECAUCIONES</strong>\n\nPacientes con: enfermedades del corazón (como angina de pecho, infarto agudo de miocardio, insuficiencia cardíaca), sangrado gastrointestinal o úlceras, deshidratación, cirrosis hepática, síndrome nefrótico u otras enfermedades renales.\n\n<strong>CONTRAINDICACIONES</strong>\n\n- No administrar a niños y adolescentes menores de 15 años.\n\n- Antecedentes de sangrado rectal.\n\n- Pacientes con sensibilidad reconocida a Meloxicam o a otro componente de la fórmula.\n\n- Se debe evaluar y vigilar su administración en pacientes que presenten signos de asma, pólipos nasales, angioedema o urticaria como consecuencia de la administración de un antiinflamatorio no esteroideo (AINE).\n\n- No debe ser administrado a pacientes con úlcera péptica activa, insuficiencia hepática o renal severas (sin diálisis).\n\n<strong>REACCIONES ADVERSAS</strong>\n\nPuede presentar:  Trastorno de la digestión, malestar general, vómitos, dolor abdominal, estreñimiento, indigestión, diarrea, anemia, prurito, erupción cutánea, dolor de cabeza y edema.\n\n<strong>USO DURANTE EL EMBARAZO Y LA LACTANCIA</strong>\n\nNo debe administrarse a embarazadas o madres durante la lactancia.\n\n<strong>INTERACCIONES</strong> <strong>MEDICAMENTOSAS</strong>\n\nSe han presentado interacciones al ser administrados en forma conjunta con amlodipino, anestésicos, antiinflamatorios no esteroideos (indometacina), bloqueadores beta-adrenérgicos, estrógenos, fármacos con alta unión a proteínas (anticoagulantes, anticonvulsivantes), litio y simpaticomiméticos.\n\n<strong>SOBREDOSIS</strong>\n\nEn caso de sobredosis se puede experimentar un incremento en los efectos adversos y su gravedad; en este caso acuda a un centro hospitalario para la valoración y tratamiento de soporte.\n\n<strong>CONDICIONES DE ALMACENAMIENTO</strong>\n\nAlmacenar a una temperatura no superior a 30 °C. Proteger de la luz.\n\nMantener fuera del alcance de los niños.\n\n<strong>PRESENTACIÓN</strong>\n\nBlíster ALU – ALU x 10 comprimidos. Caja x 1 blister + prospecto.","Delta > Comprimidos\, Cápsulas\, Sobres\, Tabletas",,https://laboratoriosdelta.net/wp-content/uploads/2024/08/Meloxicam-comprimidos-copia.jpg,,no,yes,yes,,no,,,,no,,no,default,default,default,default,default,default,set
,FLEXCO,,"<p style=""text-align: center;""><strong>FLEXCO</strong></p>\n<strong>Celecoxib 200 mg / cápsula</strong>\n\n<strong>COMPOSICIÓN</strong>\n\nCada cápsula dura de gelatina contiene:\n\nCelecoxib BP            200 mg\n\nExcipientes                       c.s.\n\n<strong>ACCIÓN TERAPÉUTICA</strong>\n\nAntiinflamatorio no esteroideo.\n\n<strong>INDICACIONES TERAPÉUTICAS </strong>\n\nFLEXCO indicado para el tratamiento sintomático del dolor e inflamación en casos de osteoartritis y artritis reumatoide.\n\n<strong>DOSIS: </strong><em>Vía de administración oral.</em>\n\n<em>Dosis recomendada salvo prescripción médica: </em>100 a 200 mg dos veces/día<em>.</em>\n\n<em>Osteoartritis y artritis reumatoide</em>: La dosis diaria recomendada es de 200-400 mg en dos dosis divididas 200 mg una vez al día también se pueden usar en la osteoartritis.\n\n<em>Ancianos</em>: No es necesario ajustar la dosis.\n\n<em>Niños</em>: No está establecido el uso de Celecoxib en niños.\n\n<em>Dosis máxima diaria:</em> 400 mg.\n\n<strong>DURACIÓN DEL TRATAMIENTO</strong>\n\nSi transcurridas 2 semanas, no se observara un incremento del beneficio terapéutico, se deben considerar otras alternativas terapéuticas.\n\n<strong>PRECAUCIONES</strong>\n\nPacientes sometidos a terapia prolongada con corticosteroides deben someterse a una lenta reducción de los mismos y continuar el tratamiento con el medicamento.\n\n<strong>CONTRAINDICACIONES</strong>\n\nHipersensibilidad a cualquier ingrediente del producto; hipersensibilidad conocida a la sulfonamida. Contraindicado en pacientes con asma, urticaria o reacciones de tipo alérgico después de tomar aspirina u otros AINEs.\n\n<strong>EFECTOS SECUNDARIOS</strong>\n\nEstreñimiento, náuseas, dolor abdominal, diverticulitis, disfagia, eructos, diarrea, dispepsia, flatulencia, gastritis, gastroenteritis, reflujo gastroesofágico y vómitos; son efectos que desaparecen al discontinuar el medicamento.\n\n<strong>USO DURANTE EL EMBARAZO Y LA LACTANCIA</strong>\n\nCelecoxib está contraindicado durante el embarazo o en periodo de lactancia. Si usted cree que pueda estar embarazada o si tiene previsto quedarse embarazada, no tome celecoxib. Si usted se queda embarazada durante el tratamiento con celecoxib, debe interrumpir dicho tratamiento inmediatamente.\n\n<strong>INTERACCIONES MEDICAMENTOSAS</strong>\n\nAumenta el efecto nefrotóxico de: Ciclosporina.\nAumenta las concentraciones plasmáticas de: Fármacos metabolizados por CYP2D6 (antidepresivos tricíclicos e inhibidores de la recaptación de serotonina, neurolépticos, antiarrítmicos, etc.).\nPotencia la toxicidad de: Litio.\nReduce el efecto de: Diuréticos y antihipertensivos.\nAcción y toxicidad potenciada por: Fluconazol.\nConcentraciones plasmáticas reducidas por: Rifampicina, carbamazepina y barbitúricos.\n\n<strong>ADVERTENCIAS</strong>\n\nCelecoxib debe ser utilizado con precaución en pacientes con antecedentes de insuficiencia cardiaca, disfunción ventricular izquierda o hipertensión, edema, deterioro de la función renal, tratamiento con diuréticos, riesgo de hipovolemia y pacientes de la tercera edad. Si durante el tratamiento, los pacientes manifestaran un deterioro de la función de los órganos se deberán adoptar las medidas oportunas y considerar la suspensión del tratamiento con celecoxib.\n\nEste medicamento contiene: <em><u>Lactosa</u></em>, si padece una intolerancia a ciertos azúcares, consulte con su médico antes de tomar este medicamento. <em><u>Almidón de maíz</u></em> (libre de gluten).\n\n<strong>SOBREDOSIS </strong>\n\nNo hay experiencia clínica de sobredosis. Dosis únicas de hasta 1200 mg y dosis múltiples de hasta 600 mg se han administrado dos veces al día a sujetos sanos sin efectos adversos clínicamente significativos.\n\nEn caso de sospecha de sobredosis se debe proporcionar atención médica de apoyo adecuada. Es poco probable que la diálisis sea un método eficiente de eliminación de drogas.\n\n<strong>ALMACENAMIENTO </strong>\n\nAlmacenar a no más de 30 °C y protegido de la humedad.\n\nMantener fuera del alcance de los niños.\n\n<strong>PRESENTACIÓN</strong>\n\nFLEXCO se presenta en blíster PVC/ALU x 10 cápsulas. Caja x 20 cápsulas + prospecto.","Delta > Comprimidos\, Cápsulas\, Sobres\, Tabletas",,https://laboratoriosdelta.net/wp-content/uploads/2024/09/Flexco-200-mg-Comprimidos-copia.jpg,,no,yes,yes,,no,,,,no,,no,default,default,default,default,default,default,set
,"Mixol Fluconazol 200 mg.",,"<p style=""text-align: center;""><strong>MIXOL </strong><strong>Fluconazol 200 mg</strong></p>\n<strong>Cápsula</strong>\n\n<strong>COMPOSICIÓN</strong>\n\nCada cápsula de gelatina dura contiene:\n\nFluconazol USP              200 mg\n\nExcipientes                            c.s.\n\nColores   aprobados utilizados en cubiertas de cápsulas vacías.\n\n<strong>ACCIÓN TERAPÉUTICA</strong>\n\nAntimicótico\n\n<strong>INDICACIONES</strong>\n\nLa terapia puede iniciarse antes de que se conozcan los resultados de los cultivos y  otros  estudios  de  laboratorio;  sin embargo, una vez que estos resultados estén disponibles, la terapia antiinfecciosa debe ajustarse  en  consecuencia.\n<ol>\n 	<li>Criptococosis, incluida meningitis criptocócica e infecciones de otros sitios (p. ej., pulmonares, cutáneas).  Se pueden tratar huéspedes normales y pacientes con SIDA, trasplantes de órganos u otras causas de inmunosupresión. El fluconazol se puede utilizar como terapia de mantenimiento para prevenir la recaída de la enfermedad criptocócica en pacientes con SIDA.</li>\n 	<li>Candidiasis sistémica, incluida la candidemia, la candidiasis diseminada y otras formas de infecciones invasivas por Candida. Estas incluyen infecciones del peritoneo, endocardio, ojos y tracto pulmonar y urinario. Se pueden tratar pacientes con tumores malignos, en unidades de cuidados intensivos que reciben terapia citotóxica o inmunosupresora, o con otros factores que predisponen a la infección por Candida.</li>\n 	<li>Candidiasis mucosa: Estos incluyen infecciones orofaríngeas, esofágicas, broncopulmonares no invasivas, candiduria, candidiasis mucocutánea y atrófica oral crónica (dolor en la boca por dentadura postiza). Se pueden tratar huéspedes normales y pacientes con función inmune comprometida. Prevención de la recaída de la candidiasis orofaríngea en pacientes con SIDA.</li>\n 	<li>Candidiasis genital, Candidiasis vaginal aguda o recurrente y profilaxis para reducir la incidencia de candidiasis vaginal recurrente (tres o más episodios al año).</li>\n 	<li>Prevención de infecciones fúngicas en pacientes con neoplasias malignas predispuestas a tales infecciones como resultado de quimioterapia o radioterapia citotóxica.</li>\n 	<li>Dermatomicosis, incluidas tinea pedis, tinea corporis, tinea cruris, tinea versicolor, tinea unguium (onicomicosis) e infecciones dérmicas por Candida.</li>\n 	<li>Micosis endémicas profundas en pacientes inmunocompetentes, coccidioidomicosis, paracoccidioidomicosis, esporotricosis e histoplasmosis.</li>\n</ol>\n<strong>DOSIS: </strong><em>Vía de administración oral.</em>\n\nLa dosis diaria de fluconazol debe basarse en la naturaleza y gravedad de la infección por hongos. La mayoría de los casos de candidiasis vaginal responden a la terapia de dosis única. La terapia para aquellos tipos de infecciones que requieren tratamiento de dosis múltiples debe continuar hasta que los parámetros clínicos o las pruebas de laboratorio indiquen que la infección fúngica activa ha disminuido.\n\nUn período de tratamiento inadecuado puede provocar una recurrencia de la infección activa.  Los pacientes con SIDA y meningitis criptocócica o candidiasis orofaríngea recurrente generalmente requieren terapia de mantenimiento para prevenir recaídas.\n\n<strong>PRECAUCIONES</strong>\n\nFluconazol debe administrarse con precaución a pacientes con disfunción hepática. La hepatotoxicidad por fluconazol generalmente ha sido reversible al suspender el tratamiento. Los pacientes que desarrollen pruebas anormales de la función hepática durante el tratamiento con fluconazol deben ser monitoreados para detectar desarrollo de lesión hepática más grave.\n\nLos pacientes con SIDA son más propensos a desarrollar reacciones cutáneas graves a muchos fármacos.  Si se desarrolla una erupción, que se considera atribuible al fluconazol, en un paciente tratado por una infección fúngica superficial, se debe suspender el tratamiento.\n\nSe ha informado insuficiencia suprarrenal en pacientes que reciben otros azoles (p.  ej., ketoconazol). Se informaron casos reversibles de insuficiencia suprarrenal en pacientes que recibieron fluconazol.<strong> </strong>\n\n<strong>CONTRAINDICACIONES</strong>\n\nFluconazol no debe usarse en pacientes con sensibilidad conocida al fármaco, o a cualquiera de los ingredientes inertes o a compuestos  azólicos  relacionados.\n\nLa coadministración de terfenadina está contraindicada en pacientes que reciben        fluconazol en dosis múltiples de 400 mg/día o más, según los resultados de un estudiode interacción de dosis múltiples.\n\nLa coadministración de otros fármacos que se sabe que prolongan el intervalo QT y   se metabolizan mediante la enzima CYP3A4,como la cisaprida, astemizol, eritromicina,  pimozida  y  quinidina,  está  contraindicada en  pacientes  que  reciben  fluconazol.\n\n<strong>REACCIONES ADVERSAS</strong>\n\nLas reacciones adversas más frecuentes y comunes son: dolor abdominal, diarrea, náuseas, vómitos, dolor de cabeza, aumento de alanina aminotransferasa, aumento de aspartamo aminotransferasa, aumento de fosfatasa alcalina en sangre, erupción cutanea. Reacciones poco común o frecuente: insomnio, somnolencia, convulsiones, mareos, parestesia, alteración del gusto, vértigo, dispepsia, flatulencia, sequedad de boca, aumento de colestasis, ictericia, prurito, urticaria, aumento de la sudoración, erupción farmacológica, mialgia, fatiga, malestar general, astenia, fiebre.\n\n<strong>USO DURANTE EL EMBARAZO Y LA LACTANCIA</strong>\n\n<em><u>Embarazo</u></em>: Se debe evitar el uso durante el embarazo, excepto en pacientes con infecciones fúngicas graves o potencialmente mortales en quienes se puede usar fluconazol si el beneficio previsto supera el posible riesgo para el feto. Se deben considerar medidas anticonceptivas eficaces en mujeres en edad fértil y deben continuar durante todo el período de tratamiento y durante aproximadamente una semana después de la dosis final.\n\n<em><u>Lactancia</u></em>: No se recomienda la lactancia después del uso repetido o después de dosis altas de fluconazol.\n\n<strong>INTERACCIONES</strong> <strong>MEDICAMENTOSAS</strong>\n\nEstá contraindicado el uso concomitante de los siguientes medicamentos: cisaprida, terfenadina, astemizol, pimozida, quinidina, eritromicina.\n\nSe debe tener precaución con los siguientes medicamentos debido a la evidencia de interacciones por el uso concomitante con fluconazol: losartan, amiodarona, hidroclorotiazida, rifampicina, alfentanilo, amitriptilina,  nortriptilina, azitromicina, anticoagulantes (warfarina), carbamazepina, bloqueadores de los canales de calcio, celecoxib, ciclosporina, ciclofosfamida, halofantrina, metadona; incluyen  medicamentos  antiinflamatorios  no  esteroides, anticonceptivos  orales,  fenitoína,  prednisona, rifabutina, saquinavir, sirolimus, sulfonilureas, tacrolimus, teofilina,  tofacitinib,  alcaloides  de  la  vinca,  vitamina  A,  voriconazol,  zidovudina.  Los médicos deben tener en cuenta que los estudios de interacción entre medicamentos con otros medicamentos no se han realizado, pero pueden ocurrir tales interacciones.\n\n<strong>ADVERTENCIAS</strong>\n\nLas cápsulas de fluconazol de 200 mg contienen lactosa y no deben administrarse a pacientes con problemas hereditarios raros de intolerancia a la galactosa, deficiencia de lactasa de laponia o malabsorción de glucosa o galactosa.\n\n<strong>SOBREDOSIS</strong>\n\nHa habido informes de sobredosis de fluconazol acompañada de alucinaciones y comportamiento paranoico. En caso de sobredosis, el tratamiento sintomático (con medidas de soporte y lavado gástrico si es necesario) puede ser adecuado. El fluconazol se excreta en gran medida por la orina; la diuresis de volumen forzado probablemente aumentaría la tasa de eliminación. Una sesión de hemodiálisis de 3 horas disminuye los niveles plasmáticos en aproximadamente un 50%.\n\n<strong>CONDICIONES DE ALMACENAMIENTO</strong>\n\nAlmacenar a temperatura no superior a 30 °C. Proteger de la humedad.\n\n<strong>PRESENTACIÓN COMERCIAL</strong>\n\nMIXOL se presenta en blíster ALU-ALU x 10 cápsulas. Caja x 10 Cápsulas + prospecto.","Delta > Comprimidos\, Cápsulas\, Sobres\, Tabletas",,https://laboratoriosdelta.net/wp-content/uploads/2026/02/proximo-lanzamiento-02-scaled.png,,no,yes,yes,,no,,,,no,,no,default,default,default,default,default,default,set
,PREGALIA,,"<p style=""text-align: center;""><strong>PREGALIA</strong>\n<strong>Pregabalina 75 mg</strong>\n<strong>Cápsula</strong></p>\nCOMPOSICIÓN\nCada cápsula contiene:\nPregabalina 75 mg\nExcipientes c.s.\nACCIÓN TERAPÉUTICA\nAntiepiléptico\nINDICACIONES\nPregabalina está indicada para el tratamiento de:\n• Manejo del dolor neuropático asociado con la neuropatía periférica diabética.\n• Manejo de la neuralgia posherpética.\n•Terapia complementaria para pacientes adultos con convulsiones de inicio parcial.\n• Manejo de la fibromialgia.\n• Manejo del dolor neuropático asociado con lesión de la médula espinal.\nDOSIS: Vía de administración oral con o sin alimentos.\nAl suspender la pregabalina, disminuya gradualmente durante un mínimo de 1 semana.\nDolor neuropático asociado con la neuropatía periférica diabética: el máximo de dosis recomendada de pregabalina es de 100 mg tres veces al día (300 mg/día) en\npacientes con aclaramiento de creatinina de al menos 60 mL/min.\nNeuralgia posherpética: la dosis recomendada de pregabalina es de 75 a 150 mg dos veces al día o 50 a 100 mg tres veces al día (150 a 300 mg/día) en pacientes con\naclaramiento de creatinina de al menos 60 mL/min.\nTerapia complementaria para pacientes adultos con convulsiones de inicio parcial: Se ha demostrado que 150 a 600 mg/día son eficaces como terapia complementaria en el\ntratamiento de convulsiones de inicio parcial en adultos. Administrar la dosis diaria total en dos o tres tomas divididas. En general, se recomienda que los pacientes\ncomiencen con una dosis diaria total no superior a 150 mg/día (75 mg dos veces al día). Según la respuesta y la tolerabilidad individual del paciente, la dosis puede\naumentarse hasta una dosis máxima de 600 mg/día.\nManejo de la fibromialgia: La dosis recomendada de pregabalina para la fibromialgia es 300 a 450 mg/día. Comience la dosis con 75 mg dos veces al día (150 mg/día). La\ndosis puede ir aumentado a 150 mg dos veces al día (300 mg/día) en una semana según la eficacia y tolerabilidad.\nDolor neuropático asociado con lesión de la médula espinal: El rango de dosis recomendado de pregabalina para el tratamiento del dolor neuropático asociado con lesión de\nla médula espinal es de 150 a 600 mg/día. La dosis inicial recomendada es de 75 mg dos veces al día (150 mg/día). La dosis puede aumentarse a 150 mg dos veces al día\n(300 mg/día) dentro de una semana según la eficacia y la tolerabilidad.\nPacientes con insuficiencia renal: Ajuste de la dosis de pregabalina según la función renal\nAclaramiento de creatinina dosis diaria total de pregabalina (mg/día)\nDosis ( Clcr ) (mL/min)\n≥ 60 150 300 450 600 BID o TID\n30–60 75 150 225 300 BID o TID\n15–30 25–50 75 100–150 150 QD o BID\n&amp;lt;15 25 25–50 50–75 75 QD\nPRECAUCIONES Y ADVERTENCIAS\n● Pacientes con patologías de diabetes, enfermedades oculares, insuficiencia renal, trastornos psiquiátricos suicidas, antecedentes de\nencefalopatía, obstrucción intestinal, íleo paralítico, estreñimiento en otros que involucren la motilidad gastrointestinal.\n● Reacciones de hipersensibilidad.\n● Cuidado con pacientes de la tercera edad, por los efectos adversos de la pregabalina como mareos, somnolencia, pérdida del\nconocimiento, confusión, deterioro mental, insuficiencia cardiaca congestiva.\n● Precaución con la incidencia de efectos adversos en el tratamiento del dolor neuropático central debido a lesión de la médula espinal.\n● Pacientes con antecedentes de abuso de sustancias\n● Síntomas de abstinencia. - después de la interrupción del tratamiento a corto y largo plazo, se han mencionado los siguientes eventos;\ninsomnio, dolor de cabeza, náuseas, ansiedad, diarrea, síndrome gripal, nerviosismo, depresión, dolor, convulsiones, hiperhidrosis y mareos.\nEl paciente debe ser informado sobre esto en el inicio del tratamiento.\nPueden ocurrir convulsiones, incluyendo estatus epiléptico y convulsiones de gran mal, durante el tratamiento o poco después de suspender\nla pregabalina.\nEn cuanto a la interrupción del tratamiento a largo plazo con pregabalina, los datos sugieren que la incidencia y la gravedad de los síntomas\nde abstinencia pueden estar relacionadas con la dosis.\n● Carcinogénesis, mutagénesis, deterioro de la fertilidad. - No se observó evidencia de carcinogenicidad en dos estudios en ratas Wistar\ndespués de una dieta administración de pregabalina durante dos años.\nLa pregabalina no fue mutagénica en bacterias ni en células de mamíferos in vitro, no fue clastogénica en sistemas de mamíferos in vitro e in\nvivo y no indujo la síntesis no programada de ADN en hepatocitos de ratón o rata. Sólo se observaron efectos adversos sobre la fertilidad en\nratas macho y hembra con exposiciones suficientemente por encima de la exposición terapéutica. Por lo tanto, los efectos se consideraron de\npoca o ninguna relevancia clínica.\nCONTRAINDICACIONES\nContraindicada en pacientes con hipersensibilidad conocida a la pregabalina o cualquiera de sus componentes. Se han producido\nangioedema y reacciones de hipersensibilidad en pacientes que reciben tratamiento con pregabalina.\nREACCIONES ADVERSAS\nDurante los estudios clínicos se observaron los siguientes eventos adversos:\nEfectos adversos comunes: aumento del apetito, visión borrosa, diplopía, vértigo, vómitos, náuseas, estreñimiento, diarrea, flatulencia,\ndistensión abdominal, sequedad de boca, disfunción eréctil, aumento de peso.\nEfectos adversos frecuentes: estado de ánimo eufórico, confusión, irritabilidad, disminución de la libido, desorientación, insomnio, mareos,\nsomnolencia, dolor de cabeza, ataxia, coordinación anormal, temblor, disartria, amnesia, deterioro de la memoria, alteración de la atención,\nparestesia, hipoestesia, sedación, trastorno del equilibrio, letargo, calambres musculares, artralgia, dolor de espalda, dolor en las\nextremidades, espasmo cervical, marcha anormal, sensación de ebriedad, fatiga, edema periférico.\nUSO DURANTE EL EMBARAZO Y LA LACTANCIA\nEmbarazo.- No existen datos adecuados sobre el uso de pregabalina en mujeres embarazadas. Estudios en animales han mostrado toxicidad\nreproductiva. Se desconoce el riesgo potencial para los humanos. Pregabalina no debe usarse durante el embarazo a menos que sea\nclaramente necesario (si el beneficio para la madre supera claramente el riesgo potencial para el feto).\nLactancia.- No se sabe si la pregabalina se excreta en la leche materna de los seres humanos; sin embargo, está presente en la leche de\nratas. Por lo tanto, no se recomienda la lactancia durante el tratamiento con pregabalina.\nINTERACCIONES MEDICAMENTOSAS\nDado que la pregabalina se excreta predominantemente sin cambios en la orina, sufre una degradación insignificante (&amp;lt;2% de una dosis\nrecuperada en orina como metabolitos), no inhibe metabolismo del fármaco in vitro y no se une a las proteínas plasmáticas, es poco probable\nque produzca o sea sujeto a interacciones farmacocinéticas.\nLa pregabalina puede potenciar los efectos del etanol y el lorazepam. En la experiencia poscomercialización, hay informes de insuficiencia\nrespiratoria y coma en pacientes que toman pregabalina y otros medicamentos depresores del SNC.\nLa pregabalina parece tener un efecto aditivo en la alteración de la función cognitiva y motora causada por oxicodona.\nSOBREDOSIS\nEn caso de sobredosis o ingestión accidental acuda a un centro de salud para iniciar un tratamiento sintomático y de soporte.\nLos procedimientos de hemodiálisis estándar dan como resultado una eliminación significativa de pregabalina (aproximadamente 50% en 4\nhoras).\nCONDICIONES DE ALMACENAMIENTO\nAlmacenar a temperatura no superior a 30 °C. Proteger de la humedad.\nPRESENTACIÓN COMERCIAL\nPREGALIA se presenta en blíster ALU-ALU x 10 cápsulas. Caja x 10 cápsulas + prospecto.","Delta > Comprimidos\, Cápsulas\, Sobres\, Tabletas",,https://laboratoriosdelta.net/wp-content/uploads/2024/12/Pregalia-75-mg-Capsula-copia.jpg,,no,yes,yes,,no,,,,no,,no,default,default,default,default,default,default,set
,"Espasmodol Compuesto gotas",,"<p style=""text-align: center;""><strong>ESPASMODOL COMPUESTO</strong></p>\n<p style=""text-align: center;""><strong>N-Butil bromuro de hioscina 2 mg + Paracetamol 100 mg</strong></p>\n<p style=""text-align: center;""><strong>Solución oral gotas</strong></p>\nEs un medicamento elaborado por Laboratorio Químico Farmacéutico Industrial DELTA S.A.\n\n<strong>COMPOSICIÓN</strong>\n\nCada mL contiene:\n\nN-Butil bromuro de hioscina                       2 mg\n\nParacetamol                                           100 mg\n\nExcipientes                                                   c.s.\n\n<strong>ACCIÓN TERAPÉUTICA</strong>\n\nAnalgésico - Antiespasmódico - Antipirético\n\n<strong>INDICACIONES</strong>\n\nESPASMODOL COMPUESTO está indicado para el tratamiento del dolor espasmódico del tracto gastrointestinal, vías biliares, vías urinarias eferentes y espasmos menstruales (dismenorrea).\n\n<strong>DOSIS: </strong><em>Vía de administración oral.</em>\n\n<em>La dosificación para menores de 1 año debe ser prescrita por un médico pediatra, la posología descrita es variable según criterio médico.</em>\n\n<em><u>Lactantes de 2-12 meses</u></em>: 10 gotas hasta 4 veces al día.\n\n<em><u>Niños de 1-3 años</u></em>: 15 gotas hasta 4 veces al día.\n\n<em><u>Niños de 4-6 años</u></em>: 20 gotas hasta 4 veces al día.\n\n<em><u>Niños de 7-14 años</u></em>: 20 a 40 gotas 4 veces al día.\n\n<strong>PRECAUCIONES </strong>\n\n° No usar durante largos periodos de tiempo y en dosis superiores sin prescripción médica.\n\n° Cautela con pacientes que presentan trastornos de la función hepática o renal graves, Síndrome de Gilbert.\n\n<strong>CONTRAINDICACIONES</strong>\n\nEn pacientes con déficit de glucosa 6 fosfato deshidrogenasa condicionado genéticamente, estenosis mecánica del tracto gastrointestinal y en caso de hipersensibilidad a cualquiera de los principios activos.\n\n<strong>REACCIONES ADVERSAS</strong>\n\nPodría presentar: reacciones de hipersensibilidad, enrojecimiento de la piel, trombocitopenia, leucopenia, agranulocitosis o pancitopenia, broncoespasmo.\n\n<strong>USO DURANTE EL EMBARAZO Y LA LACTANCIA</strong>\n\n<em><u>Embarazo</u></em>: A dosis terapéuticas no se han reportado efectos indeseables durante esta etapa, sin embargo, debe consultar a su médico antes de administrarse este producto, especialmente durante el primer trimestre de embarazo.\n\n<em><u>Lactancia</u></em><em>:</em> Este medicamento puede inhibir la secreción de la leche materna, por lo tanto, no se recomienda su administración durante la lactancia.\n\n<strong>INTERACCIONES</strong> <strong>MEDICAMENTOSAS</strong>\n\nHaloperidol, antiácidos, cloruro de potasio, antidiarreicos, otros anticolinérgicos, antimiasténicos, anticuagulantes derivados de cumarina, analgésicos narcóticos, antiparkinsonianos, barbitúricos, antiepilépticos, rifampicina, ketoconazol, metoclopramida, quinidina.\n\n<strong>SOBREDOSIS</strong>\n\nLos síntomas de sobredosis corresponden a una intensificación de las reacciones adversas.\n\nEn caso de sospecha de sobredosis acuda a un centro de salud para iniciar un tratamiento sintomático y de soporte. En caso de intoxicación o sobredosis con anticolinérgicos se recomienda el vaciado o lavado gástrico con una solución al 4% de ácido titánico.\n\n<strong>ADVERTENCIAS</strong>\n\nEn casos de disfunción hepática, Síndrome de Gilbert, glaucoma de ángulo cerrado, pacientes susceptibles a obstrucción intestinal o urinaria y aquellos con taquiarritmias; la administración debe ser bajo control médico y de ser necesario, disminuir la dosis o un intervalo más amplio entre las tomas.\n\nPor el contenido de propilenglicol la dosis pediátrica debe ser prescrita por un médico según su peso corporal.\n\n<strong>INFORMACIÓN SOBRE EXCIPIENTES</strong>\n\nEste medicamento contiene: <em><u>Glicerina</u></em>, lo cual puede provocar a dosis elevadas dolor de cabeza, molestias de estómago y diarrea. <em><u>Bisulfito de sodio</u></em>, puede causar reacciones de tipo alérgico incluyendo reacciones anafilácticas y broncoespasmos en pacientes susceptibles, especialmente en aquellos con historial asmático o alérgico. <em><u>Propilenglicol</u></em>, si está embarazada, en periodo de lactancia, padece insuficiencia renal o hepática consulte con un médico antes de tomar este medicamento. Si el niño tiene menos de 5 años de edad consulte con un médico antes de administrar este medicamento. <em><u>Sacarosa</u></em>, si es intolerante a ciertos azúcares consulte con su médico antes de tomar este medicamento. <em><u>Etanol</u></em>, puede ser causa de riesgo en niños, mujeres embarazadas, pacientes con enfermedad hepática, alcoholismo, epilepsia, daños o lesiones hepáticas. Puede modificar o potenciar el efecto de otros medicamentos.\n\n<strong>CONDICIONES DE ALMACENAMIENTO</strong>\n\nAlmacenar a no más de 30 °C y protegido de la luz solar.\n\n<strong>PRESENTACIÓN COMERCIAL </strong>\n\nESPASMODOL COMPUESTO se presenta en frasco gotero PEMD color blanco x 15 mL. Caja x 1 frasco + prospecto.","Delta > Suspensiones\, Jarabes y Gotas",,https://laboratoriosdelta.net/wp-content/uploads/2025/01/Espasmodol-Compuesto-Gotas-copia.jpg,,no,yes,yes,,no,,,,no,,no,default,default,default,default,default,default,set
,"Meloxicam 15 mg.",,"<p style=""text-align: center;""><strong>MELOXICAM</strong></p>\n<p style=""text-align: center;""><strong>15 mg</strong></p>\n<strong>Comprimido</strong>\n\nEs un medicamento elaborado por Laboratorio Químico Farmacéutico Industrial DELTA S.A.\n\n<strong>COMPOSICIÓN</strong>\n\n<strong><em>Meloxicam 15 mg - comprimido</em></strong>\n\n<u>Cada comprimido contiene:</u>\n\nMeloxicam                          15 mg\n\nExcipientes                              c.s.\n\n<strong>ACCIÓN TERAPÉUTICA</strong>\n\nAntiinflamatorio - Antirreumático\n\n<strong>INDICACIONES</strong>\n\nIndicado para el alivio de los síntomas de inflamación y dolor en casos de osteoartrosis, artritis reumatoide o espondilitis anquilosante.\n\n<strong>DOSIS: </strong><em>Vía de administración oral.</em>\n\n<u>Adultos y adolescentes mayores de 16 años</u>: La dosis recomendada es de 7,5 mg a 15 mg una vez al día.\n\n<u>Dosis máxima</u>: No exceder la dosis de 15 mg/día.\n\n<strong>PRECAUCIONES</strong>\n\n° Pacientes con hipertensión no controlada, insuficiencia cardiaca congestiva, enfermedad coronaria establecida, arteriopatía periférica y/o enfermedad cerebrovascular, hiperlipidemia, diabetes mellitus, enfermedades gastrointestinales (colitis ulcerosa, enfermedad de Crohn).\n\n° La dosis de meloxicam no debe superar 7,5 mg para pacientes con insuficiencia renal terminal sometidos a diálisis. En casos de insuficiencia renal leve o moderada no es necesario reducir la dosis.\n\n<strong>CONTRAINDICACIONES</strong>\n\nHipersensibilidad al meloxicam, ácido acetilsalicílico y a otros AINES.\n\nHistorial o presencia de úlcera péptica, perforación o hemorragia gastrointestinal.\n\nInsuficiencia renal o hepática severa.\n\nInsuficiencia cardíaca grave.\n\nDolor asociado a cirugía de revascularización coronaria.\n\nTercer trimestre del embarazo.\n\n<strong>REACCIONES ADVERSAS</strong>\n\nPuede presentar con mayor frecuencia dolor abdominal, náusea, flatulencia, dispepsia, diarrea, vómito, constipación, anorexia, estomatitis, enfermedad acidopéptica, migraña, vértigo, depresión, insomnio, cefalea, mareo, hipertensión, edema, palpitaciones, fotosensibilidad, urticaria y foliculitis, hiperglucemia, hiperuricemia y sed.\n\n<strong>USO DURANTE EL EMBARAZO Y LA LACTANCIA</strong>\n\n<em><u>Embarazo</u></em>: No se recomienda el uso durante el embarazo. Se debe evaluar beneficio/riesgo según criterio médico por la fetotoxicidad que presenta.\n\nAnte el riesgo de cierre prematuro del ducto arterioso, disfunción renal e hipertensión pulmonar neonatal, distocia y parto prolongado su empleo en el tercer trimestre del embarazo.\n\n<em><u>Lactancia</u></em>: No se recomienda el uso durante la lactancia.\n\n<strong>INTERACCIONES</strong> <strong>MEDICAMENTOSAS</strong>\n\nNo administrar conjuntamente con alcohol, medicamentos hepatotóxidos, idantoína, anticoagulantes (warfarina), ácido acetilsalicilco y otros AINES, diuréticos (furosemidao tiazidas), antihipertensivos (IECA y ARA - II), antidiabéticos orales (sulfonilureas, nateglinida), litio, ciclosporina, tacrolimus, colestiramina, deferasirox y pemetrexed.\n\n<strong>INFORMACIÓN SOBRE EXCIPIENTES</strong>\n\nEste medicamento contiene: <em><u>Glicerina</u></em>, lo cual puede provocar a dosis elevadas dolor de cabeza, molestias de estómago y diarrea. <em><u>Lactosa</u></em>, si padece una intolerancia a ciertos azúcares, consulte con su médico antes de tomar este medicamento. <em>Almidón de maíz</em>.\n\n<strong>ADVERTENCIAS</strong>\n\nSe han descrito hemorragias gastrointestinales, úlceras o perforaciones que pueden ser mortales con todos los AINEs.\n\nPacientes con antecedentes de hipertensión y/o insuficiencia cardíaca congestiva leve o moderada requieren de un seguimiento médico ya que se han descrito casos de retención de líquidos y edema asociados al tratamiento con AINEs.\n\nSe han notificado reacciones cutáneas de síndrome Steven Johnson (SSJ) y necrólisis epidérmica crónica (NET)) asociadas al uso de meloxicam.\n\n<strong>SOBREDOSIS</strong>\n\nLos síntomas de sobredosis aguda de AINES se manifiestan con letargo, somnolencia, náuseas, vómitos, dolor epigástrico, hemorragia gastrointestinal. Una intoxicación grave puede dar lugar a hipertensión, insuficiencia renal aguda, disfunción hepática, depresión respiratoria, coma, convulsiones, colapso cardiovascular y paro cardíaco.\n\nEn caso de sospecha de sobredosis acuda a un centro de salud para iniciar un tratamiento sintomático y de soporte.\n\n<strong>CONDICIONES DE ALMACENAMIENTO</strong>\n\nAlmacenar a no más de 30 °C y protegido de la luz solar.\n\n<strong>PRESENTACIONES COMERCIALES</strong>\n\n<strong><em>° Meloxicam 15 mg - comprimido</em></strong>\n\nBlíster ALU-ALU x 10 comprimidos. Caja x 30 comprimidos+ prospecto.\n\n&nbsp;","Delta > Comprimidos\, Cápsulas\, Sobres\, Tabletas",,https://laboratoriosdelta.net/wp-content/uploads/2026/02/proximo-lanzamiento-02-scaled.png,,no,yes,yes,,no,,,,no,,no,default,default,default,default,default,default,set
,"Meloxicam 7,5 mg",,"<p style=""text-align: center;""><strong>MELOXICAM</strong></p>\n<p style=""text-align: center;""><strong>7,5 mg</strong></p>\n<p style=""text-align: center;""><strong>Comprimido</strong></p>\nEs un medicamento elaborado por Laboratorio Químico Farmacéutico Industrial DELTA S.A.\n\n<strong>COMPOSICIÓN</strong>\n\n<u>Cada comprimido contiene:</u>\n\nMeloxicam                          7,5 mg\n\nExcipientes                              c.s.\n\n<strong>ACCIÓN TERAPÉUTICA</strong>\n\nAntiinflamatorio - Antirreumático\n\n<strong>INDICACIONES</strong>\n\nIndicado para el alivio de los síntomas de inflamación y dolor en casos de osteoartrosis, artritis reumatoide o espondilitis anquilosante.\n\n<strong>DOSIS: </strong><em>Vía de administración oral.</em>\n\n<u>Adultos y adolescentes mayores de 16 años</u>: La dosis recomendada es de 7,5 mg a 15 mg una vez al día.\n\n<u>Dosis máxima</u>: No exceder la dosis de 15 mg/día.\n\n<strong>PRECAUCIONES</strong>\n\n° Pacientes con hipertensión no controlada, insuficiencia cardiaca congestiva, enfermedad coronaria establecida, arteriopatía periférica y/o enfermedad cerebrovascular, hiperlipidemia, diabetes mellitus, enfermedades gastrointestinales (colitis ulcerosa, enfermedad de Crohn).\n\n° La dosis de meloxicam no debe superar 7,5 mg para pacientes con insuficiencia renal terminal sometidos a diálisis. En casos de insuficiencia renal leve o moderada no es necesario reducir la dosis.\n\n<strong>CONTRAINDICACIONES</strong>\n\nHipersensibilidad al meloxicam, ácido acetilsalicílico y a otros AINES.\n\nHistorial o presencia de úlcera péptica, perforación o hemorragia gastrointestinal.\n\nInsuficiencia renal o hepática severa.\n\nInsuficiencia cardíaca grave.\n\nDolor asociado a cirugía de revascularización coronaria.\n\nTercer trimestre del embarazo.\n\n<strong>REACCIONES ADVERSAS</strong>\n\nPuede presentar con mayor frecuencia dolor abdominal, náusea, flatulencia, dispepsia, diarrea, vómito, constipación, anorexia, estomatitis, enfermedad acidopéptica, migraña, vértigo, depresión, insomnio, cefalea, mareo, hipertensión, edema, palpitaciones, fotosensibilidad, urticaria y foliculitis, hiperglucemia, hiperuricemia y sed.\n\n<strong>USO DURANTE EL EMBARAZO Y LA LACTANCIA</strong>\n\n<em><u>Embarazo</u></em>: No se recomienda el uso durante el embarazo. Se debe evaluar beneficio/riesgo según criterio médico por la fetotoxicidad que presenta.\n\nAnte el riesgo de cierre prematuro del ducto arterioso, disfunción renal e hipertensión pulmonar neonatal, distocia y parto prolongado su empleo en el tercer trimestre del embarazo.\n\n<em><u>Lactancia</u></em>: No se recomienda el uso durante la lactancia.\n\n<strong>INTERACCIONES</strong> <strong>MEDICAMENTOSAS</strong>\n\nNo administrar conjuntamente con alcohol, medicamentos hepatotóxicos, idantoína, anticoagulantes (warfarina), ácido acetilsalicilco y otros AINES, diuréticos (furosemida o tiazidas), antihipertensivos (IECA y ARA II), antidiabéticos orales (sulfonilureas, nateglinida), litio, ciclosporina, tacrolimus, colestiramina, deferasirox y pemetrexed.\n\n<strong>INFORMACIÓN SOBRE EXCIPIENTES</strong>\n\nEste medicamento contiene: <em><u>Glicerina</u></em>, lo cual puede provocar a dosis elevadas dolor de cabeza, molestias de estómago y diarrea. <em><u>Lactosa</u></em>, si padece una intolerancia a ciertos azúcares, consulte con su médico antes de tomar este medicamento. <em>Almidón de maíz</em>.\n\n<strong>ADVERTENCIAS</strong>\n\nSe han descrito hemorragias gastrointestinales, úlceras o perforaciones que pueden ser mortales con todos los AINEs.\n\nPacientes con antecedentes de hipertensión y/o insuficiencia cardíaca congestiva leve o moderada requieren de un seguimiento médico ya que se han descrito casos de retención de líquidos y edema asociados al tratamiento con AINEs.\n\nSe han notificado reacciones cutáneas de síndrome Steven Johnson (SSJ) y necrólisis epidérmica crónica (NET)) asociadas al uso de meloxicam.\n\n<strong>SOBREDOSIS</strong>\n\nLos síntomas de sobredosis aguda de AINES se manifiestan con letargo, somnolencia, náuseas, vómitos, dolor epigástrico, hemorragia gastrointestinal. Una intoxicación grave puede dar lugar a hipertensión, insuficiencia renal aguda, disfunción hepática, depresión respiratoria, coma, convulsiones, colapso cardiovascular y paro cardíaco.\n\nEn caso de sospecha de sobredosis acuda a un centro de salud para iniciar un tratamiento sintomático y de soporte.\n\n<strong>CONDICIÓN DE ALMACENAMIENTO</strong>\n\nAlmacenar a no más de 30 °C y protegido de la luz solar.\n\n<strong>PRESENTACIÓN COMERCIAL</strong>\n\nBlíster ALU-ALU x 10 comprimidos. Caja x 30 comprimidos + prospecto.","Delta > Comprimidos\, Cápsulas\, Sobres\, Tabletas",,https://laboratoriosdelta.net/wp-content/uploads/2025/01/meloxicam-75-mg-copia.jpg,,no,yes,yes,,no,,,,no,,no,default,default,default,default,default,default,set
,GLIMEFORM,,"<p style=""text-align: center;""><strong>G</strong><strong>LIM</strong><strong>EFORM</strong></p>\nGlimepirida 2 mg + Metformina 1000 mg\n\nComprimido Recubierto\n\n&nbsp;\n\n<strong>COMPOSICIÓN</strong>\n\nCada comprimido recubierto contiene:\n\nGlimepirida                                              2 mg\n\nMetformina Clorhidrato                      1000 mg\n\nExcipientes                                                  c.s.\n\n<strong>ACCIÓN TERAPÉUTICA</strong>\n\nGLIMEFORM está indicado para el tratamiento de la diabetes mellitus tipo 2, cuando la dieta, el ejercicio físico y la reducción de peso por sí solos no son adecuados para mejorar el control de la glucemia.\n\n<strong>DOSIS:</strong>  <em>Vía de administración oral.</em>\n\nLa dosis debe adaptarse a cada paciente en particular tomando como referencia las determinaciones de glucemia en ayunas y la glucosuria.\n\n<strong>PRECAUCIONES</strong>\n<ul>\n 	<li>Hipoglucemia: Todas las sulfonilureas pueden producir hipoglucemia severa. La dosis y el tratamiento debe ser supervisado por un médico.</li>\n 	<li>Se requieren controles hepáticos y hematológicos regulares (especialmente leucocitos y trombocitos) durante el tratamiento con comprimidos de glimepirida.</li>\n</ul>\n<strong>CONTRAINDICACIONES</strong>\n\nContraindicado en pacientes con hipersensibilidad a las sulfonilureas o a las biguanidas, diabetes insulinodependiente, coma diabético, cetoacidosis, trastornos graves de la función  renal o hepática.  En caso de trastornos graves de la función renal o hepática, se requiere   el cambio a insulina.\n\n<strong>REACCIONES ADVERSAS</strong>\n\nPuede   presentar:   trombocitopenia,   leucopenia,   granulocitopenia,    agranulocitosis,  eritropenia,   anemia hemolítica,  pancitopenia,   vasculitis  leucocitoclástica,  reacciones   leves  de  hipersensibilidad   que  pueden convertirse en reacciones graves con disnea, caída de la presión  arterial, shock, hipoglucemia,  alteraciones visuales,   colestasis,  ictericia,  hepatitis  e insuficiencia  hepática,  hipersensibilidad  de la  piel  como  prurito, exantema,  urticaria  y fotosensibilidad.  En exploraciones complementarias puede resultar disminución de sodio en sangre.\n\n<strong>USO DURANTE EL EMBARAZO Y LA LACTANCIA</strong>\n\nConsulte con su médico antes de administrase este medicamento durante el embarazo y la lactancia. Se debe evaluar el riesgo - beneficio del tratamiento.\n\n<strong>INTERACCIONES MEDICAMENTOSAS</strong>\n\nSi se toma glimepirida al mismo tiempo que otros medicamentos, pueden producirse   aumento o disminuciones no deseadas de la acción hipoglucemiante de la glimepirida.  Por esta razón, otros medicamentos solo deben tomarse con el conocimiento (o por prescripción   médica) del médico.\n\n<strong>SOBREDOSIS</strong>\n\nNo se dispone de un tratamiento específico para la sobredosis de glimepirida/metformina. En caso de sobredosis recurrir a un centro médico para una terapia sintomática y de apoyo.\n\n<strong>CONDICIONES DE ALMACENAMIENTO</strong>\n\nAlmacenar en lugar seco por debajo de 30 °C. Protegido de la luz.\n\nMantener fuera del alcance de los niños.\n\n<strong>PRESENTACIÓN</strong>\n\nGLIMEFORM se presenta en blíster ALU-PVC x 10 comprimidos recubiertos. Caja x 30 comprimidos recubiertos + prospecto.","Delta > Comprimidos\, Cápsulas\, Sobres\, Tabletas",,https://laboratoriosdelta.net/wp-content/uploads/2025/05/glimeform-copia.jpg,,no,yes,yes,,no,,,,no,,no,default,default,default,default,default,default,set
,"GLIMEFORM DUO",,"<p style=""text-align: center;""><strong>G</strong><strong>LIM</strong><strong>EFORM DUO</strong></p>\nGlimepirida 4 mg + Metformina 1000 mg\n\nComprimido Recubierto\n\n&nbsp;\n\n<strong>COMPOSICIÓN</strong>\n\nCada comprimido recubierto contiene:\n\nGlimepirida                                              4 mg\n\nMetformina Clorhidrato                      1000 mg\n\nExcipientes                                                  c.s.\n\n<strong>ACCIÓN TERAPÉUTICA</strong>\n\nGLIMEFORM DUO está indicado para el tratamiento de la diabetes mellitus tipo 2, cuando la dieta, el ejercicio físico y la reducción de peso por sí solos no son adecuados para mejorar el control de la glucemia.\n\n<strong>DOSIS:</strong>  <em>Vía de administración oral.</em>\n\nLa dosis debe adaptarse a cada paciente en particular tomando como referencia las determinaciones de glucemia en ayunas y la glucosuria.\n\n<strong>PRECAUCIONES</strong>\n<ul>\n 	<li>Hipoglucemia: Todas las sulfonilureas pueden producir hipoglucemia severa. La dosis y el tratamiento debe ser supervisado por un médico.</li>\n 	<li>Se requieren controles hepáticos y hematológicos regulares (especialmente leucocitos y trombocitos) durante el tratamiento con comprimidos de glimepirida.</li>\n</ul>\n<strong>CONTRAINDICACIONES</strong>\n\nContraindicado en pacientes con hipersensibilidad a las sulfonilureas o a las biguanidas, diabetes insulinodependiente, coma diabético, cetoacidosis,    trastornos  graves  de la función  renal o hepática.  En caso de trastornos graves de la función renal o hepática, se requiere   el cambio a insulina.\n\n<strong>REACCIONES ADVERSAS</strong>\n\nTrastornos de la sangre y del sistema linfático: trombocitopenia, leucopenia, granulocitopenia, agranulocitosis, eritropenia, anemia hemolítica y pancitopenia, que en general son reversibles al suspender la medicación.\n\nTrastornos del sistema inmunológico:   vasculitis   leucocitoclástica, reacciones leves de hipersensibilidad que pueden convertirse en reacciones   graves con disnea, caída de la presión arterial y en ocasiones shock.\n\nTrastornos del metabolismo y de la nutrición:   hipoglucemia.\n\nTrastornos   oculares: alteraciones visuales transitorias, pueden ocurrir especialmente al inicio del tratamiento, debido a cambios en los niveles de glucosa en sangre.\n\nTrastornos hepatobiliares:  función hepática anormal (por ejemplo, con colestasis e ictericia), hepatitis e insuficiencia hepática.\n\nTrastornos de la piel y del tejido subcutáneo: pueden producirse reacciones de hipersensibilidad de la piel como prurito, exantema, urticaria y fotosensibilidad.\n\nExploraciones   complementarias:    disminución   de sodio en sangre.\n\n<strong>USO DURANTE EL EMBARAZO Y LA LACTANCIA</strong>\n\nConsulte con su médico antes de administrase este medicamento durante el embarazo y la lactancia.    Se debe evaluar el riesgo - beneficio del tratamiento.\n\n<strong>INTERACCIONES MEDICAMENTOSAS</strong>\n\nSi se toma glimepirida al mismo tiempo que otros medicamentos, pueden producirse   aumento o disminuciones no deseadas de la acción hipoglucemiante de la glimepirida.  Por esta razón, otros medicamentos solo deben tomarse con el conocimiento (o por prescripción   médica) del médico.\n\n<strong>SOBREDOSIS</strong>\n\nNo se dispone de un tratamiento específico para la sobredosis de glimepirida/metformina.     En caso de sobredosis recurrir a un centro médico para una terapia sintomática y de apoyo.\n\n<strong>CONDICIONES DE ALMACENAMIENTO</strong>\n\nAlmacenar en lugar seco por debajo de 30 °C. Protegido de la luz.\n\nMantener fuera del alcance de los niños.\n\n<strong>PRESENTACIÓN</strong>\n\nGLIMEFORM DUO se presenta en blíster ALU-PVC x 10 comprimidos recubiertos. Caja x 30 comprimidos recubiertos + prospecto.","Delta > Comprimidos\, Cápsulas\, Sobres\, Tabletas",,https://laboratoriosdelta.net/wp-content/uploads/2026/02/proximo-lanzamiento-02-scaled.png,,no,yes,yes,,no,,,,no,,no,default,default,default,default,default,default,set
,"Espasmodol gotas",,"<p style=""text-align: center;""><b>Espasmodol gotas</b></p>\n<strong>ESPASMODOL </strong>\n\n<strong>N-Butil bromuro de hioscina 0,1 %</strong>\n\n<strong>Solución oral gotas</strong>\n\nEs un medicamento elaborado por Laboratorio Químico Farmacéutico Industrial DELTA S.A.\n\n<strong>COMPOSICIÓN</strong>\n\nCada mL contiene:\n\nN-Butil bromuro de hioscina                      1 mg\n\nExcipientes                                                   c.s.\n\n<strong>ACCIÓN TERAPÉUTICA</strong>\n\nAntiespasmódico\n\n<strong>INDICACIONES</strong>\n\nESPASMODOL está indicado para el tratamiento del dolor espasmódico del tracto gastrointestinal, vías biliares, vías urinarias eferentes y espasmos menstruales (dismenorrea).\n\n<strong>DOSIS: </strong><em>Vía de administración oral.</em>\n\n<em><u>Mayores de 1 año</u></em><em>: </em>0,15 mg/kg peso/día, fraccionada cada 6 horas o según criterio médico.\n\n<strong>PRECAUCIONES </strong>\n\n- No usar durante largos periodos de tiempo y en dosis superiores sin prescripción médica.\n\n- Cautela con pacientes que presentan síndrome de Gilbert, trastornos de la función hepática o renal graves.\n\n<strong>CONTRAINDICACIONES</strong>\n\nEn pacientes con déficit de glucosa 6 fosfato deshidrogenasa condicionado genéticamente, estenosis mecánica del tracto gastrointestinal y en caso de hipersensibilidad a la butil bromuro de hioscina.\n\n<strong>REACCIONES ADVERSAS</strong>\n\nPodría presentar reacciones de hipersensibilidad, enrojecimiento de la piel, trombocitopenia, leucopenia, agranulocitosis o pancitopenia y broncoespasmo.\n\n<strong>USO DURANTE EL EMBARAZO Y LA LACTANCIA</strong>\n\n<em><u>Embarazo</u></em>: A dosis terapéuticas no se han reportado efectos indeseables durante esta etapa, sin embargo, debe consultar a su médico antes de administrarse este producto, especialmente durante el primer trimestre de embarazo.\n\n<em><u>Lactancia</u></em><em>:</em> Este medicamento puede inhibir la secreción de la leche materna, por lo tanto, no se recomienda su administración durante la lactancia.\n\n<strong>INTERACCIONES</strong> <strong>MEDICAMENTOSAS</strong>\n\nHaloperidol, antiácidos, cloruro de potasio, antidiarreicos, otros anticolinérgicos, antimiasténicos, anticuagulantes derivados de cumarina, analgésicos narcóticos, antiparkinsonianos, barbitúricos, antiepilépticos, rifampicina, ketoconazol, metoclopramida, quinidina.\n\n<strong>SOBREDOSIS</strong>\n\nLos síntomas de sobredosis corresponden a una intensificación de las reacciones adversas.\n\nEn caso de sospecha de sobredosis acuda a un centro de salud para iniciar un tratamiento sintomático y de soporte. En caso de intoxicación o sobredosis con anticolinérgicos se recomienda el vaciado o lavado gástrico con una solución al 4% de ácido titánico.\n\n<strong>ADVERTENCIAS</strong>\n\nEste medicamento contiene: <em><u>Bisulfito de sodio</u></em>, puede causar reacciones de tipo alérgicas graves y broncoespasmos (sensación repentina de ahogo). <em><u>Sacarosa</u></em>, si es intolerante a ciertos azúcares consulte con su médico antes de tomar este medicamento. <em><u>Etanol</u></em>, su contenido es de 1,30 % esta pequeña cantidad corresponde a 14,40 mg/mL. <em><u>Propilparabeno y metilparabeno</u></em>, puede producir reacciones alérgicas. <em><u>Cloruro de sodio</u></em>, esencialmente “exento de sodio”.\n\nEn casos de disfunción hepática, síndrome de Gilbert, glaucoma de ángulo cerrado, pacientes susceptibles a obstrucción intestinal o urinaria y aquellos con taquiarritmias; la administración debe ser bajo control médico y de ser necesario, disminuir la dosis a un intervalo más amplio entre las tomas.\n\n<strong>CONDICIONES DE ALMACENAMIENTO</strong>\n\nAlmacenar a no más de 30 °C y protegido de la luz solar.\n\n<strong>PRESENTACIÓN </strong>\n\nESPASMODOL se presenta en frasco gotero PEMD color blanco x 15 mL. Caja x 1 frasco + prospecto.","Delta > Suspensiones\, Jarabes y Gotas",,https://laboratoriosdelta.net/wp-content/uploads/2026/02/proximo-lanzamiento-02-scaled.png,,no,yes,yes,,no,,,,no,,no,default,,default,default,default,default,set
,"DELTAGEL MS",,"<strong>COMPOSICIÓN</strong>\n\nCada 10 mL contiene:\n\nMagaldrato             1080,00 mg\n\nSimeticona               200,00 mg\n\nExcipientes                          c.s.\n\n<strong>ACCIÓN TERAPÉUTICA</strong>\n\nAntiácido - Antiflatulento\n\n<strong>INDICACIONES</strong>\n\nDELTAGEL MS está indicado para el tratamiento de gastritis, hiperacidez, úlcera péptica, esofagitis por reflujo, dispepsia y flatulencia.\n\n<strong>DOSIS:</strong> <em>Vía de administración oral.</em>\n\n<em><u>Adultos</u></em>: 10 mL a 20 mL después de las comidas.\n\n<em><u>Pediátrica</u></em>: Según criterio del médico.\n\n<strong>PRECAUCIONES</strong>\n<ul>\n 	<li>Puede existir alteraciones de la absorción de tetraciclina cuando se administra conjuntamente con este medicamento.</li>\n 	<li>Podría enmascarar síntomas de enfermedades más graves como úlceras o hemorragias digestivas.</li>\n 	<li>Puede causar diarrea con riesgo de deshidratación.</li>\n 	<li>Precaución en I.R.; riesgo de hipermagnesemia en uso prolongado e insuficiencia renal.</li>\n</ul>\n<strong>CONTRAINDICACIONES</strong>\n\nInsuficiencia renal avanzada, hipersensibilidad al principio activo o a alguno de los excipientes, porfiria, hipofosfatemia, estado de caquexia, perforación, obstrucción intestinal y niños menores de 12 años.\n\n<strong>REACCIONES ADVERSAS</strong>\n\nPodría presentar hiperalunemia, heces blandas, diarrea, estreñimiento e hipermagnesemia.\n\n<strong>USO DURANTE EL EMBARAZO Y LA LACTANCIA</strong>\n\n<em><u>Embarazo</u></em>:  No se recomienda su uso durante el primer trimestre de embarazo; posteriormente el médico debe evaluar si los beneficios superan los posibles riesgos.\n\n<em><u>Lactancia</u></em>: Usar con precaución en madres lactantes y bajo control médico. No prologar su uso más de lo necesario.\n\n<strong>INTERACCIONES</strong> <strong>MEDICAMENTOSAS</strong>\n\nLos antiácidos pueden interactuar con otros medicamentos es recomendable espaciar las tomas mínimo 1-2 h. Este medicamento puede modificar la absorción o excreción de otros medicamentos como: penicilinas, cloroquina, clorpromazina, indometacina, isoniazida, cimetidina, ciclosporinas, rosuvastatina, bifosfonatos, antivirales, retrovirales (amprenavir, atazanavir, delavirdine), ketoconazol, itraconazol, atenolol, captopril, propranolol, digitálicos, micofenolato, tacrolimus, dasatinib, erlotinib, sales de hierro, tetraciclinas, cefalosporinas, macrólidos, quinolonas (ciprofloxacina, ofloxacina y norfloxacino), dicumarol, glipizida, gliburida, aspirina, alopurinol, efedrina, litio, pseudoefedrina, quinidina. Por el contenido de simeticona puede interactuar con levotiroxina, liotironina, liotrix y tiroides desecada.\n\n<strong>ADVERTENCIAS</strong>\n\nEste medicamento contiene: <em><u>Metilparabeno y Propilparabeno</u>,</em> pueden producir reacciones alérgicas. <em><u>Sorbitol</u></em>, en caso de insuficiencia hereditaria a la fructosa (IHF) o intolerancia a ciertos azucares consultar con un médico antes de tomar este medicamento. El sorbitol puede provocar malestar gastrointestinal y un ligero efecto laxante.\n\n<strong>SOBREDOSIS</strong>\n\nNo se conocen síntomas de intoxicación aguda. En caso de sobredosis o intoxicación recurrir a un centro médico para un tratamiento sintomático y de soporte. El médico puede evaluar según niveles plasmáticos de Al y Mg, administrar desferroxiamina (quelante del Al) y/o gluconato de calcio para contrarrestar la hipermagnesemia.\n\n<strong>CONDICIONES DE ALMACENAMIENTO</strong>\n\nAlmacenar a no más de 30 °C y protegido de la luz solar.\n\n<strong>PRESENTACIÓN</strong>\n\nDELTAGEL MS se presenta en frasco PET blanco x 200 mL. Caja x 1 frasco + dosificador + prospecto.","Delta > Suspensiones\, Jarabes y Gotas",,https://laboratoriosdelta.net/wp-content/uploads/2025/10/Deltagel-MS-200-mL-copia.jpg,,no,yes,yes,,no,,,,no,,no,default,,default,default,default,default,set
,"NEXCLAV 250 mg.",,"<p style=""text-align: center;""><strong>NEXCLAV 250</strong></p>\n<strong>Amoxicilina 250 mg + Ácido clavulánico 62,5 mg</strong>\n\n<strong>Polvo para suspensión oral</strong>\n\n<strong>COMPOSICIÓN</strong>\n\nCada 5 mL de suspensión reconstituida contiene:\n\nAmoxicilina Trihidrato USP Eq. a Amoxicilina                        250 mg\n\nClavulanato de Potasio USP Eq. a Ácido Clavulánico             62,5 mg\n\nExcipientes                                                                                  c.s.\n\n<strong>ACCIÓN TERAPÉUTICA</strong>\n\nAntibiótico\n\n<strong>INDICACIONES</strong>\n\nNEXCLAV 250 indicado para el tratamiento de las siguientes infecciones en adultos y niños:\n<ul>\n 	<li>Sinusitis bacteriana aguda (con diagnóstico adecuado).</li>\n 	<li>Otitis media aguda.</li>\n 	<li>Exacerbaciones agudas de bronquitis crónica (con diagnóstico adecuado).</li>\n 	<li>Neumonía adquirida en la comunidad, cistitis, pielonefritis.</li>\n 	<li>Infecciones de piel y tejidos blandos, en particular celulitis, mordeduras de animales y</li>\n</ul>\nabscesos dentales graves con celulitis diseminada.\n<ul>\n 	<li>Infecciones óseas y articulares, en particular osteomielitis.</li>\n</ul>\n<strong>DOSIS:</strong> Vía de administración oral.\n\n<strong><em>Adultos:</em></strong> 750 mg - 1500 mg/día, fraccionada cada 8 horas.\n\n<strong><em>Pediátrica:</em></strong> 20 - 40 mg/kg peso/día, fraccionada cada 8 horas.\n\nLa dosis de amoxicilina seleccionada para tratar una infección individual debe tener en cuenta:\n<ul>\n 	<li>Los patógenos previsibles y su probable susceptibilidad a los agentes antibacterianos.</li>\n 	<li>La gravedad y la localización de la infección.</li>\n 	<li>La edad, el peso y la función renal del paciente.</li>\n</ul>\nSe debe considerar el uso de presentaciones alternativas de amoxicilina (ej., aquellas que proporcionan dosis más altas).\n\nLa   duración del tratamiento debe determinarse según la respuesta del paciente. Algunas infecciones (ej.,osteomielitis) requieren períodos de tratamiento más prolongados. El tratamiento no debe extenderse más de 14 días sin una revisión.\n\n<strong>MODO DE PREPARACIÓN</strong>\n<ol>\n 	<li>Agite bien el frasco para disolver el polvo.</li>\n 	<li>Añada lentamente agua hervida y fría hasta la marca que indica el frasco; agite vigorosamente.</li>\n 	<li>Ajuste el volumen hasta la marca añadiendo más agua si es necesario.</li>\n</ol>\nUtilice la suspensión reconstituida en un plazo de 7 días.\n\n<strong>PRECAUCIONES</strong>\n\nAntes de iniciar el tratamiento con amoxicilina/ácido clavulánico, se debe descartar reacciones de hipersensibilidad a las penicilinas, cefalosporinas u otros betalactámicos. Se han notiﬁcado reacciones de hipersensibilidad (anaﬁlactoides) graves y, en ocasiones, mortales en pacientes tratados con penicilina. Estas reacciones son más probables en personas con antecedentes de hipersensibilidad a la penicilina y en personas atópicas. Si se produce una\n\nreacción alérgica, se debe suspender el tratamiento con amoxicilina e instaurar una terapia alternativa adecuada.\n\n<strong>CONTRAINDICACIONES</strong>\n<ul>\n 	<li>Hipersensibilidad a los principios activos, a cualquiera de las penicilinas o a cualquiera de los excipientes.</li>\n 	<li>Antecedentes de una reacción de hipersensibilidad inmediata grave (ej., anaﬁlaxia) a otro agente beta-1-lactona (ej., cefalosporina, carbapenémicos o monobactam).</li>\n 	<li>Antecedentes de ictericia/insuﬁciencia hepática debida a amoxicilina.</li>\n</ul>\n<strong>REACCIONES ADVERSAS</strong>\n\nLos efectos adversos comunes son diarrea, náuseas y vómitos; los efectos raros son la leucopenia reversible, trombocitopenia, eritema multiforme.\n\n<strong>USO DURANTE EL EMBARAZO Y LA LACTANCIA</strong>\n\n<strong>Embarazo:</strong> Se debe tener precaución al prescribir a mujeres embarazadas.\n\n<strong>Lactancia:</strong> Puede administrarse durante el período de lactancia. Salvo el riesgo de sensibilización, asociado a la excreción de trazas en la leche materna, no existen efectos perjudiciales para el lactante.\n\n<strong>INTERACCIONES MEDICAMENTOSAS</strong>\n\nNo se recomienda el uso concomitante con probenecid o alopurinol por las interacciones descritas con la amoxicilina. Al igual que otros antibióticos, puede afectar la ﬂora intestinal, lo que ocasiona menor reabsorción de estrógenos y menor eﬁcacia de los anticonceptivos orales combinados.\n\n<strong>ADVERTENCIAS</strong>\n\n- El uso prolongado puede ocasionalmente provocar la proliferación de microorganismos no sensibles.\n\n- Este medicamento contiene: <em><u>Manitol</u></em>, puede producir un ligero efecto laxante.<em> <u>Aspartamo</u></em>, este excipiente contiene una fuente de fenilalanina que puede ser perjudicial en casos de padecer fenilcetonuria (FCN). <em><u>Benzoato de sodio</u></em>, puede aumentar el riesgo de ictericia (coloración amarillenta de piel y ojos) en recién nacidos (hasta de 4 semanas de edad). <em><u>Amarillo ocaso FCF</u></em>, este colorante puede producir reacciones alérgicas y provocar asma en pacientes alérgicos al ácido acetilsalicílico.\n\n<strong>SOBREDOSIS</strong>\n\nPueden presentarse síntomas gastrointestinales y alteración del equilibrio hidroelectrolítico. Los síntomas gastrointestinales pueden tratarse sintomáticamente, prestando atención al equilibrio hidroelectrolítico.\n\n<strong>CONDICIONES DE ALMACENAMIENTO</strong>\n\nConservar en lugar fresco y seco a menos de 30 °C. Proteger de la luz y la humedad.\n\nUna vez reconstituida la suspensión conservar en el refrigerador (sin congelar).\n\nMantenga el frasco bien cerrado.\n\n<strong>PRESENTACIÓN </strong>\n\nNEXCLAV 250 se presenta en frasco PEAD x 100 mL. Caja x 1 frasco + dosiﬁcador + prospecto.","Delta > Suspensiones\, Jarabes y Gotas",,https://laboratoriosdelta.net/wp-content/uploads/2026/02/proximo-lanzamiento-02-scaled.png,,no,yes,yes,,no,,,,no,,no,default,,default,default,default,default,set
,"NEXCLAV 500 mg.",,"<p style=""text-align: center;""><strong>NEXCLAV 500</strong></p>\n<strong>Amoxicilina 500 mg + Ácido clavulánico 125 mg</strong>\n\n<strong>Polvo para suspensión oral</strong>\n\n<strong>COMPOSICIÓN</strong>\n\nCada 5 mL de suspensión reconstituida contiene:\n\nAmoxicilina Trihidrato USP Eq. a Amoxicilina                      500 mg\n\nClavulanato de Potasio USP Eq. a Ácido Clavulánico           125 mg\n\nExcipientes                                                                               c.s.\n\n<strong>ACCIÓN TERAPÉUTICA</strong>\n\nAntibiótico\n\n<strong>INDICACIONES</strong>\n\nNEXCLAV 500 indicado para el tratamiento de las siguientes infecciones en adultos y niños:\n<ul>\n 	<li>Sinusitis bacteriana aguda (con diagnóstico adecuado).</li>\n 	<li>Otitis media aguda.</li>\n 	<li>Exacerbaciones agudas de bronquitis crónica (con diagnóstico adecuado).</li>\n 	<li>Neumonía adquirida en la comunidad, cistitis, pielonefritis.</li>\n 	<li>Infecciones de piel y tejidos blandos, en particular celulitis, mordeduras de animales y abscesos dentales graves con celulitis diseminada.</li>\n 	<li>Infecciones óseas y articulares, en particular osteomielitis.</li>\n</ul>\n<strong>DOSIS:</strong> Vía de administración oral.\n\n<strong><em>Adultos:</em></strong> 500 mg cada 8 horas.\n\n<strong><em>Niños con peso menor a 40 kg:</em></strong>  20 mg/kg de peso corporal cada 8 horas.\n\nLa dosis de amoxicilina seleccionada para tratar una infección individual debe tener en cuenta:\n<ul>\n 	<li>Los patógenos previsibles y su probable susceptibilidad a los agentes antibacterianos.</li>\n 	<li>La gravedad y la localización de la infección.</li>\n 	<li>La edad, el peso y la función renal del paciente.</li>\n</ul>\nSe debe considerar el uso de presentaciones alternativas de amoxicilina (ej., aquellas que\n\nproporcionan dosis más altas).\n\nLa duración del tratamiento debe determinarse según la respuesta del paciente. Algunas infecciones (ej., osteomielitis) requieren períodos de tratamiento más prolongados. El tratamiento no debe extenderse más de 14 días sin una revisión\n\n<strong>MODO DE PREPARACIÓN</strong>\n<ol>\n 	<li>Agite bien el frasco para disolver el polvo.</li>\n 	<li>Añada lentamente agua hervida y fría hasta la marca que indica el frasco; agite vigorosamente.</li>\n 	<li>Ajuste el volumen hasta la marca añadiendo más agua si es necesario.</li>\n</ol>\nUtilice la suspensión reconstituida en un plazo de 7 días.\n\n<strong>PRECAUCIONES</strong>\n\nAntes de iniciar el tratamiento con amoxicilina/ácido clavulánico, se debe descartar reacciones de hipersensibilidad a las penicilinas, cefalosporinas u otros betalactámicos. Se han notiﬁcado reacciones de hipersensibilidad (anaﬁlactoides) graves y, en ocasiones, mortales en pacientes tratados con penicilina. Estas reacciones son más probables en personas con antecedentes de hipersensibilidad a la penicilina y en personas atópicas. Si se produce una reacción alérgica, se debe suspender el tratamiento con amoxicilina e instaurar una terapia alternativa adecuada.\n\n<strong>CONTRAINDICACIONES</strong>\n<ul>\n 	<li>Hipersensibilidad a los principios activos, a cualquiera de las penicilinas o a cualquiera de los excipientes.</li>\n 	<li>Antecedentes de una reacción de hipersensibilidad inmediata grave (ej., anaﬁlaxia) a otro agente beta-1-lactona (ej., cefalosporina, carbapenémicos o monobactam).</li>\n 	<li>Antecedentes de ictericia/insuﬁciencia hepática debida a amoxicilina.</li>\n</ul>\n<strong>REACCIONES ADVERSAS</strong>\n\nLos efectos adversos comunes son diarrea, náuseas y vómitos; los efectos raros son la leucopenia reversible, trombocitopenia, eritema multiforme.\n\n<strong>USO DURANTE EL EMBARAZO Y LA LACTANCIA</strong>\n\n<strong>Embarazo:</strong> Se debe tener precaución al prescribir a mujeres embarazadas.\n\n<strong>Lactancia:</strong> Puede administrarse durante el período de lactancia. Salvo el riesgo de sensibilización, asociado a la excreción de trazas en la leche materna, no existen efectos perjudiciales para el lactante.\n\n<strong>INTERACCIONES MEDICAMENTOSAS</strong>\n\nNo se recomienda el uso concomitante con probenecid o alopurinol por las interacciones descritas con la amoxicilina.\n\nAl igual que otros antibióticos, puede afectar la ﬂora intestinal, lo que ocasiona menor reabsorción de estrógenos y menor eﬁcacia de los anticonceptivos orales combinados.\n\n<strong>ADVERTENCIAS</strong>\n\n- El uso prolongado puede ocasionalmente provocar la proliferación de microorganismos no sensibles.\n\n- Este medicamento contiene: <em><u>Manitol</u></em>, puede producir un ligero efecto laxante. <em><u>Aspartamo</u></em>, este excipiente contiene una fuente de fenilalanina que puede ser perjudicial en casos de padecer fenilcetonuria (FCN). <em><u>Benzoato de sodio</u></em>, puede aumentar el riesgo de ictericia (coloración amarillenta de piel y ojos) en recién nacidos (hasta de 4 semanas de edad). <em><u>Amarillo ocaso FCF</u></em>, este colorante puede producir reacciones alérgicas y provocar asma en pacientes alérgicos al\n\nácido acetilsalicílico.\n\n<strong>SOBREDOSIS</strong>\n\nPueden presentarse síntomas gastrointestinales y alteración del equilibrio hidroelectrolítico. Los síntomas gastrointestinales pueden tratarse sintomáticamente, prestando atención al equilibrio hidroelectrolítico.\n\n<strong>CONDICIONES DE ALMACENAMIENTO</strong>\n\nConservar en lugar fresco y seco a menos de 30 °C. Proteger de la luz y la humedad.\n\nUna vez reconstituida la suspensión conservar en el refrigerador (sin congelar).\n\nMantenga el frasco bien cerrado.\n\n<strong>PRESENTACIÓN </strong>\n\nNEXCLAV 500 se presenta en frasco PEAD x 70 mL. Caja x 1 frasco + dosiﬁcador + prospecto.","Delta > Suspensiones\, Jarabes y Gotas",,https://laboratoriosdelta.net/wp-content/uploads/2026/02/proximo-lanzamiento-02-scaled.png,,no,yes,yes,,no,,,,no,,no,default,,default,default,default,default,set
,"NEXCLAV DUO",,"<p style=""text-align: center;""><strong>NEXCLAV DUO</strong></p>\nAmoxicilina 800 mg + Ácido clavulánico 57 mg\n\nPolvo para suspensión oral\n\n<strong>COMPOSICIÓN</strong>\n\nCada 5 mL de suspensión reconstituida contiene:\n\nAmoxicilina Trihidrato USP Eq. a Amoxicilina                    800 mg\n\nClavulanato de Potasio USP Eq. a Ácido Clavulánico           57 mg\n\nExcipientes                                                                              c.s.\n\n<strong>ACCIÓN TERAPÉUTICA</strong>\n\nAntibiótico e inhibidor de betalactamasa.\n\n<strong>INDICACIONES</strong>\n\nNEXCLAV DUO indicado para el tratamiento de las siguientes infecciones en adultos y niños:\n<ul>\n 	<li>Sinusitis bacteriana aguda (con diagnóstico adecuado).</li>\n 	<li>Otitis media aguda.</li>\n 	<li>Exacerbaciones agudas de bronquitis crónica (con diagnóstico adecuado).</li>\n 	<li>Neumonía adquirida en la comunidad, cistitis, pielonefritis.</li>\n 	<li>Infecciones de piel y tejidos blandos, en particular celulitis, mordeduras de animales y abscesos dentales graves con celulitis diseminada.</li>\n 	<li>Infecciones óseas y articulares, en particular osteomielitis.</li>\n</ul>\n<strong>DOSIS:</strong> Vía de administración oral.\n\nSegún prescripción médica.\n\n<strong><em>Dosis usual en niños de 2 a 6 años:</em></strong>  2,5 mL a 5 mL cada 12 horas.\n\n<strong><em>Niños de 7 a 12 años:</em></strong> 5 mL a 10 mL cada 12 horas.\n\n<strong><em>Adultos y niños &gt; 12 años con p.c. = 40 kg:</em></strong> 875/125 mg 2-3 veces día o 1000/125 mg 2-3 veces/día.\n\nLas dosis se expresan en función del contenido de amoxicilina, excepto cuando se indican en función de un componente individual. La dosis de amoxicilina seleccionada para tratar una infección individual debe tener en cuenta:\n<ul>\n 	<li>Los patógenos previsibles y su probable susceptibilidad a los agentes antibacterianos.</li>\n 	<li>La gravedad y la localización de la infección.</li>\n 	<li>La edad, el peso y la función renal del paciente.</li>\n</ul>\nSe debe considerar el uso de presentaciones alternativas de amoxicilina (ej., aquellas que proporcionan dosis más altas).\n\nLa duración del tratamiento debe determinarse según la respuesta del paciente. Algunas infecciones (ej., osteomielitis) requieren períodos de tratamiento más prolongados. El tratamiento no debe extenderse más de 14 días sin una revisión.\n\n<strong>MODO DE PREPARACIÓN</strong>\n<ol>\n 	<li>Agite bien el frasco para disolver el polvo.</li>\n 	<li>Añada lentamente agua hervida y fría hasta la marca que indica el frasco; agite vigorosamente.</li>\n 	<li>Ajuste el volumen hasta la marca añadiendo más agua si es necesario.</li>\n</ol>\nUtilice la suspensión reconstituida en un plazo de 7 días.\n\n<strong>PRECAUCIONES</strong>\n\nAntes de iniciar el tratamiento con amoxicilina/ácido clavulánico, se debe descartar reacciones de hipersensibilidad a las penicilinas, cefalosporinas u otros betalactámicos. Se han notiﬁcado reacciones de hipersensibilidad (anaﬁlactoides) graves y, en ocasiones, mortales en pacientes tratados con penicilina. Estas reacciones son más probables en personas con antecedentes de hipersensibilidad a la penicilina y en personas atópicas. Si se produce una reacción alérgica, se debe suspender el tratamiento con amoxicilina e instaurar una terapia alternativa adecuada.\n\n<strong>CONTRAINDICACIONES</strong>\n<ul>\n 	<li>Hipersensibilidad a los principios activos, a cualquiera de las penicilinas o a cualquiera de los excipientes.</li>\n 	<li>Antecedentes de una reacción de hipersensibilidad inmediata grave (ej., anaﬁlaxia) a otro agente beta-1-lactona (ej., cefalosporina, carbapenémicos o monobactam).</li>\n 	<li>Antecedentes de ictericia/insuﬁciencia hepática debida a amoxicilina.</li>\n</ul>\n<strong>REACCIONES ADVERSAS</strong>\n\nLos efectos adversos comunes son diarrea, náuseas y vómitos; los efectos raros son la leucopenia reversible, trombocitopenia, eritema multiforme.\n\n<strong>USO DURANTE EL EMBARAZO Y LA LACTANCIA</strong>\n\n<strong>Embarazo:</strong> Se debe tener precaución al prescribir a mujeres embarazadas.\n\n<strong>Lactancia:</strong> Puede administrarse durante el período de lactancia. Salvo el riesgo de sensibilización,\n\nasociado a la excreción de trazas en la leche materna, no existen efectos perjudiciales para el lactante.\n\n<strong>INTERACCIONES MEDICAMENTOSAS</strong>\n\nNo se recomienda el uso concomitante con probenecid o alopurinol por las interacciones descritas con la amoxicilina.\n\nAl igual que otros antibióticos, puede afectar la ﬂora intestinal, lo que ocasiona menor reabsorción de estrógenos y menor eﬁcacia de los anticonceptivos orales combinados.\n\n<strong>ADVERTENCIAS</strong>\n\n- El uso prolongado puede ocasionalmente provocar la proliferación de microorganismos no sensibles.\n\n- Este medicamento contiene: <em><u>Manitol</u></em>, puede producir un ligero efecto laxante. <em><u>Aspartamo</u></em>, este excipiente contiene una fuente de fenilalanina que puede ser perjudicial en casos de padecer fenilcetonuria (FCN). <em><u>Benzoato de sodio</u></em>, puede aumentar el riesgo de ictericia (coloración amarillenta de piel y ojos) en recién nacidos (hasta de 4 semanas de edad). <em><u>Amarillo ocaso FCF</u></em>, este colorante puede producir reacciones alérgicas y provocar asma en pacientes alérgicos al\n\nácido acetilsalicílico.\n\n<strong>SOBREDOSIS</strong>\n\nPueden presentarse síntomas gastrointestinales y alteración del equilibrio hidroelectrolítico. Los síntomas gastrointestinales pueden tratarse sintomáticamente, prestando atención al equilibrio hidroelectrolítico.\n\n<strong>CONDICIONES DE ALMACENAMIENTO</strong>\n\nConservar en lugar fresco y seco a menos de 30 °C. Proteger de la luz y la humedad. Una vez reconstituida la suspensión conservar en el refrigerador (sin congelar). Mantenga el frasco bien cerrado.\n\n<strong>PRESENTACIÓN</strong>\n\nNEXCLAV DUO se presenta en frasco PEAD x 70 mL. Caja x 1 frasco + dosiﬁcador + prospecto.","Delta > Suspensiones\, Jarabes y Gotas",,https://laboratoriosdelta.net/wp-content/uploads/2026/02/proximo-lanzamiento-02-scaled.png,,no,yes,yes,,no,,,,no,,no,default,,default,default,default,default,set
,"Deltagel SS",,"<strong>COMPOSICIÓN</strong>\n\nCada 10 mL contiene:\n\nSucralfato                    2000 mg\n\nSimeticona                    200 mg\n\nExcipientes                           c.s.\n\n<strong>ACCIÓN TERAPÉUTICA</strong>\n\nAntiulceroso - Gastroprotector no sistémico - Antiflatulento\n\n<strong>INDICACIONES</strong>\n\nDELTADEL SS está indicado para casos de úlcera gástrica o duodenal, profilaxis de la hemorragia gastrointestinal debido a úlcera por estrés. Se recomienda el uso de simeticona para tratar la dispepsia, flatulencia, preparar el intestino para estudios radiográficos, aliviar los síntomas de gases (presión, distención o sensación de plenitud).\n\n<strong>DOSIS:</strong> <em>Vía de administración oral.</em>\n\n<em><u>Adultos</u></em>: 10 mL cada 12 horas, administradas con el estómago vacío de media a una hora antes de los alimentos o dos horas después de las principales comidas.\n\n<em><u>Dosis de mantenimiento</u></em>: 5 mL cada 12 horas.\n\n<strong>PRECAUCIONES</strong>\n\nTener cuidado en la administración de pacientes con insuficiencia renal grave. En niños no hay experiencia por tal motivo no administrar.\n\n<strong>CONTRAINDICACIONES</strong>\n<ul>\n 	<li>La simeticona y el sucralfato no presentan ninguna contraindicación.</li>\n</ul>\n<strong>REACCIONES ADVERSAS</strong>\n\nEl sucralfato puede presentar raras veces los siguientes efectos adversos; estreñimiento, diarrea, náuseas, molestias gástricas, boca seca, mareo, vértigo, erupciones cutáneas o insomnio. La simeticona no presenta ningún efecto secundario.\n\n<strong>USO DURANTE EL EMBARAZO Y LA LACTANCIA</strong>\n\nEs importante que consulte con su médico antes de administrar este medicamento durante el embarazo y la lactancia para evaluar el riesgo-beneficio del tratamiento.\n\n<strong>INTERACCIONES</strong> <strong>MEDICAMENTOSAS</strong>\n\nEl sucralfato puede afectar la biodisponibilidad de ciertos medicamentos como: digoxina, levotiroxina, furosemida, quinolonas, suplementos orales de fosfato, warfarina, antirretrovirales (como raltegravir y bifosfonatos, entre otros), antiácidos, fenitoína, quinidina, naproxeno, fosfato de potasio, levoketoconazol, deferasirox y baloxavir.\n\n<strong>ADVERTENCIAS</strong>\n\nEste medicamento contiene: <em><u>Metilparabeno y propilparabeno</u>,</em> pueden producir reacciones alérgicas. <em>Propilenglicol</em>, no administrar este medicamento en casos de embarazo, lactancia, insuficiencia hepática o renal a menos que esté recomendado por su médico. La administración conjunta con medicamentos que contengan propilenglicol o etanol puede provocar reacciones adversas graves en niños menores de 5 años. <em><u>Glicerina</u></em>, a dosis altas puede provocar dolor de cabeza, molestias de estómago y diarrea.\n\n<strong>SOBREDOSIS</strong>\n\nLos casos de sobredosis podrían intensificar las reacciones adversas descritas. En caso de sobredosis o intoxicación recurrir a un centro médico para un tratamiento sintomático y de soporte.\n\n<strong>CONDICIONES DE ALMACENAMIENTO</strong>\n\nAlmacenar a no más de 30 °C y protegido de la luz solar.\n\n<strong>PRESENTACIÓN</strong>\n\nDELTAGEL SS se presenta en frasco PET blanco x 200 mL. Caja x 1 frasco + dosificador + prospecto.","Delta > Suspensiones\, Jarabes y Gotas",,https://laboratoriosdelta.net/wp-content/uploads/2026/02/proximo-lanzamiento-02-scaled.png,,no,yes,yes,,no,,,,no,,no,default,,default,default,default,default,set
,"Cortirel (Prednisona 20 mg/5mL)",,"<strong>COMPOSICIÓN</strong>\n\n<u>Cada 5 mL contiene</u>:\n\nPrednisona                                20 mg\n\nExcipientes                                     c.s\n\n<strong>ACCIÓN TERAPÉUTICA</strong>\n\nCorticosteroide sistémico\n\n<strong>INDICACIONES</strong>\n\nCORTIREL está indicado en casos de insuficiencia suprarrenal crónica, síndrome adrenogenital, cuadros alérgicos, inmunosupresión, enfermedades del tejido conectivo, carditis reumática, procesos inflamatorios, procesos reumáticos autoinmunes, procesos proliferativos de la médula ósea, agranulocitosis, anemia hemolítica, enfermedad de Hodgkin, periodo de pre y post trasplante de órganos, tratamiento coadyuvante en afecciones tumorales malignas.\n\n<strong>DOSIS: </strong><em>Vía de administración oral.</em>\n\nDebe calcularse de acuerdo a la edad, peso corporal o el área de la superficie corporal del niño de 0,14 - 2 mg/kg al día o 4 - 50 mg/  de superficie corporal.\n\n<strong>PRECAUCIONES </strong>\n<ul>\n 	<li>Su empleo por periodos prolongados puede inducir alteraciones del eje hipófisis-hipotálamo-suprarrenal por lo que se debe discontinuar el medicamento en forma progresiva.</li>\n 	<li>La administración deberá ser cautelosa en casos de: embarazo, lactancia, insuficiencia cardiaca congestiva, diabetes mellitus, hipertensión arterial, SIDA, tuberculosis, glaucoma, herpes zoster o genital, infecciones digestivas o alteraciones psíquicas.</li>\n</ul>\n<strong>CONTRAINDICACIONES</strong>\n\nEn pacientes con hipersensibilidad al medicamento, úlcera gastroduodenal, infecciones micóticas severas, herpes ocular, osteomalacia, osteoporosis, diabetes, psicosis, tuberculosis activa y varicela.\n\n<strong>REACCIONES ADVERSAS</strong>\n\nPodría presentar glaucoma, catarata, hipertensión arterial, edema, retardo del crecimiento, osteoporosis, necrosis aséptica ósea, miopatía, tromboflebitis, fragilidad capilar, síndrome de Cushing, acné, hirsutismo, hiperglucemia, reacciones de hipersensibilidad, alteraciones menstruales, úlcera péptica, pancreatitis, acné, arritmias, náuseas o vómitos, estrías rojizas, hematomas no habituales, heridas que no cicatrizan.\n\n<strong>USO DURANTE EL EMBARAZO Y LA LACTANCIA</strong>\n\n<em><u>Embarazo</u></em>: La prednisona atraviesa la placenta; su uso durante el embarazo debe considerarse sólo cuando el beneficio supera el riesgo potencial.\n\n<em><u>Lactancia</u></em><em>:</em> La prednisona se excreta por la leche materna, por lo tanto, no se recomienda su administración durante la lactancia.\n\n<strong>INTERACCIONES</strong> <strong>MEDICAMENTOSAS</strong>\n\nAnfoterecina B, diuréticos, relajantes musculares, digitálicos, vacunas virales, antiácidos, anticuagulantes (warfarina, heparina), ciclofosfamida, insulina, INH, fenitoína, fenobarbital, rifampicina, carbamazepina, anticonceptivos orales y estrógenos, antiinflamatorios no esteroideos, glucósidos cardiotónicos, laxantes estimulantes, fluoroquinolonas, ketoconazol, teofilina.\n\n<strong>SOBREDOSIS</strong>\n\nLos síntomas de sobredosis corresponden a una intensificación de las reacciones adversas. En caso de sospecha de sobredosis acuda a un centro de salud para iniciar un tratamiento sintomático y de soporte.\n\n<strong>ADVERTENCIAS</strong>\n\nAl suspender la medicación, después de un tratamiento prolongado, se puede producir síndrome de deprivación caracterizado por dolor abdominal o de espalda, mareos, desmayos, fiebre, pérdida prolongada del apetito, dolor muscular o articular, sensación de falta de aire, dolores de cabeza inexplicables y continuos, cansancio o debilidad no habituales, reaparición de los síntomas de la enfermedad tratada.\n\nEste medicamento contiene:<em> <u>Glicerina</u></em>, a dosis elevada puede producir dolor de cabeza, molestias de estómago y diarrea. <em><u>Sorbitol</u></em>, en caso de insuficiencia hereditaria a la fructosa (IHF) o intolerancia a ciertos azúcares consultar con un médico antes de tomar este medicamento. El sorbitol puede provocar malestar gastrointestinal y un ligero efecto laxante. <em><u>Propilenglicol</u></em>, si está embarazada, en periodo de lactancia, padece insuficiencia renal o hepática consulte con un médico antes de tomar este medicamento. Si el niño tiene menos de 5 años de edad consulte con un médico antes de administrar este medicamento. <em><u>Benzoato de sodio</u></em>, puede aumentar el riesgo de ictericia (coloración amarillenta de la piel y los ojos) en los recién nacidos (hasta de 4 semanas de edad). <em><u>Cloruro de sodio</u></em>, esencialmente “exento de sodio”.\n\n<strong>CONDICIONES DE ALMACENAMIENTO</strong>\n\nAlmacenar a no más de 30 °C y protegido de la luz solar.\n\n<strong>PRESENTACIÓN</strong>\n\nCORTIREL se presenta en frasco PET color blanco x 60 mL. Caja x 1 frasco + dosificador + prospecto.","Delta > Suspensiones\, Jarabes y Gotas",,https://laboratoriosdelta.net/wp-content/uploads/2026/02/proximo-lanzamiento-02-scaled.png,,no,yes,yes,,no,,,,no,,no,default,,default,default,default,default,set
,"Prednisona 20 mg/5mL",,"<p style=""text-align: center;""><strong>PREDNISONA</strong></p>\n<strong>20 mg / 5 mL</strong>\n\n<strong>Suspensión oral</strong>\n\n<strong>COMPOSICIÓN</strong>\n\n<u>Cada 5 mL contiene</u>:\n\nPrednisona                                20 mg\n\nExcipientes                                     c.s\n\n<strong>ACCIÓN TERAPÉUTICA</strong>\n\nGlucocorticoide\n\n<strong>INDICACIONES</strong>\n\nIndicado en casos de insuficiencia suprarrenal crónica, síndrome adrenogenital, cuadros alérgicos, inmunosupresión, enfermedades del tejido conectivo, carditis reumática, procesos inflamatorios, procesos reumáticos autoinmunes, procesos proliferativos de la médula ósea, agranulocitosis, anemia hemolítica, enfermedad de Hodgkin, periodo de pre y post trasplante de órganos, tratamiento coadyuvante en afecciones tumorales malignas.\n\n<strong>DOSIS: </strong><em>Vía de administración oral.</em>\n\nDebe calcularse de acuerdo a la edad, peso corporal o el área de la superficie corporal del niño de 0,14 - 2 mg/kg al día o 4 - 50 mg/m2 de superficie corporal.\n\n<strong>PRECAUCIONES </strong>\n<ul>\n 	<li>Su empleo por periodos prolongados puede inducir alteraciones del eje hipófisis-hipotálamo-suprarrenal por lo que se debe discontinuar el medicamento en forma progresiva.</li>\n 	<li>La administración deberá ser cautelosa en casos de: embarazo, lactancia, insuficiencia cardiaca congestiva, diabetes mellitus, hipertensión arterial, SIDA, tuberculosis, glaucoma, herpes zoster o genital, infecciones digestivas o alteraciones psíquicas.</li>\n</ul>\n<strong>CONTRAINDICACIONES</strong>\n\nEn pacientes con hipersensibilidad al medicamento, úlcera gastroduodenal, infecciones micóticas severas, herpes ocular, osteomalacia, osteoporosis, diabetes, psicosis, tuberculosis activa y varicela.\n\n<strong>REACCIONES ADVERSAS</strong>\n\nPodría presentar glaucoma, catarata, hipertensión arterial, edema, retardo del crecimiento, osteoporosis, necrosis aséptica ósea, miopatía, tromboflebitis, fragilidad capilar, síndrome de Cushing, acné, hirsutismo, hiperglucemia, reacciones de hipersensibilidad, alteraciones menstruales, úlcera péptica, pancreatitis, arritmias, náuseas o vómitos, estrías rojizas, hematomas no habituales, heridas que no cicatrizan.\n\n<strong>USO DURANTE EL EMBARAZO Y LA LACTANCIA</strong>\n\n<em><u>Embarazo</u></em>: La prednisona atraviesa la placenta; su uso durante el embarazo debe considerarse sólo cuando el beneficio supera el riesgo potencial.\n\n<em><u>Lactancia</u></em><em>:</em> La prednisona se excreta por la leche materna, por lo tanto, no se recomienda su administración durante la lactancia.\n\n<strong>INTERACCIONES</strong> <strong>MEDICAMENTOSAS</strong>\n\nAnfoterecina B, diuréticos, relajantes musculares, digitálicos, vacunas virales, antiácidos, anticuagulantes (warfarina, heparina), ciclofosfamida, insulina, INH, fenitoína, fenobarbital, rifampicina, carbamazepina, anticonceptivos orales y estrógenos, antiinflamatorios no esteroideos, glucósidos cardiotónicos, laxantes estimulantes, fluoroquinolonas, ketoconazol, teofilina.\n\n<strong>SOBREDOSIS</strong>\n\nLos síntomas de sobredosis corresponden a una intensificación de las reacciones adversas. En caso de sospecha de sobredosis acuda a un centro de salud para iniciar un tratamiento sintomático y de soporte.\n\n<strong>ADVERTENCIAS</strong>\n\nAl suspender la medicación, después de un tratamiento prolongado, se puede producir síndrome de deprivación caracterizado por dolor abdominal o de espalda, mareos, desmayos, fiebre, pérdida prolongada del apetito, dolor muscular o articular, sensación de falta de aire, dolores de cabeza inexplicables y continuos, cansancio o debilidad no habituales, reaparición de los síntomas de la enfermedad tratada.\n\nEste medicamento contiene:<em> <u>Glicerina</u></em>, a dosis elevada puede producir dolor de cabeza, molestias de estómago y diarrea. <em><u>Sorbitol</u></em>, en caso de insuficiencia hereditaria a la fructosa (IHF) o intolerancia a ciertos azúcares consultar con un médico antes de tomar este medicamento. El sorbitol puede provocar malestar gastrointestinal y un ligero efecto laxante. <em><u>Propilenglicol</u></em>, si está embarazada, en periodo de lactancia, padece insuficiencia renal o hepática consulte con un médico antes de tomar este medicamento. Si el niño tiene menos de 5 años de edad consulte con un médico antes de administrar este medicamento. <em><u>Benzoato de sodio</u></em>, puede aumentar el riesgo de ictericia (coloración amarillenta de la piel y los ojos) en los recién nacidos (hasta de 4 semanas de edad). <em><u>Cloruro de sodio</u></em>, esencialmente “exento de sodio”.\n\n<strong>CONDICIONES DE ALMACENAMIENTO</strong>\n\nAlmacenar a no más de 30 °C y protegido de la luz solar.\n\n<strong>PRESENTACIÓN</strong>\n\nFrasco PET color blanco x 60 mL. Caja x 1 frasco + dosificador + prospecto.","Delta > Suspensiones\, Jarabes y Gotas",,https://laboratoriosdelta.net/wp-content/uploads/2026/02/proximo-lanzamiento-02-scaled.png,,no,yes,yes,,no,,,,no,,no,default,,default,default,default,default,set
,"DOLOMIL - Paracetamol 1 g comprimido",,"<b>DOLOMIL</b>\nParacetamol 1 g comprimido\n\n<strong>COMPOSICIÓN</strong>\n\n<u>Cada comprimido recubierto contiene</u>:\n\nParacetamol                      1000 mg\n\nExcipientes                      c.s.\n\n<strong>ACCIÓN TERAPÉUTICA </strong>\n\nAnalgésico - Antipirético\n\n<strong>INDICACIONES</strong>\n\nDOLOMIL está indicado para el tratamiento sintomático del dolor moderado y la ﬁebre. Paracetamol calma el dolor y baja la ﬁebre en procesos donde existen molestias, reacciones dolorosas y febriles debidas a la vacunación, dentición, cefalea, neuralgia, odontalgia y dolores traumáticos no intensos.\n\n<strong>DOSIS:</strong> <em>Vía de administración oral.</em>\n\n<em><u>Adultos y mayores de 15 años</u></em>: 1 comprimido cada 6 horas.\n\n<em><u>Dosis máxima</u></em>: No tomar más de 4 g de Paracetamol en 24 horas.\n\n<strong>PRECAUCIONES </strong>\n<ul>\n 	<li>En caso de insuficiencia renal y/o hepática.</li>\n 	<li>En niños menores de 2 años debe administrarse bajo vigilancia médica.</li>\n 	<li>Consulte a su médico si los síntomas persisten o empeoran.</li>\n</ul>\n<strong>CONTRAINDICACIONES</strong>\n\nHipersensibilidad al Paracetamol, enfermedad hepática, hepatitis viral o insuficiencia renal grave.\n\n<strong>REACCIONES ADVERSAS</strong>\n\nPodría presentar reacciones de hipersensibilidad, pancitopenia, anemia hemolítica, metahemoglobinemia, agranulocitosis, hepatotoxicidad, cólico renal, encefalopatía hepática e hipoglucemia.\n\n<strong>USO DURANTE EL EMBARAZO Y LA LACTANCIA</strong>\n\nDurante ambas etapas no se han descrito problemas en humanos. Si es clínicamente necesario se recomienda usar Paracetamol en una dosis mínima eficaz durante el menor tiempo posible.\n\n<strong>INTERACCIONES</strong> <strong>MEDICAMENTOSAS</strong>\n\nNo administrar simultáneamente con alcohol, anticoagulantes orales, isoniazida, anticonvulsivantes, estrógenos, diuréticos del asa, anticolinérgicos, lamotrigina, zidovudina, probenecid, isoniazida, propranolol, colestiramina, metoclopramida, domperidona, rifampicina y cloranfenicol.\n\n<strong>SOBREDOSIS</strong>\n\nLos síntomas se manifiestan a nivel nervioso, digestivo y cardiovascular; puede producir lesión hepática con el uso a largo plazo a dosis elevadas. El tratamiento consiste en suspender el uso del medicamento, recurrir a un centro médico para una terapia sintomática y de apoyo.\n\n<strong>ADVERTENCIAS</strong>\n\nRiesgo de daño hepático en niños menores a 2 años debe usarse bajo vigilancia médica<strong>.</strong>\n\nEste medicamento contiene: <em><u>Glicerina</u></em>, a dosis elevadas puede producir dolor de cabeza, molestias de estómago y diarrea. <em><u>Almidón de maíz y almidón glicolato de sodio derivado de la patata</u>, (libre de gluten). </em>\n\n<strong>CONDICIONES DE ALMACENAMIENTO</strong>\n\nAlmacenar a no más de 30 °C y protegidos de la luz solar.\n\n<strong>PRESENTACIÓN</strong>\n\nDolomil 1 g comprimido se presenta en blíster PVC-ALU x 10 comprimidos. Caja x 20 comprimidos + prospecto.\n\n&nbsp;","Delta > Comprimidos\, Cápsulas\, Sobres\, Tabletas",,https://laboratoriosdelta.net/wp-content/uploads/2026/02/proximo-lanzamiento-02-scaled.png,,no,yes,yes,,no,,,,no,,no,default,,default,default,default,default,set
,"V-PRA 10",,,"Synthera > LS Comprimidos",,https://laboratoriosdelta.net/wp-content/uploads/2026/02/proximo-lanzamiento-02-scaled.png,,no,yes,yes,,no,,,,no,,no,default,,default,default,default,default,set
,"EMPAMET 862",,,"Synthera > LS Comprimidos",,https://laboratoriosdelta.net/wp-content/uploads/2026/02/proximo-lanzamiento-02-scaled.png,,no,yes,yes,,no,,,,no,,no,default,,default,default,default,default,set
,"OZEMA 0.5",,,"Synthera > LS Inyectables",,https://laboratoriosdelta.net/wp-content/uploads/2026/02/proximo-lanzamiento-02-scaled.png,,no,yes,yes,,no,,,,no,,no,default,,default,default,default,default,set
,"OZEMA 0.25",,,"Synthera > LS Inyectables",,https://laboratoriosdelta.net/wp-content/uploads/2026/02/proximo-lanzamiento-02-scaled.png,,no,yes,yes,,no,,,,no,,no,default,,default,default,default,default,set
,"OZEMA 1",,,"Synthera > LS Inyectables",,https://laboratoriosdelta.net/wp-content/uploads/2026/02/proximo-lanzamiento-02-scaled.png,,no,yes,yes,,no,,,,no,,no,default,,default,default,default,default,set
,"OZEMA 1.7",,,"Synthera > LS Inyectables",,https://laboratoriosdelta.net/wp-content/uploads/2026/02/proximo-lanzamiento-02-scaled.png,,no,no,no,,no,,,,no,,no,default,,default,default,default,default,set
,"OZEMA 2.4",,,"Synthera > LS Inyectables",,https://laboratoriosdelta.net/wp-content/uploads/2026/02/proximo-lanzamiento-02-scaled.png,,no,no,no,,no,,,,no,,no,default,,default,default,default,default,set
,"V-PRA 20",,,"Synthera > LS Comprimidos, Synthera",,https://laboratoriosdelta.net/wp-content/uploads/2026/02/proximo-lanzamiento-02-scaled.png,,no,yes,yes,,no,,,,no,,no,default,,default,default,default,default,set
,"EMPAMET 855",,,"Synthera > LS Comprimidos, Synthera",,https://laboratoriosdelta.net/wp-content/uploads/2026/02/proximo-lanzamiento-02-scaled.png,,no,yes,yes,,no,,,,no,,no,default,,default,default,default,default,set
,"EMPAMET 860",,,"Synthera > LS Comprimidos",,https://laboratoriosdelta.net/wp-content/uploads/2026/02/proximo-lanzamiento-02-scaled.png,,no,no,no,,no,,,,no,,no,default,,default,default,default,default,set
,"EMPAMET 875",,,"Synthera > LS Comprimidos, Synthera",,https://laboratoriosdelta.net/wp-content/uploads/2026/02/proximo-lanzamiento-02-scaled.png,,no,yes,yes,,no,,,,no,,no,default,,default,default,default,default,set
,"DOLOMIL - Paracetamol 125  mg. comprimido masticable",,"<strong>DOLOMIL</strong>\nParacetamol 125  mg. comprimido masticable\n\n<strong><u>Cada comprimido masticable</u></strong><strong style=""font-size: 16px;""><u> contiene</u>:</strong>\n\nParacetamol                                    125 mg\nExcipientes                                             c.s.\n\n<strong>ACCIÓN TERAPÉUTICA </strong>\n\nAnalgésico - Antipirético\n\n<strong>INDICACIONES</strong>\n\nDOLOMIL está indicado para el tratamiento sintomático del dolor moderado y la ﬁebre; en procesos donde existen molestias, reacciones dolorosas y febriles debidas a la vacunación, dentición, cefalea, neuralgia, odontalgia y dolores traumáticos no intensos.\n\n<strong>DOSIS:</strong> <em>Vía de administración oral.</em>\n\nNiños de 2 a 5 años: 1 comprimido cada 6 horas.\n\nNiños de 6 a 12 años: 2 a 4 comprimidos cada 6 horas.\n\n<strong>Dosis máxima</strong>: No tomar más de 4 g de Paracetamol en 24 horas.\n\n<strong>PRECAUCIONES </strong>\n<ul>\n 	<li>Su empleo a dosis altas y por tiempo prolongado puede provocar daño digestivo, hepático o enfermedad renal.</li>\n 	<li>Precaución en la administración a ancianos, cardiópatas, hipertensos o deshidratados.</li>\n 	<li>Cautela en pacientes con enfermedades graves como insuficiencia renal, sepsis, desnutrición, alcoholismo, o tratados con flucloxacilina; debido al riesgo de acidosis metabólica.</li>\n 	<li>En niños menores de 2 años debe administrarse bajo vigilancia médica por el riesgo de daño hepático.</li>\n 	<li>Consulte a su médico si los síntomas persisten o empeoran.</li>\n</ul>\n<strong>CONTRAINDICACIONES</strong>\n\nHipersensibilidad al paracetamol, enfermedad hepática, hepatitis viral o insuficiencia renal grave.\n\n<strong>REACCIONES ADVERSAS</strong>\n\nPodría presentar reacciones de hipersensibilidad, pancitopenia, anemia hemolítica, metahemoglobinemia, hepatotoxicidad, cólico renal, encefalopatía hepática, acidosis metabólica con alta brecha aniónica e hipoglucemia.\n\n<strong>USO DURANTE EL EMBARAZO Y LA LACTANCIA</strong>\n\nDurante ambas etapas no se han descrito problemas en humanos. Si es clínicamente necesario se recomienda usar paracetamol en una dosis mínima eficaz durante el menor tiempo posible.\n\n<strong>INTERACCIONES</strong> <strong>MEDICAMENTOSAS</strong>\n\nNo administrar simultáneamente con alcohol, anticoagulantes orales, anticonvulsivantes (hidantoína, lamotrigina), estrógenos, diuréticos del asa, glucósidos digitálicos (digoxina), anticolinérgicos, bloqueantes beta adrenérgicos (propranolol), zidovudina, probenecid, colestiramina, disulfiram, metoclopramida, domperidona, haloperidol, isoniazida, rifampicina, flucloxacilina, cloranfenicol, medicamentos hepatotóxicos, suplementos de hierro y litio.\n\n<strong>SOBREDOSIS</strong>\n\nLos síntomas se manifiestan a nivel nervioso, digestivo y cardiovascular; puede producir lesión hepática con el uso a largo plazo a dosis elevadas. El tratamiento consiste en suspender el uso del medicamento, recurrir a un centro médico para una terapia sintomática y de apoyo. El antídoto estándar para la intoxicación por paracetamol es la N-acetilcisteína.\n\n<strong>ADVERTENCIAS</strong>\n\nSe han notificado casos de acidosis metabólica con desequilibrio aniónico alto en pacientes con insuficiencia renal grave, sepsis, desnutrición y alcoholismo crónico que fueron tratados con paracetamol a dosis terapéuticas por un periodo prolongado o en casos de uso combinado con flucloxacilina.\n\nEste medicamento contiene: <em><u>Benzoato de sodio</u>,</em> puede irritar ligeramente los ojos, la piel y las mucosas. Puede aumentar el riesgo de coloración amarillenta en la piel (ictericia) en recién nacidos. <em><u>Rojo ponceau 4R y color rojo laca alumínica #40</u>,</em> estos colorantes pueden causar reacciones de tipo alérgico incluido asma especialmente en pacientes alérgicos al ácido acetilsalicílico. <em><u>Sacarosa</u></em>, si padece una intolerancia a ciertos azúcares, consulte con su médico antes de tomar este medicamento. <em><u>Almidón de maíz y almidón glicolato de sodio derivado de la patata</u>, libre de gluten</em>. <em><u>Cloruro de sodio</u></em>, esencialmente “exento de sodio”.\n\n<strong>CONDICIONES DE ALMACENAMIENTO</strong>\n\nAlmacenar a no más de 30 °C y protegido de la luz solar.\n\n<strong>PRESENTACIÓN</strong>\n\nBlíster PVC-ALU x 10 comprimidos. Caja x 30 comprimidos + prospecto.","Delta > Comprimidos\, Cápsulas\, Sobres\, Tabletas, Delta",,https://laboratoriosdelta.net/wp-content/uploads/2026/02/proximo-lanzamiento-02-scaled.png,,no,yes,yes,,no,,,,no,,no,default,,default,default,default,default,set
,"Ketoprofeno 100 mg",,"<strong>KETOPROFENO (100 mg)</strong>\n\n<strong>COMPOSICIÓN</strong>\n\n<u>Cada cápsula con microgránulos de liberación sostenida contiene:</u>\n\nKetoprofeno                         100 mg\n\nExcipientes                                 c.s.\n\n<strong>ACCIÓN TERAPÉUTICA</strong>\n\nAnalgésico - Antiinflamatorio no esteroideo\n\n<strong>INDICACIONES</strong>\n\nIndicado para el tratamiento de artritis reumatoide, artrosis, periartritis, lumbalgias, torticolis, fibrositis, dismenorrea.\n\n<strong>DOSIS: </strong><em>Vía de administración oral.</em>\n\n<em><u>Adultos</u></em>: 1 cápsula cada 8 a 12 horas.\n\n<strong>PRECAUCIONES</strong>\n<ul>\n 	<li>Úlcera péptica activa o deterioro de la función hepática, en niños, asma bronquial o enfermedades alérgicas.</li>\n</ul>\n<strong>CONTRAINDICACIONES</strong>\n\nHipersensibilidad al principio activo, ulcera gastroduodenal, insuficiencia renal severa, tratamiento anticoagulante en curso, embarazo y lactancia.\n\n<strong>REACCIONES ADVERSAS</strong>\n\nPuede presentar hemorragia digestiva, cefaleas, somnolencias, vértigos, hipersensibilidad, crisis asmática.\n\n<strong>USO DURANTE EL EMBARAZO Y LA LACTANCIA</strong>\n\nNo se recomienda su uso durante el embarazo o lactancia. En caso de no existir otra alternativa terapéutica se debe suspender la lactancia.\n\n<strong>INTERACCIONES</strong> <strong>MEDICAMENTOSAS</strong>\n\nNo administrar conjuntamente con salicilatos, anticoagulantes, litio y metotrexato.\n\nCautela en las asociaciones con: diuréticos, pentoxifilina, inhibidores de la ECA y antagonistas de angiotensina II, tenofovir, nicorandil, glucósidos cardíacos, ciclosporina, tracrolimus, trombolíticos, inhibidores selectivos de la recaptación de serotonina (ISRS).\n\n<strong>ADVERTENCIAS</strong>\n\nEste medicamento contiene: <em><u>Lactosa</u></em>, si padece una intolerancia a ciertos azúcares, consulte con su médico antes de tomar este medicamento. <em><u>Almidón de maíz</u> (libre de gluten)</em>.\n\nSe han descrito hemorragias gastrointestinales, úlceras o perforaciones que pueden ser mortales con todos los AINEs.\n\nPacientes con antecedentes de hipertensión y/o insuficiencia cardíaca congestiva leve o moderada requieren de un seguimiento médico ya que se han descrito casos de retención de líquidos y edema asociados al tratamiento con AINEs.\n\n<strong>SOBREDOSIS</strong>\n\nLos síntomas de sobredosis aguda de AINEs se manifiestan con letargo, somnolencia, náuseas, vómitos, dolor epigástrico, hemorragia gastrointestinal.\n\nEn caso de sospecha de sobredosis acuda a un centro de salud para iniciar un tratamiento sintomático y de soporte. La hemodiálisis puede resultar útil para la eliminación de ketoprofeno en casos de fallo renal.\n\n<strong>CONDICIONES DE ALMACENAMIENTO</strong>\n\nAlmacenar a no más de 30 °C y protegido de la luz solar.\n\n<strong>PRESENTACIÓN</strong>\n\nBlíster ALU-ALU x 10 cápsulas. Caja x 20 cápsulas+ prospecto.","Delta > Comprimidos\, Cápsulas\, Sobres\, Tabletas, Delta",,https://laboratoriosdelta.net/wp-content/uploads/2026/02/proximo-lanzamiento-02-scaled.png,,no,yes,yes,,no,,,,no,,no,default,,default,default,default,default,set
,"Olmstar (Olmesartán Medoxomilo 40 mg)",,"<b>Olmstar </b>\n<b>(Olmesartán Medoxomilo 40 mg) comprimidos recubiertos</b>\n\n<strong>COMPOSICIÓN</strong>\n\nCada comprimido recubierto contiene:\n\nOlmesartán medoxomilo          40 mg\n\nExcipientes                                    c.s.\n\n<strong>ACCIÓN TERAPÉUTICA</strong>\n\nAntihipertensivo\n\n<strong>INDICACIONES</strong>\n\nOLMSTAR está indicado para el tratamiento de hipertensión como monoterapia o en combinación con otros agentes antihipertensivos.\n\n<strong>DOSIS: </strong><em>Vía de administración oral.</em>\n\n<em><u>Adultos</u></em><em>: dosis inicial 20 mg por día, se puede incrementar hasta un máximo de 40 mg una vez al día. </em>\n\n<em><u>Dosis pediátrica</u></em><em>: según criterio médico.</em>\n\n<strong>PRECAUCIONES</strong>\n<ul>\n 	<li>Pacientes menores de 18 años y mayores de 65 años, hipotensión, desequilibrio hidroelectrolítico, deterioro de la función hepática y renal.</li>\n 	<li>Depleción del volumen intravascular, diabéticos, patologías cardiacas, alteraciones en el sistema renina-angiotensina-aldosterona, estenosis lateral o bilateral de la arteria renal, acidosis metabólica, lisis celular  (por  ejemplo,  isquemia  aguda  de  las  extremidades,  rabdomiólisis,  traumatismo  extendido).</li>\n 	<li>Precaución con el uso concomitante de medicamentos que afectan al sistema renina-angiotensina-aldosterona, suplementos de potasio, no es recomendado el uso de litio con olmesartán medoxomilo.</li>\n 	<li>Si durante el tratamiento presenta síntomas de enteropatía tipo esprúe (diarrea, pérdida de peso entre otros síntomas) se debe suspender la medicación y acudir al médico.</li>\n</ul>\n<strong>CONTRAINDICACIONES</strong>\n\nHipersensibilidad al olmesartán medoxomilo o algún componente del producto, embarazo o lactancia, insuficiencia cardiaca congestiva, daño hepático moderado, estenosis de la arteria renal unilateral o bilateral o daño en la función renal y obstrucción biliar.\n\n<strong>REACCIONES ADVERSAS</strong>\n\nBronquitis, hematuria, infección del tracto respiratorio superior, hiperuricemia, taquicardia, infección del tracto urinario, hipotensión, angioedema, rabdomiolisis, dolor de espalda, diarrea, mareo, dolor de cabeza, hiperglicemia, hipertriglicemia, síntomas similares a la gripe, faringitis, rinitis, sinusitis, dolor abdominal, dolor de pecho, hematuria, gastroenteritis, artritis y dolor esquelético.\n\n<strong>USO DURANTE EL EMBARAZO Y LA LACTANCIA</strong>\n\nNo se recomienda la administración de este medicamento durante el embarazo o lactancia.\n\n<strong>INTERACCIONES</strong> <strong>MEDICAMENTOSAS</strong>\n\nSe han descrito interacciones con otros medicamentos antihipertensivos (ECA - ARA II o aliskiren), suplementos de potasio, diuréticos ahorradores de potasio, AINEs, antiácidos (hidróxido de aluminio y magnesio), colesevelam y litio.\n\n<strong>ADVERTENCIAS</strong>\n\nEste medicamento contiene <em><u>lactosa</u>, </em>si padece una intolerancia a ciertos azúcares, consulte con su médico antes de tomar este medicamento.\n\n<strong>SOBREDOSIS</strong>\n\nLos síntomas de sobredosis corresponden a una intensificación de las reacciones adversas.\n\nEn caso de sobredosis o ingestión accidental acuda a un centro de salud para iniciar un tratamiento sintomático y de soporte.\n\n<strong>CONDICIONES DE ALMACENAMIENTO</strong>\n\nAlmacenar a no más de 30 °C y protegido de la luz.\n\n<strong>PRESENTACIÓN</strong>\n\nOLMSTAR se presenta en blíster ALU-ALU x 10 comprimidos recubiertos. Caja x 30 comprimidos recubiertos + prospecto.","Delta > Comprimidos\, Cápsulas\, Sobres\, Tabletas, Delta",,https://laboratoriosdelta.net/wp-content/uploads/2026/02/proximo-lanzamiento-02-scaled.png,,no,yes,yes,,no,,,,no,,no,default,,default,default,default,default,set
,"Gas-X (Simeticona 300 mg)",,"<b>Gas-X </b>\n<b>(Simeticona 300 mg) cápsulas</b>\n\n<strong>COMPOSICIÓN</strong>\n\n<u>Cada cápsula contiene</u>:\n\nSimeticona                        300 mg\n\nExcipientes                              c.s.\n\n<strong>ACCIÓN TERAPÉUTICA</strong>\n\nAntiflatulento\n\n<strong>INDICACIONES</strong>\n\nGAS-X indicado para casos de meteorismos, molestias gástricas como gastritis, preparación para exploraciones del tubo digestivo (endoscopia y radiología), trastornos digestivos en operaciones del tubo digestivo y vesícula biliar.\n\n<strong>DOSIS: </strong><em>Vía de administración oral.</em>\n\n<u>Adultos</u>: 1 a 2 cápsulas después de las comidas.\n\n<strong>PRECAUCIONES</strong>\n<ul>\n 	<li>Embarazo, lactancia, hipertrofia prostática benigna y glaucoma.</li>\n</ul>\n<strong>CONTRAINDICACIONES</strong>\n\nNo administrar en pacientes cuya estimulación de la motilidad gástrica pueda resultar perjudicial, pacientes con disquinesia tardía o neurolépticos, hipersensibilidad al principio activo.\n\n<strong>REACCIONES ADVERSAS</strong>\n\nPuede presentar respiración rápida o irregular, sarpullido, urticaria, prurito y problemas respiratorios.\n\n<strong>USO DURANTE EL EMBARAZO Y LA LACTANCIA</strong>\n\nEn caso de embarazo, lactancia o intenciones de quedar embarazada consultar con un médico antes de utilizar este medicamento.\n\n<strong>INTERACCIONES</strong> <strong>MEDICAMENTOSAS</strong>\n\nEfecto disminuido por suplementos de hierro, se recomienda distanciar a 2 h las tomas.\n\n<strong>ADVERTENCIAS</strong>\n\nSi los síntomas empeoran, o si persisten después de 10 días consulte con un médico.\n\n<strong>SOBREDOSIS</strong>\n\nLa simeticona es una sustancia inerte, que no se absorbe a nivel sistémico. Por lo tanto, es improbable la aparición de efectos sistémicos tóxicos.\n\nEn caso de sobredosis accidental o deliberada, acudir a un centro médico para un tratamiento sintomático y de soporte.\n\n<strong>CONDICIONES DE ALMACENAMIENTO</strong>\n\nAlmacenar a no más de 30 °C y protegidos de la luz solar.\n\n<strong>PRESENTACIÓN</strong>\n\nGAS-X se presenta en blíster ALU-ALU x 10 cápsulas. Caja x 20 cápsulas + prospecto.","Delta > Comprimidos\, Cápsulas\, Sobres\, Tabletas, Delta",,https://laboratoriosdelta.net/wp-content/uploads/2026/02/proximo-lanzamiento-02-scaled.png,,no,yes,yes,,no,,,,no,,no,default,,default,default,default,default,set
,"Dolomil (Paracetamol 250 mg)",,"<strong>DOLOMIL </strong>\n<strong>Paracetamol 250 mg/5mL jarabe</strong>\n\n<strong>COMPOSICIÓN</strong>\n\n<u>Cada 5 mL contiene</u>:\n\nParacetamol                                    250 mg\n\nExcipientes                                         c.s.\n\n<strong>ACCIÓN TERAPÉUTICA </strong>\n\nAnalgésico - Antipirético\n\n<strong>INDICACIONES</strong>\n\nDOLOMIL está indicado para el tratamiento sintomático del dolor moderado y la ﬁebre; en procesos donde existen molestias, reacciones dolorosas y febriles debidas a la vacunación, dentición, cefalea, neuralgia, odontalgia y dolores traumáticos no intensos.\n\n<strong>DOSIS:</strong> <em>Vía de administración oral.</em>\n\nNiños: 2,5 mL cada 6 horas.\n\nAdultos: 10 mL cada 6 horas.\n\n<strong>Dosis máxima</strong>: No tomar más de 4 g de Paracetamol en 24 horas.\n\n<strong>PRECAUCIONES </strong>\n<ul>\n 	<li>Su empleo a dosis altas y por tiempo prolongado puede provocar daño digestivo, hepático o enfermedad renal.</li>\n 	<li>Precaución en la administración a ancianos, cardiópatas, hipertensos o deshidratados.</li>\n 	<li>Cautela en pacientes con enfermedades graves como insuficiencia renal, sepsis, desnutrición, alcoholismo, o tratados con flucloxacilina; debido al riesgo de acidosis metabólica.</li>\n 	<li>En niños menores de 2 años debe administrarse bajo vigilancia médica por el riesgo de daño hepático.</li>\n 	<li>Consulte a su médico si los síntomas persisten o empeoran.</li>\n</ul>\n<strong>CONTRAINDICACIONES</strong>\n\nHipersensibilidad al paracetamol, enfermedad hepática, hepatitis viral o insuficiencia renal grave.\n\n<strong>REACCIONES ADVERSAS</strong>\n\nPodría presentar reacciones de hipersensibilidad, pancitopenia, anemia hemolítica, metahemoglobinemia, hepatotoxicidad, cólico renal, encefalopatía hepática, acidosis metabólica con alta brecha aniónica e hipoglucemia.\n\n<strong>USO DURANTE EL EMBARAZO Y LA LACTANCIA</strong>\n\nDurante ambas etapas no se han descrito problemas en humanos. Si es clínicamente necesario se recomienda usar paracetamol en una dosis mínima eficaz durante el menor tiempo posible.\n\n<strong>INTERACCIONES</strong> <strong>MEDICAMENTOSAS</strong>\n\nNo administrar simultáneamente con alcohol, anticoagulantes orales, anticonvulsivantes (hidantoína, lamotrigina), estrógenos, diuréticos del asa, glucósidos digitálicos (digoxina), anticolinérgicos, bloqueantes beta adrenérgicos (propranolol), zidovudina, probenecid, colestiramina, disulfiram, metoclopramida, domperidona, haloperidol, isoniazida, rifampicina, flucloxacilina, cloranfenicol, medicamentos hepatotóxicos, suplementos de hierro y litio.\n\n<strong>SOBREDOSIS</strong>\n\nLos síntomas se manifiestan a nivel nervioso, digestivo y cardiovascular; puede producir lesión hepática con el uso a largo plazo a dosis elevadas. El tratamiento consiste en suspender el uso del medicamento, recurrir a un centro médico para una terapia sintomática y de apoyo. El antídoto estándar para la intoxicación por paracetamol es la N-acetilcisteína.\n\n<strong>ADVERTENCIAS</strong>\n\nSe han notificado casos de acidosis metabólica con desequilibrio aniónico alto en pacientes con insuficiencia renal grave, sepsis, desnutrición y alcoholismo crónico que fueron tratados con paracetamol a dosis terapéuticas por un periodo prolongado o en casos de uso combinado con flucloxacilina.\n\nEste medicamento contiene: <em><u>Bisulfito de sodio</u></em>, puede producir reacciones alérgicas graves y broncoespasmo (sensación repentina de ahogo). <em><u>Propilenglicol</u></em>, su contenido es de 2352,80 mg cada 5 mL de jarabe, puede producir efectos parecidos a los que se producen al beber alcohol e incrementa la probabilidad de los efectos adversos; esto puede disminuir la capacidad para conducir o manejar maquinaria. La dosis pediátrica debe ser prescrita por un médico.  <em><u>Etanol</u></em>, su contenido es de 250 mg cada 5 mL, debe tenerse en cuenta en el caso de mujeres embarazadas o en periodos de lactancia, niños y grupos de alto riesgo, como pacientes con enfermedades del hígado o epilepsia. <em><u>Sorbitol</u></em>, si padece intolerancia hereditaria a la fructosa (IHF) consulte con su médico antes de tomar este medicamento. El sorbitol puede provocar malestar gastrointestinal y un ligero efecto laxante.<em> <u>Propilparabeno y metilparabeno</u>, </em>puede producir reacciones alérgicas. <em> <u>Cloruro de sodio</u></em>, esencialmente “exento de sodio”.\n\n<strong>CONDICIONES DE ALMACENAMIENTO</strong>\n\nLas presentaciones de DOLOMIL deben ser almacenados a no más de 30 °C y protegidos de la luz solar.\n\n<strong>PRESENTACIÓN</strong>\n\nFrasco PET x 100 mL. Caja x 1 frasco + dosificador + prospecto.","Delta, Delta > Suspensiones\, Jarabes y Gotas",,https://laboratoriosdelta.net/wp-content/uploads/2026/02/proximo-lanzamiento-02-scaled.png,,no,yes,yes,,no,,,,no,,no,default,,default,default,default,default,set
,Lipezet,,<b>Lipezet</b>,"Synthera > LS Comprimidos, Synthera",,https://laboratoriosdelta.net/wp-content/uploads/2026/02/proximo-lanzamiento-02-scaled.png,,no,yes,yes,,no,,,,no,,no,default,,default,default,default,default,set
